ticker,date,open,high,low,close,adj_close,change,volume
BRK.B,"Aug 21, 2026",498.5,501.0,495.68,495.82,495.82,-0.0021,4598255
BRK.B,"Aug 20, 2026",499.65,500.44,496.48,496.86,496.86,-0.0055000000000000005,3267221
BRK.B,"Aug 19, 2026",503.41,507.07,499.41,499.62,499.62,-0.0066,3507845
BRK.B,"Aug 18, 2026",501.04,504.5,499.6,502.96,502.96,0.0095,3341550
BRK.B,"Aug 17, 2026",504.45,505.31,498.07,498.23,498.23,-0.0115,4726975
BRK.B,"Aug 14, 2026",507.24,509.17,503.77,504.03,504.03,-0.005699999999999999,3944248
BRK.B,"Aug 13, 2026",511.29,512.01,505.56,506.93,506.93,-0.006,4698722
BRK.B,"Aug 12, 2026",513.98,514.38,507.96,510.0,510.0,-0.0124,4505990
BRK.B,"Aug 11, 2026",528.76,530.3,515.65,516.38,516.38,-0.0246,4631376
BRK.B,"Aug 10, 2026",524.6,537.74,523.0,529.42,529.42,0.0146,5996115
BRK.B,"Aug 7, 2026",520.26,521.99,517.43,521.8,521.8,-0.0054,3595366
BRK.B,"Aug 6, 2026",524.11,525.44,517.21,524.61,524.61,0.0111,4340152
BRK.B,"Aug 5, 2026",519.0,519.77,512.2,518.85,518.85,0.0032,3696847
BRK.B,"Aug 4, 2026",512.07,517.77,508.81,517.22,517.22,0.008,4733064
BRK.B,"Aug 3, 2026",514.93,520.67,510.83,513.14,513.14,0.0031,4201505
BRK.B,"Jul 31, 2026",508.99,513.03,506.7,511.54,511.54,0.0036,3917841
BRK.B,"Jul 30, 2026",505.98,509.91,501.27,509.68,509.68,0.001,3966584
BRK.B,"Jul 29, 2026",511.44,513.36,507.2,509.16,509.16,-0.0063,4871865
BRK.B,"Jul 28, 2026",500.33,513.44,499.5,512.37,512.37,0.030600000000000002,6332878
BRK.B,"Jul 27, 2026",497.25,498.77,493.97,497.18,497.18,0.0045000000000000005,3471993
BRK.B,"Jul 24, 2026",491.43,497.29,490.25,494.93,494.93,0.0083,3901045
BRK.B,"Jul 23, 2026",488.4,491.0,486.06,490.85,490.85,0.003,2868469
BRK.B,"Jul 22, 2026",490.5,492.32,487.81,489.39,489.39,-0.0005,3156876
BRK.B,"Jul 21, 2026",489.0,491.2,487.38,489.65,489.65,-0.0033,4003420
BRK.B,"Jul 20, 2026",490.49,492.25,488.91,491.25,491.25,0.0007000000000000001,3371475
BRK.B,"Jul 17, 2026",495.51,502.99,490.48,490.91,490.91,-0.0045000000000000005,5520327
BRK.B,"Jul 16, 2026",489.93,493.15,486.17,493.12,493.12,0.0098,4138307
BRK.B,"Jul 15, 2026",490.1,492.75,487.57,488.35,488.35,-0.005600000000000001,5043800
BRK.B,"Jul 14, 2026",493.96,497.08,491.0,491.09,491.09,-0.0116,4090622
BRK.B,"Jul 13, 2026",495.85,501.5,493.81,496.85,496.85,0.0064,3195780
BRK.B,"Jul 10, 2026",496.15,497.3,490.7,493.71,493.71,-0.0034999999999999996,2716244
BRK.B,"Jul 9, 2026",494.61,497.85,493.2,495.45,495.45,0.0013,3349838
BRK.B,"Jul 8, 2026",504.56,504.91,494.34,494.79,494.79,-0.0183,4408314
BRK.B,"Jul 7, 2026",508.97,512.58,503.75,504.0,504.0,-0.0051,3723317
BRK.B,"Jul 6, 2026",506.5,508.0,504.1,506.58,506.58,-0.0024,3904684
BRK.B,"Jul 2, 2026",502.2,507.93,500.33,507.78,507.78,0.0161,4335356
BRK.B,"Jul 1, 2026",501.83,503.83,499.08,499.74,499.74,-0.0013,4074433
BRK.B,"Jun 30, 2026",496.5,500.58,494.79,500.39,500.39,0.0089,5793485
BRK.B,"Jun 29, 2026",497.79,500.02,495.0,496.0,496.0,-0.0053,5069106
BRK.B,"Jun 26, 2026",490.24,498.66,489.28,498.66,498.66,0.0222,7039615
BRK.B,"Jun 25, 2026",493.08,496.0,486.5,487.81,487.81,-0.0141,6889791
BRK.B,"Jun 24, 2026",492.99,498.5,491.5,494.81,494.81,0.0040999999999999995,4596829
BRK.B,"Jun 23, 2026",490.92,494.34,490.0,492.81,492.81,0.0084,4173539
BRK.B,"Jun 22, 2026",488.75,492.48,487.36,488.69,488.69,-0.0016,5997659
BRK.B,"Jun 18, 2026",492.75,493.57,485.77,489.46,489.46,-0.0037,8790250
BRK.B,"Jun 17, 2026",493.24,494.77,487.9,491.28,491.28,-0.0074,5399075
BRK.B,"Jun 16, 2026",497.0,499.79,492.43,494.95,494.95,-0.0012,4307919
BRK.B,"Jun 15, 2026",487.56,497.11,487.56,495.52,495.52,0.0128,6224846
BRK.B,"Jun 12, 2026",486.67,489.99,484.51,489.25,489.25,0.0070999999999999995,4525472
BRK.B,"Jun 11, 2026",482.88,486.47,481.06,485.79,485.79,0.0044,5640517
BRK.B,"Jun 10, 2026",488.13,490.3,483.11,483.68,483.68,-0.0084,4930456
BRK.B,"Jun 9, 2026",486.44,490.79,484.6,487.77,487.77,0.0016,4896708
BRK.B,"Jun 8, 2026",486.13,490.76,484.92,487.0,487.0,-0.0023,5165136
BRK.B,"Jun 5, 2026",480.99,491.0,479.35,488.13,488.13,0.019799999999999998,8434208
BRK.B,"Jun 4, 2026",481.6,482.94,474.65,478.63,478.63,0.0069,5195882
BRK.B,"Jun 3, 2026",470.89,480.59,470.41,475.37,475.37,0.008199999999999999,6547228
BRK.B,"Jun 2, 2026",470.0,473.88,468.21,471.51,471.51,0.0026,4683534
BRK.B,"Jun 1, 2026",473.05,473.39,467.96,470.29,470.29,-0.0088,6144412
BRK.B,"May 29, 2026",476.91,477.29,472.27,474.48,474.48,-0.0062,7907599
BRK.B,"May 28, 2026",479.36,481.81,477.0,477.42,477.42,-0.0052,4127459
BRK.B,"May 27, 2026",482.67,486.25,479.02,479.92,479.92,-0.0077,4152532
BRK.B,"May 26, 2026",485.5,487.78,483.21,483.62,483.62,-0.005699999999999999,4357449
BRK.B,"May 22, 2026",479.65,487.19,479.49,486.38,486.38,0.013300000000000001,4342154
BRK.B,"May 21, 2026",479.99,480.5,475.5,479.98,479.98,-0.0019,3294027
BRK.B,"May 20, 2026",482.0,482.72,477.62,480.9,480.9,0.0009,4647470
BRK.B,"May 19, 2026",487.0,488.13,480.11,480.46,480.46,-0.016200000000000003,5599874
BRK.B,"May 18, 2026",481.13,489.36,481.0,488.38,488.38,0.0118,5030660
BRK.B,"May 15, 2026",486.7,488.3,481.76,482.7,482.7,-0.0028000000000000004,4680296
BRK.B,"May 14, 2026",487.1,487.1,481.5,484.06,484.06,-0.003,3375100
BRK.B,"May 13, 2026",482.47,487.14,480.81,485.52,485.52,0.0012,4432514
BRK.B,"May 12, 2026",481.68,489.42,478.9,484.96,484.96,0.0113,5622326
BRK.B,"May 11, 2026",476.4,480.4,475.9,479.55,479.55,0.0076,4290690
BRK.B,"May 8, 2026",474.85,478.88,474.48,475.94,475.94,0.0018,5225574
BRK.B,"May 7, 2026",469.26,477.19,468.97,475.08,475.08,0.011200000000000002,5899549
BRK.B,"May 6, 2026",466.01,470.63,465.64,469.83,469.83,0.009300000000000001,5698885
BRK.B,"May 5, 2026",468.53,469.66,464.34,465.52,465.52,-0.0064,5372678
BRK.B,"May 4, 2026",473.03,479.87,465.79,468.52,468.52,-0.0095,6895370
BRK.B,"May 1, 2026",475.08,479.1,473.0,473.01,473.01,-0.0012,4818347
BRK.B,"Apr 30, 2026",473.46,477.55,470.89,473.6,473.6,-0.0037,5109301
BRK.B,"Apr 29, 2026",476.45,477.97,474.51,475.38,475.38,-0.0058,3175618
BRK.B,"Apr 28, 2026",476.79,479.77,475.67,478.16,478.16,0.0113,4902375
BRK.B,"Apr 27, 2026",469.8,475.5,469.35,472.81,472.81,0.0074,4888048
BRK.B,"Apr 24, 2026",468.8,470.28,466.58,469.32,469.32,-0.0026,3857045
BRK.B,"Apr 23, 2026",466.72,473.0,466.72,470.55,470.55,0.0111,4749080
BRK.B,"Apr 22, 2026",468.86,470.99,464.62,465.4,465.4,-0.0066,5720487
BRK.B,"Apr 21, 2026",472.54,474.19,468.06,468.5,468.5,-0.0076,5919020
BRK.B,"Apr 20, 2026",474.38,476.04,471.37,472.08,472.08,-0.0053,5147027
BRK.B,"Apr 17, 2026",475.49,479.69,474.15,474.58,474.58,-0.0011,6492875
BRK.B,"Apr 16, 2026",474.02,476.26,464.01,475.12,475.12,0.0022,4533965
BRK.B,"Apr 15, 2026",478.0,478.77,473.74,474.09,474.09,-0.0072,6993925
BRK.B,"Apr 14, 2026",479.81,480.49,476.0,477.54,477.54,-0.0055000000000000005,4864005
BRK.B,"Apr 13, 2026",478.9,481.11,477.4,480.19,480.19,0.0006,3612449
BRK.B,"Apr 10, 2026",484.02,484.86,478.92,479.9,479.9,-0.0109,3758912
BRK.B,"Apr 9, 2026",478.21,487.95,477.29,485.2,485.2,0.011399999999999999,3518465
BRK.B,"Apr 8, 2026",483.75,483.75,477.68,479.75,479.75,0.0034999999999999996,4655085
BRK.B,"Apr 7, 2026",475.71,479.75,474.32,478.08,478.08,0.0036,3206471
BRK.B,"Apr 6, 2026",475.66,479.5,475.35,476.38,476.38,-0.002,3663497
BRK.B,"Apr 2, 2026",477.82,479.77,475.68,477.35,477.35,-0.0024,2972758
BRK.B,"Apr 1, 2026",478.98,481.1,477.25,478.5,478.5,-0.0015,3600755
BRK.B,"Mar 31, 2026",477.78,479.81,474.77,479.2,479.2,0.0096,4725274
BRK.B,"Mar 30, 2026",470.68,477.69,470.65,474.66,474.66,0.0132,4590941
BRK.B,"Mar 27, 2026",474.19,474.8,467.21,468.49,468.49,-0.0143,5382299
BRK.B,"Mar 26, 2026",476.44,478.38,474.5,475.27,475.27,-0.0019,3774632
BRK.B,"Mar 25, 2026",482.63,483.23,475.73,476.19,476.19,-0.0066,4402046
BRK.B,"Mar 24, 2026",478.0,483.5,477.55,479.33,479.33,-0.0014000000000000002,3434434
BRK.B,"Mar 23, 2026",483.5,485.98,479.0,479.98,479.98,-0.002,4957963
BRK.B,"Mar 20, 2026",481.63,485.12,479.66,480.94,480.94,-0.0011,7786425
BRK.B,"Mar 19, 2026",483.9,484.25,478.81,481.48,481.48,-0.0062,4045602
BRK.B,"Mar 18, 2026",491.14,491.38,483.8,484.47,484.47,-0.0165,4356429
BRK.B,"Mar 17, 2026",494.84,496.96,491.41,492.58,492.58,0.0008,4424872
BRK.B,"Mar 16, 2026",492.77,496.63,491.08,492.21,492.21,0.0044,3752029
BRK.B,"Mar 13, 2026",493.32,494.45,489.77,490.03,490.03,-0.0038,3565682
BRK.B,"Mar 12, 2026",492.35,493.4,489.02,491.89,491.89,-0.0034000000000000002,4170889
BRK.B,"Mar 11, 2026",493.09,493.8,489.25,493.57,493.57,-0.0012,3849108
BRK.B,"Mar 10, 2026",495.13,498.67,492.31,494.14,494.14,-0.0062,3598655
BRK.B,"Mar 9, 2026",494.9,498.82,490.21,497.2,497.2,-0.0036,5833619
BRK.B,"Mar 6, 2026",499.25,500.7,491.88,498.98,498.98,-0.0028000000000000004,5564351
BRK.B,"Mar 5, 2026",493.75,500.86,492.51,500.4,500.4,0.0265,8963446
BRK.B,"Mar 4, 2026",481.0,489.18,479.88,487.48,487.48,0.0127,4369065
BRK.B,"Mar 3, 2026",477.08,483.48,472.52,481.36,481.36,0.0025,6348665
BRK.B,"Mar 2, 2026",495.23,495.75,477.91,480.17,480.17,-0.049100000000000005,11725271
BRK.B,"Feb 27, 2026",502.94,506.52,501.16,504.95,504.95,0.0045000000000000005,6364867
BRK.B,"Feb 26, 2026",494.65,503.72,494.45,502.67,502.67,0.0176,4576985
BRK.B,"Feb 25, 2026",495.62,497.23,490.9,493.99,493.99,-0.0011,3475465
BRK.B,"Feb 24, 2026",493.49,495.22,488.26,494.51,494.51,0.0009,3224292
BRK.B,"Feb 23, 2026",496.5,503.55,493.73,494.09,494.09,-0.008199999999999999,3556548
JPM,"Aug 21, 2026",354.07,356.86,350.37,351.58,351.58,0.0001,8040425
JPM,"Aug 20, 2026",357.6,357.95,351.55,351.55,351.55,-0.016,6741721
JPM,"Aug 19, 2026",363.01,363.05,355.65,357.26,357.26,-0.0165,6655462
JPM,"Aug 18, 2026",362.34,363.57,359.27,363.25,363.25,0.0063,5423178
JPM,"Aug 17, 2026",361.94,365.75,360.96,360.96,360.96,-0.0052,5233818
JPM,"Aug 14, 2026",363.0,365.9,361.45,362.84,362.84,-0.0007000000000000001,5048677
JPM,"Aug 13, 2026",366.5,366.5,361.52,363.11,363.11,-0.005699999999999999,5068806
JPM,"Aug 12, 2026",362.97,366.09,361.3,365.18,365.18,0.0087,4220017
JPM,"Aug 11, 2026",360.05,363.12,358.6,362.04,362.04,0.0063,4555470
JPM,"Aug 10, 2026",357.96,359.99,356.5,359.79,359.79,0.0063,5311551
JPM,"Aug 7, 2026",355.76,358.85,353.33,357.52,357.52,0.0034000000000000002,4447608
JPM,"Aug 6, 2026",362.81,362.81,354.95,356.3,356.3,-0.008199999999999999,5221362
JPM,"Aug 5, 2026",358.97,362.17,358.2,359.24,359.24,0.0048,5077117
JPM,"Aug 4, 2026",355.0,363.0,353.87,357.52,357.52,0.0138,8391604
JPM,"Aug 3, 2026",353.75,355.62,350.84,352.64,352.64,0.0024,6425337
JPM,"Jul 31, 2026",353.3,354.47,349.7,351.79,351.79,0.0027,6576753
JPM,"Jul 30, 2026",347.54,352.28,345.37,350.85,350.85,0.0178,7541597
JPM,"Jul 29, 2026",356.5,357.37,343.78,344.71,344.71,-0.0353,8185887
JPM,"Jul 28, 2026",357.3,359.3,354.15,357.31,357.31,0.0031,6469252
JPM,"Jul 27, 2026",357.89,359.05,352.58,356.2,356.2,0.0085,7860597
JPM,"Jul 24, 2026",350.64,353.37,347.5,353.21,353.21,0.0095,7383100
JPM,"Jul 23, 2026",346.58,349.92,345.42,349.9,349.9,0.0049,10673926
JPM,"Jul 22, 2026",345.07,349.07,344.25,348.21,348.21,0.0086,7775894
JPM,"Jul 21, 2026",340.12,345.74,337.3,345.23,345.23,0.018799999999999997,5568835
JPM,"Jul 20, 2026",341.8,344.26,337.37,338.87,338.87,-0.006500000000000001,7468477
JPM,"Jul 17, 2026",339.03,346.13,335.05,341.1,341.1,-0.006,9233694
JPM,"Jul 16, 2026",349.28,349.34,341.11,343.15,343.15,-0.0108,12278948
JPM,"Jul 15, 2026",345.85,351.24,344.05,346.91,346.91,0.011699999999999999,10725965
JPM,"Jul 14, 2026",327.0,344.73,325.75,342.89,342.89,0.025,13324114
JPM,"Jul 13, 2026",338.34,338.35,332.5,334.53,334.53,-0.0058,7081539
JPM,"Jul 10, 2026",337.47,338.59,335.77,336.47,336.47,0.003,6283964
JPM,"Jul 9, 2026",331.46,337.0,330.81,335.47,335.47,0.0147,15403079
JPM,"Jul 8, 2026",336.53,336.53,330.13,330.62,330.62,-0.0254,17406640
JPM,"Jul 7, 2026",340.98,341.4,337.09,339.22,339.22,0.0044,6781646
JPM,"Jul 6, 2026",335.0,339.72,334.11,337.72,337.72,0.0143,7467071
JPM,"Jul 2, 2026",338.02,340.0,331.77,334.47,332.97,0.0012,8415407
JPM,"Jul 1, 2026",328.37,335.64,325.01,334.07,332.57,0.0206,15210192
JPM,"Jun 30, 2026",328.89,330.44,326.68,327.33,325.86,-0.0063,8080064
JPM,"Jun 29, 2026",328.28,332.39,327.2,329.39,327.91,0.001,7981795
JPM,"Jun 26, 2026",336.0,336.4,327.5,329.05,327.57,-0.0181,17640907
JPM,"Jun 25, 2026",334.96,343.45,334.76,335.12,333.62,0.005,10049358
JPM,"Jun 24, 2026",333.07,334.53,329.77,333.45,331.95,-0.0021,7907442
JPM,"Jun 23, 2026",329.47,335.37,327.21,334.14,332.64,0.008,7582217
JPM,"Jun 22, 2026",329.7,332.77,326.75,331.48,329.99,0.0192,10182506
JPM,"Jun 18, 2026",336.95,338.09,324.16,325.22,323.76,-0.024700000000000003,20111030
JPM,"Jun 17, 2026",332.18,337.77,331.5,333.46,331.96,0.006999999999999999,12246449
JPM,"Jun 16, 2026",324.3,331.75,324.02,331.14,329.65,0.0368,11094894
JPM,"Jun 15, 2026",323.92,325.92,318.84,319.4,317.97,-0.0040999999999999995,7988879
JPM,"Jun 12, 2026",315.97,321.3,315.55,320.72,319.28,0.0231,7426164
JPM,"Jun 11, 2026",309.56,314.72,308.88,313.49,312.08,0.0141,9116617
JPM,"Jun 10, 2026",312.56,314.75,309.03,309.14,307.75,-0.011399999999999999,7446218
JPM,"Jun 9, 2026",313.51,316.42,309.01,312.7,311.3,0.0051,11594550
JPM,"Jun 8, 2026",313.25,316.3,310.78,311.11,309.71,-0.004,6827027
JPM,"Jun 5, 2026",314.29,315.0,309.6,312.37,310.97,0.0048,9118778
JPM,"Jun 4, 2026",305.74,312.91,304.44,310.89,309.5,0.0334,10345161
JPM,"Jun 3, 2026",299.92,301.96,296.56,300.85,299.5,-0.0004,7003935
JPM,"Jun 2, 2026",296.5,302.07,295.27,300.96,299.61,0.0148,8296234
JPM,"Jun 1, 2026",297.69,299.55,295.27,296.58,295.25,-0.0091,7929978
JPM,"May 29, 2026",296.4,299.88,295.2,299.31,297.97,0.0087,13973665
JPM,"May 28, 2026",297.57,301.07,295.75,296.73,295.4,-0.0085,9766204
JPM,"May 27, 2026",305.0,305.9,295.75,299.28,297.94,-0.024300000000000002,11785439
JPM,"May 26, 2026",308.49,309.93,305.44,306.74,305.36,0.0012,7731840
JPM,"May 22, 2026",304.68,307.45,303.84,306.38,305.01,0.011200000000000002,5978568
JPM,"May 21, 2026",301.23,303.98,300.21,303.0,301.64,0.0034000000000000002,7874388
JPM,"May 20, 2026",296.7,302.93,293.67,301.98,300.63,0.0212,9327002
JPM,"May 19, 2026",301.09,301.79,295.26,295.7,294.37,-0.0167,8066927
JPM,"May 18, 2026",298.0,301.26,297.22,300.73,299.38,0.0098,7546296
JPM,"May 15, 2026",300.21,300.79,296.45,297.81,296.47,-0.006999999999999999,8699281
JPM,"May 14, 2026",302.25,303.75,298.81,299.91,298.56,-0.0011,7364315
JPM,"May 13, 2026",302.27,303.0,300.07,300.25,298.9,-0.0152,7709525
JPM,"May 12, 2026",300.02,306.06,295.55,304.88,303.51,0.0163,9498214
JPM,"May 11, 2026",302.1,303.19,298.88,300.0,298.65,-0.006999999999999999,9511957
JPM,"May 8, 2026",308.25,308.99,300.5,302.1,300.75,-0.013600000000000001,9464267
JPM,"May 7, 2026",314.65,316.3,306.14,306.27,304.9,-0.0274,8359599
JPM,"May 6, 2026",311.45,316.26,311.35,314.9,313.49,0.0178,8629538
JPM,"May 5, 2026",307.71,310.97,306.8,309.4,308.01,0.005699999999999999,6316845
JPM,"May 4, 2026",310.62,310.65,306.51,307.65,306.27,-0.0154,7338179
JPM,"May 1, 2026",313.95,316.08,311.83,312.47,311.07,-0.0024,6135359
JPM,"Apr 30, 2026",307.07,314.1,306.57,313.23,311.83,0.0129,8865387
JPM,"Apr 29, 2026",310.57,312.05,307.29,309.25,307.86,-0.0070999999999999995,8031805
JPM,"Apr 28, 2026",315.2,315.45,311.17,311.45,310.05,-0.0006,7398596
JPM,"Apr 27, 2026",306.88,312.58,306.88,311.63,310.23,0.0109,7925317
JPM,"Apr 24, 2026",311.15,311.15,307.89,308.28,306.9,-0.0109,5215321
JPM,"Apr 23, 2026",313.52,314.99,308.89,311.69,310.29,-0.0042,6969656
JPM,"Apr 22, 2026",314.85,315.15,311.94,313.02,311.62,0.0001,5545909
JPM,"Apr 21, 2026",317.49,320.24,312.75,313.0,311.6,-0.0126,7084264
JPM,"Apr 20, 2026",310.85,317.13,310.37,316.99,315.57,0.0216,10772003
JPM,"Apr 17, 2026",312.47,314.9,310.09,310.29,308.9,0.0011,11082391
JPM,"Apr 16, 2026",305.35,309.95,305.2,309.95,308.56,0.0131,8208612
JPM,"Apr 15, 2026",313.95,314.24,304.26,305.93,304.56,-0.0167,9885824
JPM,"Apr 14, 2026",309.82,314.32,308.87,311.12,309.72,-0.008199999999999999,11455513
JPM,"Apr 13, 2026",307.47,313.74,305.46,313.68,312.27,0.0123,8318221
JPM,"Apr 10, 2026",310.0,310.35,306.72,309.87,308.48,-0.0015,6069693
JPM,"Apr 9, 2026",306.95,311.26,306.11,310.33,308.94,0.0077,6586601
JPM,"Apr 8, 2026",307.97,311.26,305.33,307.97,306.59,0.0355,10590165
JPM,"Apr 7, 2026",293.14,298.18,292.7,297.4,296.07,0.0066,7849083
JPM,"Apr 6, 2026",294.06,296.83,293.2,295.45,294.12,0.008,7142621
JPM,"Apr 2, 2026",291.91,295.62,288.72,294.6,291.79,-0.0026,6669252
JPM,"Apr 1, 2026",295.39,298.72,292.91,295.38,292.56,0.0040999999999999995,11267167
JPM,"Mar 31, 2026",288.47,295.07,284.95,294.16,291.35,0.0366,12956879
JPM,"Mar 30, 2026",284.74,287.25,282.33,283.77,281.06,0.0033,11734351
JPM,"Mar 27, 2026",289.14,290.11,281.75,282.84,280.14,-0.0302,9873292
JPM,"Mar 26, 2026",292.58,294.99,290.73,291.66,288.87,-0.0127,8669196
JPM,"Mar 25, 2026",294.15,297.64,292.44,295.42,292.6,0.0103,12188164
JPM,"Mar 24, 2026",286.17,295.48,285.37,292.4,289.61,0.0086,11092328
JPM,"Mar 23, 2026",294.31,295.75,287.97,289.91,287.14,0.011699999999999999,11470841
JPM,"Mar 20, 2026",288.08,290.71,285.27,286.56,283.82,-0.0049,22436492
JPM,"Mar 19, 2026",286.88,289.51,284.62,287.97,285.22,0.0008,9846696
JPM,"Mar 18, 2026",286.83,289.41,285.12,287.74,284.99,0.003,10057039
JPM,"Mar 17, 2026",289.0,291.76,285.95,286.89,284.15,0.0026,8961193
JPM,"Mar 16, 2026",286.34,289.27,284.61,286.16,283.43,0.0096,8149008
JPM,"Mar 13, 2026",284.67,287.19,282.95,283.44,280.73,0.0019,9091183
JPM,"Mar 12, 2026",282.83,283.88,279.1,282.89,280.19,-0.0161,13760505
JPM,"Mar 11, 2026",288.81,290.48,284.86,287.52,284.77,-0.0042,10204994
JPM,"Mar 10, 2026",289.29,292.75,287.18,288.73,285.97,-0.0040999999999999995,8344876
JPM,"Mar 9, 2026",285.5,291.1,280.45,289.92,287.15,0.0015,12241052
JPM,"Mar 6, 2026",286.34,289.99,283.71,289.48,286.71,-0.0139,13496526
JPM,"Mar 5, 2026",297.98,301.24,292.43,293.55,290.75,-0.0195,12732488
JPM,"Mar 4, 2026",299.99,301.0,295.82,299.39,296.53,-0.0029,8055673
JPM,"Mar 3, 2026",292.29,302.39,289.5,300.26,297.39,0.0091,10278216
JPM,"Mar 2, 2026",294.81,299.98,293.21,297.56,294.72,-0.0091,8508910
JPM,"Feb 27, 2026",300.0,302.95,294.45,300.3,297.43,-0.019,18620786
JPM,"Feb 26, 2026",304.58,309.01,303.64,306.13,303.21,0.009300000000000001,7007804
JPM,"Feb 25, 2026",298.64,303.66,297.01,303.3,300.4,0.0202,8095520
JPM,"Feb 24, 2026",296.82,299.75,291.38,297.3,294.46,-0.0012,13554127
JPM,"Feb 23, 2026",308.8,311.0,295.1,297.67,294.83,-0.042199999999999994,12955428
V,"Aug 21, 2026",367.87,371.8,366.66,371.04,371.04,0.014499999999999999,6641633
V,"Aug 20, 2026",365.1,368.93,363.63,365.73,365.73,0.0005,5837718
V,"Aug 19, 2026",364.09,370.64,362.9,365.54,365.54,0.0034999999999999996,5840565
V,"Aug 18, 2026",359.62,365.91,358.05,364.25,364.25,0.0151,6803524
V,"Aug 17, 2026",362.84,363.56,358.52,358.84,358.84,-0.0146,10266154
V,"Aug 14, 2026",365.89,366.8,362.76,364.15,364.15,-0.0036,8096631
V,"Aug 13, 2026",363.7,365.45,358.71,365.45,365.45,0.0168,7213376
V,"Aug 12, 2026",361.0,363.35,358.31,359.42,359.42,-0.009399999999999999,3654207
V,"Aug 11, 2026",360.98,364.55,359.97,362.82,362.82,0.006,4424109
V,"Aug 10, 2026",362.0,364.17,358.87,361.32,360.65,-0.0033,7493382
V,"Aug 7, 2026",368.51,370.25,361.52,362.5,361.83,-0.0215,5112527
V,"Aug 6, 2026",369.57,371.1,365.25,370.47,369.78,0.0052,5022312
V,"Aug 5, 2026",372.3,372.4,366.72,368.54,367.86,-0.0028000000000000004,6065349
V,"Aug 4, 2026",361.76,371.11,360.09,369.59,368.9,0.010700000000000001,7497534
V,"Aug 3, 2026",368.5,371.97,364.35,365.67,364.99,-0.0013,5521322
V,"Jul 31, 2026",363.76,366.88,360.1,366.13,365.45,-0.0004,7828444
V,"Jul 30, 2026",365.0,367.0,360.75,366.27,365.59,-0.0067,8392902
V,"Jul 29, 2026",357.0,373.97,355.48,368.73,368.05,0.0058,11292745
V,"Jul 28, 2026",365.06,371.16,362.73,366.59,365.91,0.011200000000000002,11061929
V,"Jul 27, 2026",359.35,363.66,358.25,362.53,361.86,0.0191,6632096
V,"Jul 24, 2026",353.47,355.84,351.05,355.74,355.08,0.0118,4482799
V,"Jul 23, 2026",352.05,352.05,348.5,351.6,350.95,-0.0051,4183332
V,"Jul 22, 2026",356.57,357.53,352.27,353.42,352.76,-0.0067,4622156
V,"Jul 21, 2026",356.99,359.12,354.69,355.82,355.16,-0.0132,6027320
V,"Jul 20, 2026",357.1,363.0,356.43,360.57,359.9,0.005600000000000001,7617212
V,"Jul 17, 2026",363.57,364.63,357.0,358.56,357.9,-0.018000000000000002,7400403
V,"Jul 16, 2026",358.04,365.14,357.11,365.14,364.46,0.0282,9073177
V,"Jul 15, 2026",354.0,360.43,349.12,355.14,354.48,-0.0025,8849994
V,"Jul 14, 2026",355.77,359.94,353.68,356.02,355.36,-0.0048,6632406
V,"Jul 13, 2026",351.73,359.49,351.05,357.75,357.09,0.0252,9964620
V,"Jul 10, 2026",350.63,351.17,345.33,348.97,348.32,0.0022,4703192
V,"Jul 9, 2026",345.3,348.5,344.42,348.2,347.55,0.0019,6606278
V,"Jul 8, 2026",350.3,351.6,345.69,347.53,346.89,-0.013300000000000001,10215164
V,"Jul 7, 2026",348.39,356.08,346.92,352.2,351.55,-0.0141,7332535
V,"Jul 6, 2026",363.0,365.02,348.85,357.25,356.59,-0.013500000000000002,11623762
V,"Jul 2, 2026",352.51,362.13,352.51,362.13,361.46,0.0315,9817170
V,"Jul 1, 2026",344.56,353.36,340.98,351.08,350.43,0.0233,13025938
V,"Jun 30, 2026",341.76,344.29,339.08,343.09,342.45,0.0042,7957940
V,"Jun 29, 2026",338.27,345.81,338.27,341.65,341.02,0.0161,11710917
V,"Jun 26, 2026",332.24,339.72,331.44,336.23,335.61,0.0173,16717376
V,"Jun 25, 2026",332.56,339.94,330.07,330.52,329.91,-0.0051,7052927
V,"Jun 24, 2026",329.0,334.8,327.22,332.23,331.61,0.011399999999999999,8197208
V,"Jun 23, 2026",328.82,331.28,328.09,328.48,327.87,0.0058,11113384
V,"Jun 22, 2026",328.33,333.0,325.86,326.6,325.99,-0.002,15132387
V,"Jun 18, 2026",331.0,332.33,327.0,327.24,326.63,-0.0095,14716741
V,"Jun 17, 2026",333.5,336.82,329.97,330.38,329.77,-0.008199999999999999,6895230
V,"Jun 16, 2026",325.69,333.29,324.38,333.12,332.5,0.0287,9248402
V,"Jun 15, 2026",323.36,326.44,322.75,323.82,323.22,0.0044,6802995
V,"Jun 12, 2026",321.76,325.93,319.8,322.39,321.79,0.0105,5543517
V,"Jun 11, 2026",322.0,323.71,317.96,319.05,318.46,-0.0121,5958942
V,"Jun 10, 2026",326.62,326.9,320.18,322.96,322.36,-0.0064,5793052
V,"Jun 9, 2026",318.66,325.49,317.0,325.05,324.45,0.0168,6340364
V,"Jun 8, 2026",321.35,323.92,318.43,319.67,319.08,-0.0121,5582015
V,"Jun 5, 2026",322.4,325.98,320.97,323.57,322.97,0.0106,7176339
V,"Jun 4, 2026",316.79,324.76,316.7,320.18,319.59,0.024900000000000002,6981676
V,"Jun 3, 2026",317.65,317.65,309.0,312.4,311.82,-0.0155,8992773
V,"Jun 2, 2026",322.51,323.5,313.39,317.32,316.73,-0.0169,10125349
V,"Jun 1, 2026",327.26,327.86,318.68,322.77,322.17,-0.011000000000000001,10079269
V,"May 29, 2026",325.5,331.67,325.35,326.36,325.75,0.0043,14106836
V,"May 28, 2026",326.01,327.08,320.9,324.95,324.35,-0.008100000000000001,8110059
V,"May 27, 2026",325.83,331.46,325.66,327.61,327.0,0.0034999999999999996,5919068
V,"May 26, 2026",326.46,328.5,324.51,326.48,325.87,-0.0073,8711066
V,"May 22, 2026",330.52,333.43,328.82,328.88,328.27,-0.0068000000000000005,7464251
V,"May 21, 2026",329.84,332.52,327.24,331.12,330.51,0.0011,7034505
V,"May 20, 2026",330.09,331.66,326.82,330.75,330.14,0.0025,9422525
V,"May 19, 2026",333.33,335.17,329.49,329.91,329.3,-0.008199999999999999,12858128
V,"May 18, 2026",324.43,333.43,323.77,332.64,332.02,0.0212,5305798
V,"May 15, 2026",324.0,329.01,323.84,325.75,325.15,0.01,6054523
V,"May 14, 2026",321.37,323.33,320.25,322.52,321.92,0.0069,5277351
V,"May 13, 2026",323.79,325.42,319.8,320.31,319.72,-0.0187,7950446
V,"May 12, 2026",324.32,328.91,324.2,326.42,325.81,0.01,6235152
V,"May 11, 2026",319.1,325.18,318.01,323.86,322.59,0.0159,9586163
V,"May 8, 2026",320.99,321.07,316.16,318.79,317.54,-0.0078000000000000005,5950212
V,"May 7, 2026",319.54,323.69,319.54,321.28,320.02,0.0078000000000000005,7186066
V,"May 6, 2026",323.75,324.58,318.0,318.8,317.55,-0.01,7808382
V,"May 5, 2026",325.11,325.58,319.65,322.03,320.77,-0.0147,5893197
V,"May 4, 2026",328.0,329.79,325.4,326.85,325.57,-0.0036,6712421
V,"May 1, 2026",332.88,335.85,327.93,328.03,326.74,-0.0055000000000000005,6726071
V,"Apr 30, 2026",332.12,332.5,328.08,329.84,328.55,-0.015,11241056
V,"Apr 29, 2026",336.4,341.98,333.79,334.86,333.55,0.08259999999999999,16658561
V,"Apr 28, 2026",312.2,313.96,308.74,309.3,308.09,-0.0011,8839906
V,"Apr 27, 2026",307.51,310.82,306.06,309.65,308.44,0.0007000000000000001,6261475
V,"Apr 24, 2026",307.1,309.98,304.5,309.42,308.21,0.0017000000000000001,5616898
V,"Apr 23, 2026",310.5,312.2,305.01,308.88,307.67,-0.0077,7274986
V,"Apr 22, 2026",311.01,311.36,308.06,311.29,310.07,0.0044,5666602
V,"Apr 21, 2026",314.01,316.89,308.82,309.94,308.73,-0.0127,6806871
V,"Apr 20, 2026",316.4,317.55,312.35,313.94,312.71,-0.0097,5506825
V,"Apr 17, 2026",316.6,319.44,315.18,317.02,315.78,0.0060999999999999995,8082341
V,"Apr 16, 2026",316.35,318.0,314.57,315.1,313.87,-0.0026,5695849
V,"Apr 15, 2026",313.0,316.73,311.52,315.91,314.67,0.0146,4831444
V,"Apr 14, 2026",308.47,312.12,307.49,311.37,310.15,0.0064,5571023
V,"Apr 13, 2026",303.93,309.75,302.34,309.39,308.18,0.0165,6787248
V,"Apr 10, 2026",308.71,309.0,303.51,304.36,303.17,-0.0127,5190038
V,"Apr 9, 2026",308.0,309.58,303.59,308.29,307.08,-0.0022,4811480
V,"Apr 8, 2026",307.73,311.08,307.7,308.96,307.75,0.0212,6879288
V,"Apr 7, 2026",302.44,304.98,301.12,302.55,301.36,-0.0026,4413857
V,"Apr 6, 2026",300.74,304.42,299.46,303.33,302.14,0.0084,5501001
V,"Apr 2, 2026",297.8,302.47,295.85,300.8,299.62,0.0077,4376048
V,"Apr 1, 2026",305.05,305.05,293.89,298.51,297.34,-0.0123,7707556
V,"Mar 31, 2026",301.6,303.34,296.59,302.24,301.06,0.009000000000000001,10246903
V,"Mar 30, 2026",298.73,300.68,295.89,299.54,298.37,0.013600000000000001,9330319
V,"Mar 27, 2026",304.32,304.59,294.32,295.52,294.36,-0.032799999999999996,9974411
V,"Mar 26, 2026",304.16,307.87,303.0,305.53,304.33,0.002,7652673
V,"Mar 25, 2026",305.48,308.49,302.17,304.91,303.71,0.0038,6280873
V,"Mar 24, 2026",302.0,306.04,300.62,303.76,302.57,-0.0022,5375944
V,"Mar 23, 2026",305.2,307.85,302.85,304.44,303.25,0.009300000000000001,7824542
V,"Mar 20, 2026",299.85,302.92,299.01,301.62,300.44,0.0064,14398132
V,"Mar 19, 2026",298.04,302.47,297.03,299.71,298.54,0.0023,6826379
V,"Mar 18, 2026",307.41,307.94,298.5,299.02,297.85,-0.030600000000000002,7191684
V,"Mar 17, 2026",311.32,312.69,307.38,308.46,307.25,-0.0053,6872151
V,"Mar 16, 2026",307.85,311.13,307.38,310.11,308.89,0.0097,6401225
V,"Mar 13, 2026",307.59,310.35,306.42,307.14,305.94,0.0021,4814144
V,"Mar 12, 2026",308.14,310.95,306.02,306.5,305.3,-0.008,7514907
V,"Mar 11, 2026",313.25,315.08,308.39,308.96,307.75,-0.0174,6385139
V,"Mar 10, 2026",315.43,317.13,311.45,314.43,313.2,-0.0049,5271347
V,"Mar 9, 2026",313.46,316.4,310.15,315.97,314.73,-0.0044,8381514
V,"Mar 6, 2026",316.05,317.69,312.3,317.36,316.12,-0.0076,6439709
V,"Mar 5, 2026",319.33,322.8,314.77,319.8,318.55,-0.0021,8276075
V,"Mar 4, 2026",321.44,325.77,319.8,320.47,319.21,-0.0011,5257934
V,"Mar 3, 2026",315.81,322.04,314.35,320.83,319.57,0.001,5474282
V,"Mar 2, 2026",315.5,322.6,314.6,320.51,319.25,0.0012,6674915
V,"Feb 27, 2026",314.46,320.23,311.95,320.14,318.89,0.0109,12412885
V,"Feb 26, 2026",314.48,319.42,313.94,316.7,315.46,0.011899999999999999,8725506
V,"Feb 25, 2026",308.55,313.94,308.25,312.99,311.76,0.018799999999999997,7624212
V,"Feb 24, 2026",305.5,309.27,303.08,307.22,306.02,0.0023,9120236
V,"Feb 23, 2026",319.04,320.52,304.71,306.52,305.32,-0.045,13047966
MA,"Aug 21, 2026",574.55,582.28,573.04,580.63,580.63,0.0118,2174449
MA,"Aug 20, 2026",572.07,579.61,571.8,573.85,573.85,0.0002,2381127
MA,"Aug 19, 2026",571.5,582.93,570.33,573.72,573.72,-0.001,3050337
MA,"Aug 18, 2026",563.87,578.5,563.18,574.31,574.31,0.021400000000000002,3899738
MA,"Aug 17, 2026",565.24,569.27,561.26,562.26,562.26,-0.0123,2739452
MA,"Aug 14, 2026",567.95,570.67,564.44,569.29,569.29,0.004,2465606
MA,"Aug 13, 2026",565.61,568.28,557.7,567.04,567.04,0.0131,1977613
MA,"Aug 12, 2026",557.56,563.55,556.06,559.73,559.73,-0.003,2805815
MA,"Aug 11, 2026",562.71,567.63,560.0,561.44,561.44,-0.0031,2435699
MA,"Aug 10, 2026",561.11,566.77,559.36,563.17,563.17,0.0004,2551222
MA,"Aug 7, 2026",572.57,572.99,561.62,562.95,562.95,-0.0226,2992373
MA,"Aug 6, 2026",573.21,576.36,566.37,575.95,575.95,0.0096,2822750
MA,"Aug 5, 2026",575.74,578.26,568.6,570.48,570.48,-0.0011,2427261
MA,"Aug 4, 2026",566.99,573.35,564.0,571.1,571.1,0.0002,3129875
MA,"Aug 3, 2026",580.0,583.71,570.78,570.97,570.97,-0.0037,3502899
MA,"Jul 31, 2026",567.68,575.42,563.42,573.1,573.1,-0.0074,4570513
MA,"Jul 30, 2026",577.36,582.62,567.63,577.35,577.35,0.024900000000000002,5007089
MA,"Jul 29, 2026",555.06,569.99,554.92,563.32,563.32,0.001,3228846
MA,"Jul 28, 2026",561.03,564.61,557.43,562.75,562.75,0.02,3113051
MA,"Jul 27, 2026",543.18,553.89,542.02,551.71,551.71,0.0223,2358202
MA,"Jul 24, 2026",531.46,540.0,529.69,539.66,539.66,0.0177,2483612
MA,"Jul 23, 2026",527.98,530.88,523.61,530.29,530.29,-0.0032,2071210
MA,"Jul 22, 2026",538.94,540.0,530.73,531.98,531.98,-0.011699999999999999,2276851
MA,"Jul 21, 2026",543.76,544.34,536.85,538.3,538.3,-0.0167,2843982
MA,"Jul 20, 2026",540.0,547.91,538.01,547.44,547.44,0.0070999999999999995,2557367
MA,"Jul 17, 2026",550.5,551.72,540.23,543.6,543.6,-0.0144,3075711
MA,"Jul 16, 2026",541.5,551.68,539.69,551.54,551.54,0.0305,2910881
MA,"Jul 15, 2026",538.54,541.24,529.08,535.21,535.21,-0.0052,3034575
MA,"Jul 14, 2026",534.99,543.46,532.06,538.02,538.02,0.0006,3186792
MA,"Jul 13, 2026",530.71,539.93,530.71,537.7,537.7,0.0208,2869947
MA,"Jul 10, 2026",527.26,528.94,519.65,526.74,526.74,0.0068000000000000005,1610375
MA,"Jul 9, 2026",518.03,523.23,515.11,523.2,523.2,0.008100000000000001,2143446
MA,"Jul 8, 2026",531.11,531.62,517.21,519.86,518.99,-0.022099999999999998,2716929
MA,"Jul 7, 2026",533.84,543.65,530.0,531.62,530.73,-0.0028000000000000004,3516620
MA,"Jul 6, 2026",540.74,541.89,522.68,533.1,532.21,-0.011699999999999999,3577963
MA,"Jul 2, 2026",529.73,539.63,526.07,539.39,538.49,0.032400000000000005,3900716
MA,"Jul 1, 2026",517.25,530.41,513.42,522.44,521.57,0.0172,4413147
MA,"Jun 30, 2026",511.9,514.0,507.14,513.6,512.74,0.0078000000000000005,4696308
MA,"Jun 29, 2026",502.5,515.45,502.5,509.64,508.79,0.0213,4812041
MA,"Jun 26, 2026",488.58,504.36,488.58,499.02,498.18,0.0207,9200995
MA,"Jun 25, 2026",496.0,504.8,488.65,488.92,488.1,-0.0111,3722938
MA,"Jun 24, 2026",488.08,498.44,486.22,494.41,493.58,0.013000000000000001,3609736
MA,"Jun 23, 2026",488.83,491.56,484.42,488.07,487.25,0.008199999999999999,3936412
MA,"Jun 22, 2026",488.16,495.66,483.14,484.09,483.28,-0.0116,3955641
MA,"Jun 18, 2026",494.77,495.99,488.91,489.79,488.97,-0.006500000000000001,6675004
MA,"Jun 17, 2026",502.93,504.64,492.4,492.99,492.16,-0.0166,2927087
MA,"Jun 16, 2026",491.86,501.5,489.51,501.33,500.49,0.0218,4005975
MA,"Jun 15, 2026",490.5,493.55,486.66,490.64,489.82,0.0013,3888505
MA,"Jun 12, 2026",488.88,492.37,484.54,489.98,489.16,0.0070999999999999995,3984503
MA,"Jun 11, 2026",488.66,491.47,484.39,486.51,485.7,-0.0053,3801048
MA,"Jun 10, 2026",497.47,498.8,486.5,489.08,488.26,-0.0124,3239939
MA,"Jun 9, 2026",483.89,495.42,482.0,495.24,494.41,0.0197,3309993
MA,"Jun 8, 2026",486.76,489.52,483.7,485.67,484.86,-0.011000000000000001,3091901
MA,"Jun 5, 2026",484.0,494.0,484.0,491.08,490.26,0.019299999999999998,4230676
MA,"Jun 4, 2026",479.56,488.55,477.46,481.76,480.95,0.0217,4020605
MA,"Jun 3, 2026",477.35,481.96,464.52,471.55,470.76,-0.0128,5227179
MA,"Jun 2, 2026",493.06,493.99,477.68,477.68,476.88,-0.0355,5028338
MA,"Jun 1, 2026",494.25,497.13,488.65,495.25,494.42,0.0026,4653369
MA,"May 29, 2026",494.5,500.11,492.84,493.98,493.15,0.0005,5693541
MA,"May 28, 2026",493.34,494.58,486.35,493.75,492.92,-0.0026,3924792
MA,"May 27, 2026",493.01,499.35,492.51,495.04,494.21,0.0040999999999999995,2835127
MA,"May 26, 2026",496.0,496.85,492.06,493.01,492.18,-0.0111,1948492
MA,"May 22, 2026",499.11,504.26,497.32,498.54,497.71,-0.0022,1959481
MA,"May 21, 2026",496.0,501.38,490.07,499.62,498.78,0.0032,2474914
MA,"May 20, 2026",493.5,499.7,490.8,498.04,497.21,-0.0033,3615733
MA,"May 19, 2026",507.56,512.9,498.5,499.7,498.86,-0.012,3378299
MA,"May 18, 2026",491.49,506.23,490.95,505.79,504.94,0.0235,4076649
MA,"May 15, 2026",493.5,502.28,492.33,494.2,493.37,0.0087,3416526
MA,"May 14, 2026",491.28,494.5,488.01,489.94,489.12,-0.0014000000000000002,2584949
MA,"May 13, 2026",495.61,498.6,490.32,490.64,489.82,-0.0183,3322778
MA,"May 12, 2026",500.61,506.31,499.75,499.81,498.97,0.004,3296342
MA,"May 11, 2026",495.0,501.66,492.01,497.81,496.98,0.004699999999999999,3959768
MA,"May 8, 2026",500.13,500.41,491.73,495.48,494.65,-0.0109,4143614
MA,"May 7, 2026",492.7,503.52,492.7,500.94,500.1,0.0184,4964090
MA,"May 6, 2026",499.14,500.74,489.73,491.89,491.07,-0.0104,4363279
MA,"May 5, 2026",501.03,503.88,493.26,497.08,496.25,-0.0152,4216704
MA,"May 4, 2026",495.0,507.29,493.88,504.74,503.9,0.0187,4419876
MA,"May 1, 2026",506.0,509.0,492.15,495.46,494.63,-0.0148,4531833
MA,"Apr 30, 2026",504.5,514.15,498.96,502.92,502.08,-0.0425,5975051
MA,"Apr 29, 2026",529.99,534.21,520.89,525.23,524.35,0.0347,5876693
MA,"Apr 28, 2026",512.25,517.0,507.24,507.62,506.77,0.0023,3892549
MA,"Apr 27, 2026",500.76,509.05,500.76,506.43,505.58,0.0045000000000000005,2531468
MA,"Apr 24, 2026",499.0,505.61,495.63,504.17,503.33,0.0036,2406989
MA,"Apr 23, 2026",507.37,509.65,498.37,502.38,501.54,-0.015300000000000001,2724324
MA,"Apr 22, 2026",512.07,513.79,505.72,510.16,509.31,-0.0023,2288823
MA,"Apr 21, 2026",516.93,523.11,510.17,511.35,510.49,-0.0103,3445129
MA,"Apr 20, 2026",520.76,524.48,514.54,516.65,515.79,-0.0089,2503858
MA,"Apr 17, 2026",521.5,527.47,518.74,521.3,520.43,0.0053,3617601
MA,"Apr 16, 2026",518.03,522.23,517.01,518.54,517.67,-0.0027,2967696
MA,"Apr 15, 2026",516.0,522.44,513.2,519.96,519.09,0.013300000000000001,2911234
MA,"Apr 14, 2026",508.0,513.98,506.69,513.16,512.3,0.009000000000000001,2745002
MA,"Apr 13, 2026",496.23,508.87,495.0,508.58,507.73,0.0199,3318068
MA,"Apr 10, 2026",502.01,504.39,495.67,498.66,497.83,-0.0098,2842593
MA,"Apr 9, 2026",504.46,506.67,497.76,503.57,502.73,-0.0053,3301927
MA,"Apr 8, 2026",508.0,511.82,505.86,507.12,505.4,0.0177,3874920
MA,"Apr 7, 2026",498.29,502.6,495.67,498.28,496.59,-0.0064,3593150
MA,"Apr 6, 2026",493.75,501.91,491.18,501.5,499.8,0.0163,2466299
MA,"Apr 2, 2026",488.13,499.88,487.75,493.44,491.77,0.0036,2926020
MA,"Apr 1, 2026",502.23,503.0,485.65,491.65,489.99,-0.016,4607139
MA,"Mar 31, 2026",500.0,501.41,490.58,499.66,497.97,0.0115,4417888
MA,"Mar 30, 2026",488.03,495.54,487.0,494.0,492.33,0.0202,3629528
MA,"Mar 27, 2026",499.45,500.05,480.5,484.24,482.6,-0.033,3963656
MA,"Mar 26, 2026",500.51,504.8,499.05,500.75,499.05,-0.004,3995500
MA,"Mar 25, 2026",501.29,506.25,494.56,502.76,501.06,0.0077,2422194
MA,"Mar 24, 2026",495.64,502.73,493.24,498.93,497.24,-0.0029,2278879
MA,"Mar 23, 2026",506.05,507.04,500.38,500.38,498.69,0.008199999999999999,2986060
MA,"Mar 20, 2026",492.47,499.22,491.01,496.32,494.64,0.0105,5762949
MA,"Mar 19, 2026",490.52,497.08,487.31,491.14,489.48,0.0055000000000000005,3284588
MA,"Mar 18, 2026",503.75,503.75,487.92,488.47,486.82,-0.035699999999999996,3458707
MA,"Mar 17, 2026",510.55,516.96,506.5,506.58,504.86,-0.0038,2834283
MA,"Mar 16, 2026",498.62,508.58,498.62,508.5,506.78,0.021099999999999997,3450564
MA,"Mar 13, 2026",496.56,501.86,495.4,497.99,496.3,0.0014000000000000002,2809315
MA,"Mar 12, 2026",500.0,505.62,496.29,497.31,495.63,-0.013300000000000001,2702469
MA,"Mar 11, 2026",513.08,515.31,502.72,504.0,502.29,-0.0208,2874472
MA,"Mar 10, 2026",516.95,519.33,511.0,514.72,512.98,-0.0058,2759997
MA,"Mar 9, 2026",516.27,520.89,509.11,517.72,515.97,-0.0088,3546721
MA,"Mar 6, 2026",519.64,522.55,512.2,522.34,520.57,-0.0044,2873196
MA,"Mar 5, 2026",521.1,525.32,512.75,524.66,522.88,0.0033,3883390
MA,"Mar 4, 2026",524.16,526.16,520.28,522.92,521.15,-0.0027,3154939
MA,"Mar 3, 2026",513.61,526.8,513.0,524.32,522.54,0.0064,4199725
MA,"Mar 2, 2026",509.48,526.16,507.34,521.0,519.24,0.0073,3826980
MA,"Feb 27, 2026",509.47,518.76,506.75,517.21,515.46,0.004699999999999999,5121285
MA,"Feb 26, 2026",510.95,519.9,509.01,514.77,513.03,0.0106,4843689
MA,"Feb 25, 2026",502.82,510.54,502.42,509.39,507.67,0.0229,4139074
MA,"Feb 24, 2026",493.74,499.25,491.26,498.0,496.31,0.004,5292852
MA,"Feb 23, 2026",520.47,522.72,490.0,496.03,494.35,-0.057699999999999994,6312346
BAC,"Aug 21, 2026",62.33,62.52,61.52,61.69,61.69,-0.0027,33089393
BAC,"Aug 20, 2026",63.06,63.24,61.81,61.86,61.86,-0.0207,33988154
BAC,"Aug 19, 2026",64.2,64.43,62.98,63.17,63.17,-0.0165,23772872
BAC,"Aug 18, 2026",64.0,64.4,63.57,64.23,64.23,0.0053,28010917
BAC,"Aug 17, 2026",64.4,65.23,63.88,63.89,63.89,-0.009300000000000001,27196794
BAC,"Aug 14, 2026",64.04,64.55,63.81,64.49,64.49,0.0062,21760316
BAC,"Aug 13, 2026",65.2,65.2,63.9,64.09,64.09,-0.0111,27160055
BAC,"Aug 12, 2026",64.12,64.95,63.84,64.81,64.81,0.0127,27301147
BAC,"Aug 11, 2026",63.98,64.27,63.71,64.0,64.0,0.0022,20614530
BAC,"Aug 10, 2026",63.16,64.0,63.0,63.86,63.86,0.0109,24983116
BAC,"Aug 7, 2026",62.71,63.22,62.39,63.17,63.17,0.0027,21032554
BAC,"Aug 6, 2026",63.91,63.97,62.73,63.0,63.0,-0.004,24392760
BAC,"Aug 5, 2026",63.0,63.57,62.83,63.25,63.25,0.005600000000000001,30067453
BAC,"Aug 4, 2026",62.47,63.54,62.35,62.9,62.9,0.0067,28211582
BAC,"Aug 3, 2026",62.26,62.51,61.71,62.48,62.48,0.0086,23951528
BAC,"Jul 31, 2026",61.54,62.24,61.54,61.95,61.95,0.0036,27087437
BAC,"Jul 30, 2026",61.52,61.93,61.03,61.73,61.73,0.0108,24423690
BAC,"Jul 29, 2026",62.51,62.65,60.91,61.07,61.07,-0.0248,37227914
BAC,"Jul 28, 2026",62.3,62.66,61.9,62.62,62.62,0.0079,26724708
BAC,"Jul 27, 2026",62.52,62.99,61.84,62.13,62.13,0.0013,36621062
BAC,"Jul 24, 2026",61.53,62.28,61.28,62.05,62.05,0.0126,28819525
BAC,"Jul 23, 2026",61.35,61.5,60.71,61.28,61.28,-0.0055000000000000005,28933981
BAC,"Jul 22, 2026",61.4,61.9,61.15,61.62,61.62,0.006500000000000001,51367389
BAC,"Jul 21, 2026",60.9,61.53,60.07,61.22,61.22,0.0132,31298194
BAC,"Jul 20, 2026",61.35,61.49,60.37,60.42,60.42,-0.0139,30411423
BAC,"Jul 17, 2026",61.25,62.12,60.66,61.27,61.27,-0.0036,44972887
BAC,"Jul 16, 2026",61.98,62.0,60.99,61.49,61.49,-0.0016,37187893
BAC,"Jul 15, 2026",61.32,62.03,61.11,61.59,61.59,0.016,42954532
BAC,"Jul 14, 2026",59.0,61.21,58.67,60.62,60.62,0.018799999999999997,49157853
BAC,"Jul 13, 2026",59.7,60.05,58.85,59.5,59.5,-0.0028000000000000004,27387198
BAC,"Jul 10, 2026",59.64,59.87,59.39,59.67,59.67,0.0070999999999999995,21776381
BAC,"Jul 9, 2026",58.45,59.43,58.41,59.25,59.25,0.0163,24160054
BAC,"Jul 8, 2026",59.37,59.57,58.3,58.3,58.3,-0.026099999999999998,29467094
BAC,"Jul 7, 2026",60.29,60.83,59.79,59.86,59.86,-0.0007000000000000001,29175133
BAC,"Jul 6, 2026",59.14,59.94,58.92,59.9,59.9,0.0199,34256295
BAC,"Jul 2, 2026",58.94,59.0,57.94,58.73,58.73,0.0063,29160558
BAC,"Jul 1, 2026",57.13,58.48,56.85,58.36,58.36,0.0242,34009040
BAC,"Jun 30, 2026",57.47,57.75,56.84,56.98,56.98,-0.0155,34576443
BAC,"Jun 29, 2026",57.76,58.34,57.61,57.88,57.88,,28825976
BAC,"Jun 26, 2026",58.54,58.63,57.44,57.88,57.88,-0.0053,47798084
BAC,"Jun 25, 2026",57.85,59.2,57.85,58.19,58.19,0.008,33242200
BAC,"Jun 24, 2026",58.21,58.33,57.39,57.73,57.73,-0.0031,29995047
BAC,"Jun 23, 2026",57.52,58.01,57.2,57.91,57.91,0.009399999999999999,29760966
BAC,"Jun 22, 2026",56.85,57.73,56.81,57.37,57.37,0.0208,38069189
BAC,"Jun 18, 2026",57.23,57.33,56.03,56.2,56.2,-0.0058,69086434
BAC,"Jun 17, 2026",57.14,57.98,56.3,56.53,56.53,-0.0055000000000000005,40085062
BAC,"Jun 16, 2026",56.5,57.07,56.23,56.84,56.84,0.0174,33094240
BAC,"Jun 15, 2026",56.62,57.0,55.74,55.87,55.87,-0.0027,30693042
BAC,"Jun 12, 2026",55.36,56.19,55.26,56.02,56.02,0.015600000000000001,29850967
BAC,"Jun 11, 2026",54.72,55.31,54.07,55.16,55.16,0.011399999999999999,31425631
BAC,"Jun 10, 2026",54.54,55.3,54.22,54.54,54.54,0.0022,35057592
BAC,"Jun 9, 2026",54.0,54.62,53.65,54.42,54.42,0.0147,31569946
BAC,"Jun 8, 2026",53.72,54.35,53.57,53.63,53.63,-0.0037,30027971
BAC,"Jun 5, 2026",54.17,54.28,53.32,53.83,53.83,-0.0011,38700706
BAC,"Jun 4, 2026",53.13,54.33,52.8,54.17,53.89,0.0338,50867733
BAC,"Jun 3, 2026",52.26,52.55,51.22,52.4,52.13,-0.0015,48065359
BAC,"Jun 2, 2026",51.26,52.71,51.26,52.48,52.21,0.018799999999999997,42126492
BAC,"Jun 1, 2026",51.31,51.83,50.85,51.51,51.24,-0.0017000000000000001,34303714
BAC,"May 29, 2026",50.97,51.8,50.61,51.6,51.33,0.0163,57930560
BAC,"May 28, 2026",50.92,51.5,50.64,50.77,50.51,-0.006500000000000001,48550106
BAC,"May 27, 2026",52.39,52.49,50.76,51.1,50.84,-0.021099999999999997,48581474
BAC,"May 26, 2026",52.22,52.5,51.88,52.2,51.93,0.0077,27397607
BAC,"May 22, 2026",51.69,52.15,51.65,51.8,51.53,0.006,26683681
BAC,"May 21, 2026",51.0,51.5,50.76,51.49,51.22,0.0051,27461928
BAC,"May 20, 2026",50.99,51.58,50.49,51.23,50.97,0.0105,47739417
BAC,"May 19, 2026",50.73,51.28,50.38,50.7,50.44,0.0002,44154636
BAC,"May 18, 2026",49.72,50.92,49.72,50.69,50.43,0.018500000000000003,33404075
BAC,"May 15, 2026",49.62,49.99,49.3,49.77,49.51,-0.0016,46282292
BAC,"May 14, 2026",50.06,50.47,49.49,49.85,49.59,0.0002,37671755
BAC,"May 13, 2026",50.36,50.78,49.8,49.84,49.58,-0.018500000000000003,29838010
BAC,"May 12, 2026",50.86,51.08,49.84,50.78,50.52,0.0045000000000000005,33518838
BAC,"May 11, 2026",51.21,51.39,50.27,50.55,50.29,-0.0148,33132236
BAC,"May 8, 2026",52.98,53.01,51.1,51.31,51.04,-0.0273,36111182
BAC,"May 7, 2026",53.55,54.0,52.5,52.75,52.48,-0.0159,28682052
BAC,"May 6, 2026",53.82,54.2,53.47,53.6,53.32,0.009000000000000001,27541194
BAC,"May 5, 2026",52.57,53.36,52.28,53.12,52.85,0.0178,28458642
BAC,"May 4, 2026",53.07,53.07,52.0,52.19,51.92,-0.0197,42928955
BAC,"May 1, 2026",53.69,54.06,53.09,53.24,52.96,-0.0040999999999999995,24824952
BAC,"Apr 30, 2026",52.61,53.66,52.15,53.46,53.18,0.011000000000000001,27089208
BAC,"Apr 29, 2026",52.43,53.02,51.83,52.88,52.61,0.0042,26250668
BAC,"Apr 28, 2026",53.02,53.43,52.63,52.66,52.39,0.0006,21164121
BAC,"Apr 27, 2026",51.99,52.93,51.83,52.63,52.36,0.0111,28043724
BAC,"Apr 24, 2026",52.32,52.51,51.93,52.05,51.78,-0.008,30265402
BAC,"Apr 23, 2026",53.06,53.52,52.25,52.47,52.2,-0.012199999999999999,31956276
BAC,"Apr 22, 2026",53.67,53.8,53.0,53.12,52.85,-0.0067,24097637
BAC,"Apr 21, 2026",54.0,54.65,53.21,53.48,53.2,-0.0087,34266256
BAC,"Apr 20, 2026",53.5,53.95,53.18,53.95,53.67,0.0007000000000000001,43999191
BAC,"Apr 17, 2026",54.16,54.6,53.75,53.91,53.63,0.0075,43484724
BAC,"Apr 16, 2026",54.04,54.51,53.47,53.51,53.23,-0.0149,35206733
BAC,"Apr 15, 2026",54.25,55.4,53.71,54.32,54.04,0.0182,63838206
BAC,"Apr 14, 2026",53.1,53.57,52.8,53.35,53.07,,40178472
BAC,"Apr 13, 2026",52.18,53.44,51.85,53.35,53.07,0.0154,27835292
BAC,"Apr 10, 2026",52.8,52.83,52.2,52.54,52.27,-0.0032,25225326
BAC,"Apr 9, 2026",51.63,52.84,51.63,52.71,52.44,0.016,32007987
BAC,"Apr 8, 2026",51.94,52.26,51.37,51.88,51.61,0.0318,36473548
BAC,"Apr 7, 2026",49.8,50.48,49.62,50.28,50.02,0.0044,28473178
BAC,"Apr 6, 2026",49.43,50.12,49.25,50.06,49.8,0.0138,28507199
BAC,"Apr 2, 2026",48.75,49.57,48.16,49.38,49.12,0.0022,27548242
BAC,"Apr 1, 2026",49.7,50.05,48.78,49.27,49.02,0.010700000000000001,32947016
BAC,"Mar 31, 2026",47.68,48.77,47.37,48.75,48.5,0.0322,49060591
BAC,"Mar 30, 2026",47.55,47.86,46.93,47.23,46.99,0.0055000000000000005,43375850
BAC,"Mar 27, 2026",48.07,48.25,46.84,46.97,46.73,-0.0263,36781861
BAC,"Mar 26, 2026",48.71,48.87,48.03,48.24,47.99,-0.0105,32502597
BAC,"Mar 25, 2026",48.52,49.11,48.18,48.75,48.5,0.0127,29988292
BAC,"Mar 24, 2026",47.05,48.46,47.02,48.14,47.89,0.013000000000000001,39804103
BAC,"Mar 23, 2026",48.34,48.39,47.48,47.52,47.27,0.0076,42333241
BAC,"Mar 20, 2026",47.13,47.46,46.69,47.16,46.92,0.0032,78060881
BAC,"Mar 19, 2026",46.42,47.19,46.12,47.01,46.77,0.0038,38601377
BAC,"Mar 18, 2026",47.22,47.88,46.69,46.83,46.59,-0.0095,40251811
BAC,"Mar 17, 2026",47.66,48.08,47.2,47.28,47.04,0.004699999999999999,33427815
BAC,"Mar 16, 2026",47.12,47.68,46.9,47.06,46.82,0.0073,38055608
BAC,"Mar 13, 2026",47.52,47.82,46.66,46.72,46.48,-0.0087,45473073
BAC,"Mar 12, 2026",47.7,47.78,46.79,47.13,46.89,-0.0286,58354534
BAC,"Mar 11, 2026",48.36,48.65,47.78,48.52,48.27,-0.0008,42185812
BAC,"Mar 10, 2026",48.28,49.15,47.6,48.56,48.31,0.0138,50271136
BAC,"Mar 9, 2026",47.94,48.15,46.77,47.9,47.65,-0.0152,62752798
BAC,"Mar 6, 2026",48.55,48.7,47.62,48.64,48.39,-0.018000000000000002,47015993
BAC,"Mar 5, 2026",49.82,50.43,49.33,49.81,49.27,-0.0097,39073943
BAC,"Mar 4, 2026",49.89,50.41,49.21,50.3,49.76,0.0066,34208496
BAC,"Mar 3, 2026",48.76,50.51,48.5,49.97,49.43,0.0032,51242938
BAC,"Mar 2, 2026",48.78,50.42,48.58,49.81,49.27,-0.0004,40595188
BAC,"Feb 27, 2026",51.08,51.41,49.32,49.83,49.29,-0.0472,77728699
BAC,"Feb 26, 2026",51.88,52.67,51.74,52.3,51.74,0.0118,52418498
BAC,"Feb 25, 2026",50.33,51.77,50.31,51.69,51.13,0.0254,41375022
BAC,"Feb 24, 2026",50.74,50.88,49.47,50.41,49.87,-0.0129,53062697
BAC,"Feb 23, 2026",52.84,53.26,50.89,51.07,50.52,-0.0375,50602478
HSBC,"Aug 21, 2026",103.95,104.45,103.56,104.15,104.15,0.0178,742046
HSBC,"Aug 20, 2026",103.01,103.5,102.18,102.33,102.33,0.0003,768915
HSBC,"Aug 19, 2026",103.83,103.85,102.04,102.3,102.3,-0.0085,1251581
HSBC,"Aug 18, 2026",103.84,104.2,102.81,103.18,103.18,-0.006,882496
HSBC,"Aug 17, 2026",104.26,104.66,103.77,103.8,103.8,0.0001,967024
HSBC,"Aug 14, 2026",104.03,104.34,103.49,103.79,103.79,0.0023,602633
HSBC,"Aug 13, 2026",104.29,104.41,103.41,104.05,103.56,-0.0007000000000000001,788755
HSBC,"Aug 12, 2026",103.84,104.24,103.58,104.12,103.62,0.0088,893563
HSBC,"Aug 11, 2026",104.01,104.41,103.15,103.21,102.72,-0.0011,827260
HSBC,"Aug 10, 2026",103.45,103.55,103.05,103.32,102.83,-0.004,866148
HSBC,"Aug 7, 2026",104.25,104.46,103.27,103.73,103.24,0.011399999999999999,1513706
HSBC,"Aug 6, 2026",103.31,103.36,102.38,102.56,102.07,-0.0012,1179338
HSBC,"Aug 5, 2026",101.99,102.96,101.73,102.68,102.19,-0.0317,2764885
HSBC,"Aug 4, 2026",106.7,107.85,105.91,106.04,105.54,-0.0169,2127876
HSBC,"Aug 3, 2026",107.47,107.92,106.78,107.86,107.35,0.013500000000000002,1336371
HSBC,"Jul 31, 2026",106.74,106.9,105.25,106.42,105.91,-0.0063,1555260
HSBC,"Jul 30, 2026",106.38,107.59,106.06,107.09,106.58,0.0438,1680357
HSBC,"Jul 29, 2026",103.5,104.17,102.38,102.6,102.11,-0.0106,1493476
HSBC,"Jul 28, 2026",102.76,103.9,102.2,103.7,103.21,-0.0026,1014666
HSBC,"Jul 27, 2026",103.92,104.33,102.99,103.97,103.48,0.0055000000000000005,980821
HSBC,"Jul 24, 2026",103.2,103.94,103.0,103.4,102.91,0.016200000000000003,1085531
HSBC,"Jul 23, 2026",101.74,102.29,101.56,101.75,101.27,-0.0132,1223696
HSBC,"Jul 22, 2026",102.94,103.5,102.76,103.11,102.62,0.0197,1763135
HSBC,"Jul 21, 2026",100.64,101.65,99.96,101.12,100.64,0.0213,1021605
HSBC,"Jul 20, 2026",100.39,100.43,98.6,99.01,98.54,-0.0159,1626820
HSBC,"Jul 17, 2026",98.53,100.77,98.37,100.61,100.13,0.0009,1794391
HSBC,"Jul 16, 2026",100.28,101.1,99.69,100.52,100.04,0.0006,1471009
HSBC,"Jul 15, 2026",99.96,100.73,99.72,100.46,99.98,0.012199999999999999,1204935
HSBC,"Jul 14, 2026",99.32,100.8,98.78,99.25,98.78,0.0118,1425075
HSBC,"Jul 13, 2026",98.37,98.37,97.46,98.09,97.62,-0.0101,1385166
HSBC,"Jul 10, 2026",98.74,99.47,98.33,99.09,98.62,0.0109,1099405
HSBC,"Jul 9, 2026",97.81,98.28,97.69,98.02,97.55,0.020099999999999996,965262
HSBC,"Jul 8, 2026",96.88,96.98,95.18,96.09,95.63,-0.0134,1209125
HSBC,"Jul 7, 2026",98.1,98.6,97.16,97.4,96.94,-0.013600000000000001,1151508
HSBC,"Jul 6, 2026",97.55,98.78,97.53,98.74,98.27,0.0203,1183716
HSBC,"Jul 2, 2026",97.06,97.88,96.09,96.78,96.32,0.0101,1247617
HSBC,"Jul 1, 2026",94.73,96.42,94.66,95.81,95.35,0.0076,1390443
HSBC,"Jun 30, 2026",95.44,95.64,94.61,95.09,94.64,0.0001,1080487
HSBC,"Jun 29, 2026",94.71,95.19,94.02,95.08,94.63,0.014199999999999999,1571757
HSBC,"Jun 26, 2026",94.0,94.52,93.25,93.75,93.3,-0.0138,933686
HSBC,"Jun 25, 2026",95.84,96.04,94.88,95.06,94.61,0.0129,1135596
HSBC,"Jun 24, 2026",94.54,94.62,93.57,93.85,93.4,-0.0182,1659920
HSBC,"Jun 23, 2026",95.49,96.22,95.3,95.59,95.14,-0.0095,1051482
HSBC,"Jun 22, 2026",96.61,96.9,96.15,96.51,96.05,0.016200000000000003,1104880
HSBC,"Jun 18, 2026",95.29,95.87,94.92,94.97,94.52,-0.0027,1404579
HSBC,"Jun 17, 2026",95.84,96.63,94.94,95.23,94.78,0.0083,1965490
HSBC,"Jun 16, 2026",94.92,95.41,94.31,94.45,94.0,0.0165,1206986
HSBC,"Jun 15, 2026",93.68,93.8,92.86,92.92,92.48,0.0027,1315294
HSBC,"Jun 12, 2026",91.98,92.75,91.67,92.67,92.23,0.0215,1677190
HSBC,"Jun 11, 2026",88.65,90.86,88.28,90.72,90.29,0.0529,1882925
HSBC,"Jun 10, 2026",86.94,87.22,86.12,86.16,85.75,-0.0356,2552700
HSBC,"Jun 9, 2026",90.63,91.02,87.62,89.34,88.91,-0.0239,3875191
HSBC,"Jun 8, 2026",92.13,92.58,91.3,91.53,91.09,0.008,1510619
HSBC,"Jun 5, 2026",91.87,92.13,90.34,90.8,90.37,-0.0197,2327904
HSBC,"Jun 4, 2026",90.8,92.81,90.69,92.62,92.18,-0.0109,2659548
HSBC,"Jun 3, 2026",94.43,94.55,93.6,93.64,93.19,-0.0165,1362544
HSBC,"Jun 2, 2026",94.21,95.61,94.19,95.21,94.76,0.0218,1468492
HSBC,"Jun 1, 2026",92.31,93.44,91.95,93.18,92.74,-0.006,2331185
HSBC,"May 29, 2026",93.99,94.65,93.58,93.74,93.29,0.0085,1571292
HSBC,"May 28, 2026",92.57,93.37,91.9,92.95,92.51,-0.0183,2183259
HSBC,"May 27, 2026",95.04,95.22,93.99,94.68,94.23,0.01,1763386
HSBC,"May 26, 2026",93.91,94.33,93.05,93.74,93.29,0.0187,1109635
HSBC,"May 22, 2026",92.64,92.76,91.88,92.02,91.58,-0.0003,1070446
HSBC,"May 21, 2026",90.49,92.71,90.38,92.05,91.61,0.0007000000000000001,1566501
HSBC,"May 20, 2026",89.76,92.31,89.6,91.99,91.55,0.0398,2069290
HSBC,"May 19, 2026",89.27,89.52,88.44,88.47,88.05,-0.0184,1517246
HSBC,"May 18, 2026",89.88,90.42,89.36,90.13,89.7,0.019799999999999998,1541943
HSBC,"May 15, 2026",88.69,88.69,87.88,88.38,87.96,-0.0204,1296853
HSBC,"May 14, 2026",91.14,91.65,90.62,90.72,89.8,0.001,1456736
HSBC,"May 13, 2026",89.18,91.09,89.16,90.63,89.71,0.0073,1026432
HSBC,"May 12, 2026",88.66,90.17,88.56,89.97,89.05,-0.0064,1215771
HSBC,"May 11, 2026",90.95,91.11,90.38,90.55,89.63,0.0043,1297611
HSBC,"May 8, 2026",90.13,90.51,89.65,90.16,89.24,0.0134,1771540
HSBC,"May 7, 2026",91.49,91.54,88.87,88.97,88.06,-0.026600000000000002,1838556
HSBC,"May 6, 2026",91.92,92.34,90.91,91.4,90.47,0.0458,1858755
HSBC,"May 5, 2026",86.39,87.57,85.21,87.4,86.51,-0.030299999999999997,3252636
HSBC,"May 4, 2026",91.51,91.68,89.98,90.13,89.21,-0.019799999999999998,1349350
HSBC,"May 1, 2026",91.73,92.82,91.42,91.95,91.01,0.001,1666712
HSBC,"Apr 30, 2026",91.04,92.19,90.75,91.86,90.92,0.028900000000000002,1728724
HSBC,"Apr 29, 2026",90.38,90.41,89.15,89.28,88.37,-0.0077,1813797
HSBC,"Apr 28, 2026",89.87,90.48,89.54,89.97,89.05,0.0001,1273540
HSBC,"Apr 27, 2026",89.93,90.39,89.51,89.96,89.04,0.003,1251360
HSBC,"Apr 24, 2026",89.55,90.03,89.25,89.69,88.78,0.0006,1167226
HSBC,"Apr 23, 2026",90.51,90.74,88.64,89.64,88.73,-0.0092,2469591
HSBC,"Apr 22, 2026",91.57,91.59,90.24,90.47,89.55,-0.0019,2233138
HSBC,"Apr 21, 2026",92.24,92.46,90.59,90.64,89.72,-0.0104,2005052
HSBC,"Apr 20, 2026",91.65,91.92,90.99,91.59,90.66,-0.0062,1510276
HSBC,"Apr 17, 2026",92.26,92.98,92.03,92.16,91.22,0.0181,1407316
HSBC,"Apr 16, 2026",91.53,91.75,90.36,90.52,89.6,-0.0045000000000000005,1330641
HSBC,"Apr 15, 2026",91.23,91.33,90.78,90.93,90.0,-0.0048,1410179
HSBC,"Apr 14, 2026",90.9,91.55,90.7,91.37,90.44,0.0043,1447199
HSBC,"Apr 13, 2026",89.42,91.14,89.15,90.98,90.05,0.008,1433146
HSBC,"Apr 10, 2026",90.93,90.93,90.17,90.26,89.34,-0.0001,1300576
HSBC,"Apr 9, 2026",89.23,90.67,89.08,90.27,89.35,,1766800
HSBC,"Apr 8, 2026",91.39,91.63,89.47,90.27,89.35,0.0601,4240955
HSBC,"Apr 7, 2026",84.24,85.3,83.44,85.15,84.28,0.006,2041120
HSBC,"Apr 6, 2026",84.62,85.15,84.35,84.64,83.78,0.0027,1229307
HSBC,"Apr 2, 2026",82.56,84.95,82.37,84.41,83.55,-0.0123,2146223
HSBC,"Apr 1, 2026",84.9,86.22,84.33,85.46,84.59,0.036000000000000004,4277764
HSBC,"Mar 31, 2026",81.41,82.58,80.65,82.49,81.65,0.039599999999999996,2161303
HSBC,"Mar 30, 2026",79.71,80.41,78.98,79.35,78.54,0.002,1707138
HSBC,"Mar 27, 2026",79.39,80.47,78.86,79.19,78.38,-0.0055000000000000005,2641967
HSBC,"Mar 26, 2026",80.59,81.04,79.53,79.63,78.82,-0.0196,1755738
HSBC,"Mar 25, 2026",81.44,81.61,80.45,81.22,80.39,0.0246,2155888
HSBC,"Mar 24, 2026",78.24,79.79,78.06,79.27,78.46,-0.006999999999999999,2563617
HSBC,"Mar 23, 2026",79.53,81.0,79.19,79.83,79.02,0.0374,2950960
HSBC,"Mar 20, 2026",79.0,79.19,76.21,76.95,76.17,-0.0316,3817466
HSBC,"Mar 19, 2026",77.56,79.82,77.53,79.46,78.65,-0.006,2665697
HSBC,"Mar 18, 2026",80.9,81.35,79.87,79.94,79.13,-0.011899999999999999,1395588
HSBC,"Mar 17, 2026",81.38,81.66,80.82,80.9,80.08,0.0073,1545937
HSBC,"Mar 16, 2026",80.0,80.75,79.84,80.31,79.49,0.0271,1647681
HSBC,"Mar 13, 2026",79.61,80.08,78.04,78.19,77.39,-0.0216,2936366
HSBC,"Mar 12, 2026",82.6,83.04,81.45,82.16,79.1,-0.0443,2585697
HSBC,"Mar 11, 2026",85.24,86.33,85.06,85.97,82.77,0.0015,1837118
HSBC,"Mar 10, 2026",86.6,87.28,85.48,85.84,82.64,0.0040999999999999995,1890216
HSBC,"Mar 9, 2026",83.6,85.89,82.42,85.49,82.31,0.0171,2382774
HSBC,"Mar 6, 2026",83.27,84.36,82.83,84.05,80.92,-0.019799999999999998,2000169
HSBC,"Mar 5, 2026",86.03,86.69,84.93,85.75,82.56,-0.0165,1931498
HSBC,"Mar 4, 2026",86.21,87.31,85.77,87.19,83.94,0.0199,2025319
HSBC,"Mar 3, 2026",83.64,85.93,82.99,85.49,82.31,-0.0473,3706563
HSBC,"Mar 2, 2026",88.59,90.39,88.56,89.73,86.39,-0.0368,2713992
HSBC,"Feb 27, 2026",94.06,94.3,92.69,93.16,89.69,-0.014199999999999999,2059096
HSBC,"Feb 26, 2026",93.75,94.8,93.37,94.5,90.98,0.0032,2810528
HSBC,"Feb 25, 2026",92.6,94.78,92.36,94.2,90.69,0.0719,3084385
HSBC,"Feb 24, 2026",87.1,88.07,86.69,87.88,84.61,0.0055000000000000005,2012408
HSBC,"Feb 23, 2026",88.64,89.07,86.92,87.4,84.15,-0.0085,1666653
MS,"Aug 21, 2026",210.08,214.57,209.13,214.2,214.2,0.0325,4295592
MS,"Aug 20, 2026",214.29,215.07,207.32,207.45,207.45,-0.0316,4867623
MS,"Aug 19, 2026",218.78,218.78,213.56,214.23,214.23,-0.015300000000000001,4862284
MS,"Aug 18, 2026",217.06,217.7,215.19,217.55,217.55,-0.003,2754085
MS,"Aug 17, 2026",217.36,220.53,217.36,218.21,218.21,0.0039000000000000003,3295483
MS,"Aug 14, 2026",217.8,218.72,215.3,217.36,217.36,-0.004699999999999999,3405338
MS,"Aug 13, 2026",219.3,222.0,217.88,218.38,218.38,0.0034000000000000002,3565843
MS,"Aug 12, 2026",218.49,220.5,216.98,217.64,217.64,0.011899999999999999,3679160
MS,"Aug 11, 2026",216.32,217.21,213.52,215.07,215.07,-0.0012,3776724
MS,"Aug 10, 2026",216.33,217.62,214.38,215.33,215.33,-0.0046,3746260
MS,"Aug 7, 2026",213.74,216.47,211.81,216.33,216.33,0.0121,5221941
MS,"Aug 6, 2026",219.01,219.78,213.54,213.75,213.75,-0.0207,3523740
MS,"Aug 5, 2026",218.14,220.12,217.12,218.27,218.27,0.005699999999999999,4213100
MS,"Aug 4, 2026",213.67,218.76,211.51,217.04,217.04,0.0275,8798462
MS,"Aug 3, 2026",211.46,211.69,208.01,211.23,211.23,0.0038,4978965
MS,"Jul 31, 2026",210.7,213.46,208.69,210.42,210.42,0.0072,4705654
MS,"Jul 30, 2026",207.5,211.15,205.3,210.06,208.91,0.0341,6823950
MS,"Jul 29, 2026",212.09,212.35,202.94,203.13,202.02,-0.039900000000000005,6724577
MS,"Jul 28, 2026",213.75,213.75,207.29,211.58,210.42,-0.0139,6026101
MS,"Jul 27, 2026",218.02,219.4,210.89,214.56,213.39,0.0004,4958470
MS,"Jul 24, 2026",216.4,216.4,211.21,214.48,213.31,-0.0033,4091409
MS,"Jul 23, 2026",214.89,217.26,213.72,215.18,214.0,-0.0152,4962077
MS,"Jul 22, 2026",215.52,219.63,215.52,218.5,217.3,0.0097,3683211
MS,"Jul 21, 2026",213.66,217.4,212.25,216.4,215.22,0.0259,6999805
MS,"Jul 20, 2026",215.52,219.74,210.35,210.94,209.79,-0.0212,6816465
MS,"Jul 17, 2026",214.4,218.38,207.4,215.5,214.32,-0.0131,7852152
MS,"Jul 16, 2026",228.23,228.23,215.79,218.37,217.17,-0.044500000000000005,8313657
MS,"Jul 15, 2026",222.7,232.25,221.22,228.55,227.3,0.0039000000000000003,10865568
MS,"Jul 14, 2026",224.32,232.11,224.1,227.67,226.42,0.0298,9306199
MS,"Jul 13, 2026",222.46,223.45,218.75,221.09,219.88,-0.0054,4550347
MS,"Jul 10, 2026",223.91,224.75,220.85,222.28,221.06,0.0007000000000000001,3617794
MS,"Jul 9, 2026",221.0,224.44,220.01,222.13,220.91,0.018600000000000002,4073164
MS,"Jul 8, 2026",220.0,220.91,216.1,218.07,216.88,-0.0179,4108715
MS,"Jul 7, 2026",221.54,223.26,219.82,222.04,220.82,-0.0003,5413304
MS,"Jul 6, 2026",217.0,222.14,216.37,222.1,220.88,0.0382,4567727
MS,"Jul 2, 2026",214.71,215.86,211.55,213.93,212.76,0.0098,3745519
MS,"Jul 1, 2026",208.96,213.19,206.72,211.86,210.7,0.013500000000000002,4689986
MS,"Jun 30, 2026",210.17,211.71,208.18,209.04,207.9,-0.0127,5599401
MS,"Jun 29, 2026",214.33,217.0,211.69,211.72,210.56,-0.0015,5426407
MS,"Jun 26, 2026",219.7,219.75,211.36,212.03,210.87,-0.0408,9919131
MS,"Jun 25, 2026",222.99,227.48,220.85,221.04,219.83,0.0054,5258000
MS,"Jun 24, 2026",224.6,226.5,219.81,219.86,218.66,-0.0273,6971000
MS,"Jun 23, 2026",222.51,227.95,222.12,226.03,224.79,-0.004699999999999999,6052807
MS,"Jun 22, 2026",226.71,228.23,224.99,227.09,225.85,0.0176,6870811
MS,"Jun 18, 2026",229.09,230.47,222.89,223.17,221.95,-0.008,11933213
MS,"Jun 17, 2026",222.11,228.07,221.36,224.96,223.73,0.0187,8689713
MS,"Jun 16, 2026",220.51,222.3,218.59,220.83,219.62,0.0131,5091719
MS,"Jun 15, 2026",218.76,220.6,216.85,217.98,216.79,0.0184,5862503
MS,"Jun 12, 2026",215.05,217.62,212.66,214.04,212.87,0.006500000000000001,4694348
MS,"Jun 11, 2026",208.79,212.83,207.0,212.66,211.5,0.028999999999999998,4631547
MS,"Jun 10, 2026",208.94,210.24,205.83,206.66,205.53,-0.0171,5362802
MS,"Jun 9, 2026",214.42,215.24,206.06,210.25,209.1,-0.009399999999999999,7841209
MS,"Jun 8, 2026",213.27,215.9,211.74,212.24,211.08,0.0015,4732047
MS,"Jun 5, 2026",218.32,218.32,211.16,211.93,210.77,-0.028999999999999998,6170991
MS,"Jun 4, 2026",212.01,219.16,211.15,218.27,217.08,0.0387,5565328
MS,"Jun 3, 2026",212.85,213.49,208.79,210.14,208.99,-0.0225,5957318
MS,"Jun 2, 2026",210.26,217.03,210.26,214.98,213.8,0.018799999999999997,7664436
MS,"Jun 1, 2026",207.61,212.11,206.6,211.01,209.85,0.014499999999999999,6431496
MS,"May 29, 2026",204.0,208.08,203.72,208.0,206.86,0.0207,8256932
MS,"May 28, 2026",199.92,204.38,199.68,203.79,202.67,0.0108,6179058
MS,"May 27, 2026",202.05,202.53,197.01,201.61,200.51,-0.0007000000000000001,6734344
MS,"May 26, 2026",202.85,203.92,199.87,201.76,200.66,0.0036,5569488
MS,"May 22, 2026",201.13,203.09,200.63,201.03,199.93,0.0026,3738520
MS,"May 21, 2026",197.81,200.75,196.9,200.51,199.41,0.0139,5817425
MS,"May 20, 2026",191.96,198.07,190.09,197.77,196.69,0.0432,7201060
MS,"May 19, 2026",191.55,192.84,188.94,189.58,188.54,-0.0161,6357946
MS,"May 18, 2026",192.62,194.81,191.14,192.69,191.64,0.0009,3770372
MS,"May 15, 2026",193.88,194.43,191.11,192.51,191.46,-0.0104,5937714
MS,"May 14, 2026",195.62,197.5,193.41,194.53,193.47,0.0036,4784979
MS,"May 13, 2026",190.71,194.95,189.6,193.83,192.77,0.0102,4463681
MS,"May 12, 2026",190.2,192.38,186.45,191.88,190.83,0.0040999999999999995,5333288
MS,"May 11, 2026",192.36,193.67,190.04,191.1,190.05,-0.0103,5272549
MS,"May 8, 2026",190.88,193.5,190.47,193.09,192.03,0.0154,5873843
MS,"May 7, 2026",193.16,194.25,189.67,190.17,189.13,-0.016399999999999998,5761867
MS,"May 6, 2026",192.17,194.83,192.17,193.35,192.29,0.0217,6319466
MS,"May 5, 2026",189.34,190.45,187.95,189.25,188.21,0.0066,4807883
MS,"May 4, 2026",189.93,190.35,187.12,188.01,186.98,-0.011399999999999999,3832993
MS,"May 1, 2026",190.49,193.5,188.77,190.17,189.13,-0.0022,4742870
MS,"Apr 30, 2026",185.6,190.73,184.9,190.59,189.55,0.0242,5664866
MS,"Apr 29, 2026",190.01,190.51,185.25,187.08,185.06,-0.0172,5107604
MS,"Apr 28, 2026",191.31,192.65,188.66,190.36,188.31,0.0009,4107454
MS,"Apr 27, 2026",187.87,190.59,187.75,190.18,188.13,0.011200000000000002,4163602
MS,"Apr 24, 2026",188.79,189.05,187.12,188.07,186.04,-0.0031,4530626
MS,"Apr 23, 2026",190.66,191.76,186.9,188.65,186.61,-0.0126,3814434
MS,"Apr 22, 2026",191.68,192.23,189.82,191.05,188.99,0.0092,4492143
MS,"Apr 21, 2026",190.79,193.14,188.71,189.31,187.27,-0.0073,5154944
MS,"Apr 20, 2026",188.92,192.2,188.02,190.7,188.64,0.01,4905525
MS,"Apr 17, 2026",189.5,191.22,188.23,188.82,186.78,0.008,6846103
MS,"Apr 16, 2026",190.93,192.51,186.67,187.32,185.3,-0.022400000000000003,9138058
MS,"Apr 15, 2026",188.49,194.59,187.92,191.62,189.55,0.0452,9853752
MS,"Apr 14, 2026",182.87,184.59,181.75,183.34,181.36,0.0121,8803639
MS,"Apr 13, 2026",175.76,181.18,175.01,181.14,179.19,0.0197,6282929
MS,"Apr 10, 2026",178.66,178.66,174.7,177.64,175.72,-0.0029,4240084
MS,"Apr 9, 2026",175.17,179.0,174.8,178.16,176.24,0.012199999999999999,5299306
MS,"Apr 8, 2026",176.9,181.26,174.49,176.02,174.12,0.0451,7662573
MS,"Apr 7, 2026",165.69,168.9,165.29,168.43,166.61,0.0113,6036381
MS,"Apr 6, 2026",165.88,167.63,165.44,166.55,164.75,0.0045000000000000005,3675126
MS,"Apr 2, 2026",161.99,167.0,160.57,165.81,164.02,-0.0022,5107711
MS,"Apr 1, 2026",168.91,169.29,163.2,166.17,164.38,0.0097,7117003
MS,"Mar 31, 2026",161.5,165.29,159.65,164.57,162.79,0.0391,8081688
MS,"Mar 30, 2026",160.15,161.24,157.22,158.37,156.66,-0.0001,6261594
MS,"Mar 27, 2026",161.0,161.23,157.33,158.39,156.68,-0.0297,6368398
MS,"Mar 26, 2026",164.65,166.33,162.48,163.23,161.47,-0.0146,6175716
MS,"Mar 25, 2026",166.8,168.81,164.0,165.65,163.86,-0.0013,6444852
MS,"Mar 24, 2026",162.44,167.12,162.23,165.87,164.08,0.009399999999999999,6016222
MS,"Mar 23, 2026",166.26,168.14,164.16,164.32,162.55,0.0177,10128393
MS,"Mar 20, 2026",158.36,163.14,157.25,161.47,159.73,0.0184,14621269
MS,"Mar 19, 2026",156.99,159.62,156.53,158.55,156.84,-0.0024,6418285
MS,"Mar 18, 2026",157.02,160.64,156.52,158.93,157.22,0.006999999999999999,9140916
MS,"Mar 17, 2026",157.3,160.64,157.3,157.83,156.13,0.0137,6528555
MS,"Mar 16, 2026",156.46,159.09,154.79,155.7,154.02,0.0054,5498435
MS,"Mar 13, 2026",154.89,157.24,153.86,154.87,153.2,0.0032,6001912
MS,"Mar 12, 2026",154.37,156.25,152.8,154.37,152.7,-0.0405,11195743
MS,"Mar 11, 2026",160.0,161.76,157.85,160.89,159.15,0.0009,5463208
MS,"Mar 10, 2026",161.84,163.48,159.86,160.75,159.02,0.0019,4314603
MS,"Mar 9, 2026",157.92,161.85,154.07,160.45,158.72,0.0011,7480807
MS,"Mar 6, 2026",159.51,160.35,155.35,160.27,158.54,-0.013999999999999999,8045962
MS,"Mar 5, 2026",165.38,167.97,160.51,162.55,160.8,-0.03,7284322
MS,"Mar 4, 2026",167.58,169.2,166.52,167.58,165.77,0.0098,5307789
MS,"Mar 3, 2026",162.46,167.32,159.95,165.95,164.16,-0.0063,7495728
MS,"Mar 2, 2026",162.64,169.6,162.15,167.0,165.2,0.0029,9212626
MS,"Feb 27, 2026",174.0,174.13,164.4,166.51,164.71,-0.061900000000000004,12400414
MS,"Feb 26, 2026",174.88,177.83,174.45,177.49,175.57,0.0216,6901596
MS,"Feb 25, 2026",170.7,174.04,169.65,173.73,171.86,0.029300000000000003,7098545
MS,"Feb 24, 2026",165.47,170.32,164.11,168.79,166.97,0.011899999999999999,7413835
MS,"Feb 23, 2026",173.96,175.62,166.61,166.8,165.0,-0.049100000000000005,7795461
GS,"Aug 21, 2026",1015.99,1043.66,1008.85,1039.28,1039.28,0.0373,2528545
GS,"Aug 20, 2026",1016.99,1026.42,1001.68,1001.95,1001.95,-0.019299999999999998,1631176
GS,"Aug 19, 2026",1044.82,1044.82,1014.5,1021.65,1021.65,-0.0181,2647628
GS,"Aug 18, 2026",1040.0,1043.5,1026.08,1040.47,1040.47,-0.0103,1852027
GS,"Aug 17, 2026",1040.79,1054.63,1038.14,1051.31,1051.31,0.011399999999999999,1439544
GS,"Aug 14, 2026",1040.91,1043.74,1029.58,1039.42,1039.42,-0.0031,1588220
GS,"Aug 13, 2026",1040.61,1059.07,1038.47,1042.63,1042.63,0.0052,1420373
GS,"Aug 12, 2026",1055.0,1056.05,1031.74,1037.21,1037.21,0.0027,1710229
GS,"Aug 11, 2026",1036.39,1043.43,1027.19,1034.41,1034.41,-0.0001,1709685
GS,"Aug 10, 2026",1039.61,1045.43,1030.07,1034.51,1034.51,-0.0049,1694120
GS,"Aug 7, 2026",1038.34,1047.0,1032.03,1039.61,1039.61,0.0068000000000000005,1321167
GS,"Aug 6, 2026",1062.04,1068.04,1030.78,1032.58,1032.58,-0.0262,1536159
GS,"Aug 5, 2026",1063.71,1077.21,1060.02,1060.38,1060.38,0.006999999999999999,1640372
GS,"Aug 4, 2026",1050.0,1066.16,1043.27,1052.98,1052.98,0.0252,2591779
GS,"Aug 3, 2026",1025.0,1027.96,1005.16,1027.06,1027.06,0.0085,1703511
GS,"Jul 31, 2026",1034.72,1042.98,1008.6,1018.38,1018.38,-0.0063,1549273
GS,"Jul 30, 2026",1007.36,1029.79,998.51,1024.86,1024.86,0.045,2294587
GS,"Jul 29, 2026",1025.0,1028.12,977.7,980.75,980.75,-0.0509,3164194
GS,"Jul 28, 2026",1041.93,1047.71,1011.87,1033.34,1033.34,-0.014199999999999999,2130961
GS,"Jul 27, 2026",1080.18,1088.5,1029.0,1048.23,1048.23,-0.012199999999999999,2527036
GS,"Jul 24, 2026",1075.0,1077.38,1051.82,1061.23,1061.23,-0.0126,1365513
GS,"Jul 23, 2026",1072.52,1084.73,1062.48,1074.72,1074.72,-0.021400000000000002,1778671
GS,"Jul 22, 2026",1078.52,1106.66,1078.0,1098.2,1098.2,0.0116,1527166
GS,"Jul 21, 2026",1070.07,1088.48,1063.0,1085.56,1085.56,0.028900000000000002,1592001
GS,"Jul 20, 2026",1074.65,1087.9,1053.66,1055.03,1055.03,-0.0096,1680139
GS,"Jul 17, 2026",1071.64,1085.93,1047.15,1065.22,1065.22,-0.0276,2153138
GS,"Jul 16, 2026",1147.65,1152.45,1089.01,1095.46,1095.46,-0.049100000000000005,2502897
GS,"Jul 15, 2026",1148.42,1153.99,1117.4,1152.07,1152.07,0.0106,2692468
GS,"Jul 14, 2026",1085.0,1143.84,1082.0,1140.0,1140.0,0.09,3735968
GS,"Jul 13, 2026",1056.34,1057.82,1036.84,1045.91,1045.91,-0.0088,1783781
GS,"Jul 10, 2026",1063.21,1067.17,1048.0,1055.18,1055.18,-0.0007000000000000001,1104997
GS,"Jul 9, 2026",1055.0,1064.01,1042.61,1055.97,1055.97,0.0256,1213649
GS,"Jul 8, 2026",1030.0,1040.18,1011.92,1029.64,1029.64,-0.0128,1506560
GS,"Jul 7, 2026",1052.0,1053.86,1035.13,1042.98,1042.98,-0.011699999999999999,1322087
GS,"Jul 6, 2026",1029.88,1055.29,1029.0,1055.29,1055.29,0.0336,1532035
GS,"Jul 2, 2026",1038.99,1039.28,1009.73,1021.0,1021.0,0.0014000000000000002,1378634
GS,"Jul 1, 2026",1010.0,1033.53,1003.0,1019.61,1019.61,0.008100000000000001,1562418
GS,"Jun 30, 2026",1019.29,1026.32,1006.11,1011.37,1011.37,-0.0087,2548428
GS,"Jun 29, 2026",1029.19,1035.93,1016.17,1020.21,1020.21,0.0006,1844570
GS,"Jun 26, 2026",1054.74,1057.0,1013.38,1019.61,1019.61,-0.042699999999999995,3691503
GS,"Jun 25, 2026",1095.62,1105.25,1062.1,1065.09,1065.09,-0.011000000000000001,1759080
GS,"Jun 24, 2026",1090.0,1090.1,1068.51,1076.91,1076.91,-0.016,1833352
GS,"Jun 23, 2026",1077.34,1103.55,1069.0,1094.44,1094.44,-0.0108,1936464
GS,"Jun 22, 2026",1109.7,1115.98,1091.63,1106.37,1106.37,0.0089,1854991
GS,"Jun 18, 2026",1120.0,1125.0,1093.33,1096.56,1096.56,-0.0023,4386749
GS,"Jun 17, 2026",1098.46,1121.95,1094.29,1099.14,1099.14,0.0078000000000000005,2175356
GS,"Jun 16, 2026",1086.0,1097.25,1085.53,1090.67,1090.67,0.013500000000000002,1854051
GS,"Jun 15, 2026",1089.52,1094.18,1075.0,1076.17,1076.17,0.0126,2268442
GS,"Jun 12, 2026",1053.0,1073.74,1048.06,1062.75,1062.75,0.0262,2199009
GS,"Jun 11, 2026",1013.5,1036.92,1000.45,1035.64,1035.64,0.034300000000000004,2511309
GS,"Jun 10, 2026",1028.35,1036.31,1000.04,1001.29,1001.29,-0.0298,2255122
GS,"Jun 9, 2026",1061.79,1064.35,1006.3,1032.01,1032.01,-0.0124,2774004
GS,"Jun 8, 2026",1052.78,1063.18,1042.33,1045.0,1045.0,0.0060999999999999995,2273117
GS,"Jun 5, 2026",1092.82,1098.36,1035.6,1038.68,1038.68,-0.049400000000000006,2633512
GS,"Jun 4, 2026",1052.87,1095.9,1050.0,1092.61,1092.61,0.0496,2524552
GS,"Jun 3, 2026",1055.28,1055.97,1031.01,1041.02,1041.02,-0.022099999999999998,2387489
GS,"Jun 2, 2026",1049.74,1073.97,1047.89,1064.58,1064.58,0.015300000000000001,2101845
GS,"Jun 1, 2026",1015.33,1051.2,1011.6,1048.58,1048.58,0.027000000000000003,2656727
GS,"May 29, 2026",1009.27,1027.22,1004.0,1025.56,1021.06,0.017,2158796
GS,"May 28, 2026",986.42,1009.97,982.45,1008.37,1003.95,0.011899999999999999,2274973
GS,"May 27, 2026",995.91,1003.65,974.42,996.47,992.1,0.002,2197548
GS,"May 26, 2026",1006.53,1016.54,987.03,994.52,990.16,-0.0022,2081723
GS,"May 22, 2026",994.63,1005.36,990.9,996.73,992.36,0.0087,1924892
GS,"May 21, 2026",982.21,999.5,970.3,988.17,983.83,0.0062,2452318
GS,"May 20, 2026",945.0,982.73,940.5,982.12,977.81,0.0575,3104417
GS,"May 19, 2026",933.22,939.64,923.81,928.74,924.66,-0.018600000000000002,1767342
GS,"May 18, 2026",947.74,961.69,938.55,946.36,942.21,-0.0022,1508183
GS,"May 15, 2026",953.65,959.5,941.61,948.47,944.31,-0.021099999999999997,1862658
GS,"May 14, 2026",966.9,975.66,960.5,968.96,964.71,0.014199999999999999,1898031
GS,"May 13, 2026",941.84,959.55,933.08,955.42,951.23,0.0101,2355240
GS,"May 12, 2026",942.16,948.5,920.8,945.9,941.75,0.0011,2236454
GS,"May 11, 2026",932.65,949.78,926.63,944.86,940.71,0.0089,2411447
GS,"May 8, 2026",936.0,939.78,927.46,936.48,932.37,0.0115,1665037
GS,"May 7, 2026",937.93,945.29,921.98,925.87,921.81,-0.012199999999999999,1715327
GS,"May 6, 2026",935.93,944.06,931.33,937.35,933.24,0.020099999999999996,2318249
GS,"May 5, 2026",909.73,921.75,908.22,918.89,914.86,0.0173,1507210
GS,"May 4, 2026",922.27,925.0,899.0,903.27,899.31,-0.022099999999999998,1660107
GS,"May 1, 2026",916.4,935.78,912.14,923.71,919.66,-0.0001,1359755
GS,"Apr 30, 2026",910.41,928.0,905.0,923.77,919.72,0.020099999999999996,1880306
GS,"Apr 29, 2026",927.5,930.0,899.16,905.6,901.63,-0.0226,1725854
GS,"Apr 28, 2026",941.24,945.3,924.24,926.55,922.48,-0.012,1501634
GS,"Apr 27, 2026",926.04,941.73,926.0,937.81,933.7,0.0118,1223013
GS,"Apr 24, 2026",930.49,932.92,919.22,926.91,922.84,-0.004699999999999999,1263285
GS,"Apr 23, 2026",935.0,944.39,920.69,931.3,927.21,-0.0038,1655033
GS,"Apr 22, 2026",939.0,940.98,931.15,934.84,930.74,0.0089,1382617
GS,"Apr 21, 2026",944.5,952.01,922.54,926.55,922.48,-0.0161,1765397
GS,"Apr 20, 2026",923.68,941.8,922.99,941.74,937.61,0.0171,2374272
GS,"Apr 17, 2026",915.5,929.19,912.22,925.95,921.89,0.0288,2805147
GS,"Apr 16, 2026",897.99,907.96,895.85,900.0,896.05,0.0006,1742311
GS,"Apr 15, 2026",915.0,927.79,897.1,899.49,895.54,-0.0111,2403919
GS,"Apr 14, 2026",894.42,914.19,890.1,909.63,905.64,0.021099999999999997,2822631
GS,"Apr 13, 2026",875.55,896.94,865.34,890.79,886.88,-0.0187,4236179
GS,"Apr 10, 2026",903.37,908.96,895.0,907.8,903.82,0.0045000000000000005,1642709
GS,"Apr 9, 2026",902.0,909.4,895.29,903.72,899.75,-0.0022,1797804
GS,"Apr 8, 2026",903.01,918.12,893.6,905.75,901.78,0.0481,2438967
GS,"Apr 7, 2026",858.0,867.97,850.0,864.15,860.36,-0.0022,1498382
GS,"Apr 6, 2026",863.0,873.21,859.77,866.05,862.25,0.0034999999999999996,1444532
GS,"Apr 2, 2026",838.39,867.3,831.0,863.04,859.25,0.0033,1717678
GS,"Apr 1, 2026",859.95,870.2,850.15,860.21,856.44,0.0168,1803625
GS,"Mar 31, 2026",823.9,848.5,810.0,845.99,842.28,0.0475,2689828
GS,"Mar 30, 2026",811.12,818.63,801.88,807.6,804.06,0.0059,1621403
GS,"Mar 27, 2026",813.67,817.1,797.78,802.89,799.37,-0.024,2106773
GS,"Mar 26, 2026",833.79,844.8,816.11,822.64,819.03,-0.022799999999999997,2052166
GS,"Mar 25, 2026",845.01,854.75,833.9,841.84,838.15,0.0073,1628908
GS,"Mar 24, 2026",824.93,844.5,818.0,835.72,832.05,0.0054,1656051
GS,"Mar 23, 2026",833.0,849.53,829.0,831.27,827.62,0.0218,2190280
GS,"Mar 20, 2026",807.0,827.23,804.93,813.53,809.96,0.005,3918407
GS,"Mar 19, 2026",792.93,816.18,790.59,809.5,805.95,0.005,1765919
GS,"Mar 18, 2026",801.0,816.19,801.0,805.48,801.95,-0.0019,1541291
GS,"Mar 17, 2026",806.3,820.44,803.47,807.04,803.5,0.0154,1955568
GS,"Mar 16, 2026",792.0,805.46,790.0,794.77,791.28,0.0161,2082689
GS,"Mar 13, 2026",789.36,798.0,780.5,782.21,778.78,-0.0067,2567411
GS,"Mar 12, 2026",805.32,807.21,784.1,787.52,784.06,-0.044000000000000004,3533042
GS,"Mar 11, 2026",829.95,832.8,810.54,823.76,820.15,-0.0121,2236531
GS,"Mar 10, 2026",834.68,846.09,826.35,833.81,830.15,0.0021,1871901
GS,"Mar 9, 2026",810.0,836.68,795.0,832.03,828.38,0.0129,3258185
GS,"Mar 6, 2026",816.0,827.16,801.33,821.42,817.82,-0.0168,2472991
GS,"Mar 5, 2026",862.01,866.52,822.2,835.46,831.79,-0.036699999999999997,3096912
GS,"Mar 4, 2026",869.84,878.8,860.0,867.25,863.44,0.0054,2081820
GS,"Mar 3, 2026",836.0,868.34,824.64,862.58,858.8,0.001,3782323
GS,"Mar 2, 2026",840.0,873.63,836.0,861.7,857.92,0.0078000000000000005,2873190
GS,"Feb 27, 2026",912.0,916.25,854.15,859.57,851.32,-0.0747,5552255
GS,"Feb 26, 2026",927.76,938.39,921.54,929.0,920.08,0.0083,2220304
GS,"Feb 25, 2026",914.72,922.51,907.52,921.38,912.53,0.0212,1763623
GS,"Feb 24, 2026",885.44,911.77,881.65,902.27,893.61,0.011200000000000002,1971522
GS,"Feb 23, 2026",918.5,932.0,883.75,892.31,883.74,-0.0325,2535866
RY,"Aug 21, 2026",206.27,207.8,204.58,205.23,205.23,0.0001,1448481
RY,"Aug 20, 2026",206.46,207.65,204.08,205.21,205.21,-0.0116,974854
RY,"Aug 19, 2026",214.48,214.55,207.22,207.62,207.62,-0.0252,2608779
RY,"Aug 18, 2026",216.03,216.07,210.86,212.99,212.99,-0.0148,653672
RY,"Aug 17, 2026",216.54,218.11,216.09,216.19,216.19,-0.0017000000000000001,576038
RY,"Aug 14, 2026",215.63,216.7,215.03,216.56,216.56,0.0073,1118126
RY,"Aug 13, 2026",213.54,215.71,213.54,215.0,215.0,0.0070999999999999995,1655969
RY,"Aug 12, 2026",210.94,213.54,210.28,213.48,213.48,0.015300000000000001,1277273
RY,"Aug 11, 2026",211.66,213.0,210.26,210.26,210.26,-0.0025,1107889
RY,"Aug 10, 2026",210.42,213.11,210.42,210.79,210.79,-0.0014000000000000002,579953
RY,"Aug 7, 2026",212.19,212.68,209.93,211.08,211.08,-0.0017000000000000001,572442
RY,"Aug 6, 2026",211.92,212.65,210.05,211.45,211.45,0.0009,772472
RY,"Aug 5, 2026",208.49,212.3,208.03,211.27,211.27,0.0131,836426
RY,"Aug 4, 2026",210.71,210.9,208.52,208.54,208.54,-0.0092,893155
RY,"Aug 3, 2026",210.54,210.93,208.91,210.47,210.47,0.0046,343389
RY,"Jul 31, 2026",210.34,211.15,209.17,209.51,209.51,-0.0029,841449
RY,"Jul 30, 2026",208.58,210.71,208.19,210.12,210.12,0.0178,844343
RY,"Jul 29, 2026",211.92,211.92,205.9,206.45,206.45,-0.0279,1297610
RY,"Jul 28, 2026",209.09,212.68,207.61,212.38,212.38,0.0137,918772
RY,"Jul 27, 2026",208.26,209.8,207.51,209.51,209.51,0.008,877775
RY,"Jul 24, 2026",208.95,210.15,208.06,209.09,207.84,0.003,3093804
RY,"Jul 23, 2026",209.77,209.81,207.14,208.46,207.21,-0.0141,1200011
RY,"Jul 22, 2026",211.23,212.53,210.13,211.45,210.19,0.0027,1432764
RY,"Jul 21, 2026",210.89,211.56,209.4,210.88,209.62,0.0024,1705488
RY,"Jul 20, 2026",215.75,215.9,210.29,210.37,209.11,-0.0235,1809420
RY,"Jul 17, 2026",214.79,217.52,213.53,215.43,214.14,-0.003,1211858
RY,"Jul 16, 2026",218.0,218.57,215.37,216.07,214.78,-0.0083,1566504
RY,"Jul 15, 2026",214.39,217.87,214.35,217.87,216.57,0.0179,1530919
RY,"Jul 14, 2026",211.59,214.48,211.55,214.04,212.76,0.0159,1643554
RY,"Jul 13, 2026",211.4,212.36,209.12,210.69,209.43,-0.0019,1657361
RY,"Jul 10, 2026",209.38,211.39,208.68,211.09,209.83,0.0121,848445
RY,"Jul 9, 2026",206.69,209.01,206.42,208.56,207.31,0.013600000000000001,897988
RY,"Jul 8, 2026",208.82,209.09,204.49,205.77,204.54,-0.0158,1393323
RY,"Jul 7, 2026",208.07,209.64,207.38,209.07,207.82,0.0049,1409554
RY,"Jul 6, 2026",204.83,208.05,204.7,208.05,206.81,0.0159,1460549
RY,"Jul 2, 2026",209.35,209.35,203.53,204.79,203.57,-0.0169,2803207
RY,"Jul 1, 2026",206.5,209.37,205.71,208.31,207.06,0.006500000000000001,752733
RY,"Jun 30, 2026",205.25,207.22,204.7,206.97,205.73,0.0106,2151577
RY,"Jun 29, 2026",202.97,204.98,202.74,204.79,203.57,0.0096,1268361
RY,"Jun 26, 2026",203.87,204.25,201.57,202.85,201.64,-0.0043,2633067
RY,"Jun 25, 2026",203.15,204.82,202.73,203.73,202.51,0.0078000000000000005,1878853
RY,"Jun 24, 2026",203.25,203.55,201.5,202.16,200.95,-0.0038,2542299
RY,"Jun 23, 2026",201.7,203.01,200.73,202.93,201.72,0.0009,2553298
RY,"Jun 22, 2026",200.8,203.29,200.75,202.74,201.53,0.0059,2722561
RY,"Jun 18, 2026",201.4,202.6,200.45,201.56,200.36,0.0043,2514888
RY,"Jun 17, 2026",200.95,202.9,200.05,200.7,199.5,-0.0021,1895545
RY,"Jun 16, 2026",200.15,201.24,199.11,201.13,199.93,0.0103,1170982
RY,"Jun 15, 2026",200.85,201.65,197.47,199.07,197.88,-0.0024,2437903
RY,"Jun 12, 2026",199.78,201.74,198.99,199.54,198.35,0.0014000000000000002,1964585
RY,"Jun 11, 2026",198.43,199.77,196.11,199.27,198.08,0.0084,1788764
RY,"Jun 10, 2026",197.77,200.05,197.39,197.61,196.43,-0.0014000000000000002,2370228
RY,"Jun 9, 2026",196.38,198.57,195.56,197.89,196.71,0.0132,1161892
RY,"Jun 8, 2026",195.06,196.53,194.38,195.32,194.15,0.0066,975806
RY,"Jun 5, 2026",194.55,195.53,193.83,194.04,192.88,-0.0048,1312448
RY,"Jun 4, 2026",192.0,195.4,191.93,194.97,193.8,0.0204,883648
RY,"Jun 3, 2026",190.1,192.03,190.07,191.08,189.94,-0.0003,1913357
RY,"Jun 2, 2026",188.07,191.36,188.05,191.13,189.99,0.013600000000000001,1253861
RY,"Jun 1, 2026",190.5,190.5,187.58,188.56,187.43,-0.0051,2015355
RY,"May 29, 2026",189.44,190.8,186.95,189.53,188.4,0.0034000000000000002,2132877
RY,"May 28, 2026",187.71,190.13,186.42,188.89,187.76,-0.0013,1448240
RY,"May 27, 2026",189.44,190.97,188.46,189.13,188.0,-0.0044,1237944
RY,"May 26, 2026",190.54,191.51,188.52,189.97,188.83,0.0014000000000000002,994933
RY,"May 22, 2026",190.0,190.36,189.14,189.71,188.58,0.0028000000000000004,677874
RY,"May 21, 2026",186.19,189.62,185.71,189.18,188.05,0.0105,787546
RY,"May 20, 2026",184.16,187.63,184.0,187.22,186.1,0.020099999999999996,793929
RY,"May 19, 2026",184.29,185.34,183.28,183.53,182.43,-0.0068000000000000005,1089937
RY,"May 18, 2026",183.86,185.16,183.75,184.79,183.69,0.0076,316055
RY,"May 15, 2026",182.77,183.46,181.52,183.4,182.3,-0.0023,743351
RY,"May 14, 2026",180.72,183.87,180.72,183.83,182.73,0.0217,712447
RY,"May 13, 2026",181.72,183.13,179.08,179.92,178.84,-0.0129,2336682
RY,"May 12, 2026",181.12,182.34,179.69,182.28,181.19,0.0079,1064779
RY,"May 11, 2026",181.82,182.1,180.14,180.85,179.77,-0.0046,1162098
RY,"May 8, 2026",181.45,181.85,180.42,181.68,180.59,0.0018,2303898
RY,"May 7, 2026",181.73,182.73,180.56,181.35,180.27,-0.0015,696696
RY,"May 6, 2026",179.97,182.15,179.97,181.63,180.54,0.0176,749828
RY,"May 5, 2026",178.29,179.71,178.13,178.48,177.41,0.0031,684481
RY,"May 4, 2026",178.43,178.91,177.46,177.93,176.87,-0.009000000000000001,629355
RY,"May 1, 2026",180.13,180.9,179.19,179.54,178.47,-0.0024,604143
RY,"Apr 30, 2026",175.57,180.22,175.57,179.97,178.89,0.0271,1370882
RY,"Apr 29, 2026",177.64,177.64,175.11,175.22,174.17,-0.0143,1287968
RY,"Apr 28, 2026",176.54,177.85,176.21,177.76,176.7,0.0062,1433230
RY,"Apr 27, 2026",175.4,176.67,175.4,176.67,175.61,0.0076,2243108
RY,"Apr 24, 2026",174.8,176.19,173.5,175.33,174.28,0.0024,2918998
RY,"Apr 23, 2026",174.79,175.67,173.32,174.91,173.86,-0.0016,3741619
RY,"Apr 22, 2026",178.05,178.29,176.3,176.39,174.14,-0.006,5586350
RY,"Apr 21, 2026",180.23,180.81,177.25,177.45,175.19,-0.014199999999999999,1304956
RY,"Apr 20, 2026",178.42,180.09,178.38,180.01,177.72,0.0088,1069906
RY,"Apr 17, 2026",176.53,179.7,176.52,178.44,176.17,0.0147,2343985
RY,"Apr 16, 2026",175.67,175.99,174.86,175.85,173.61,-0.0006,2295986
RY,"Apr 15, 2026",175.46,176.02,174.92,175.95,173.71,0.006,1108733
RY,"Apr 14, 2026",173.41,174.93,173.41,174.9,172.67,0.0070999999999999995,1260576
RY,"Apr 13, 2026",171.11,173.67,170.13,173.67,171.46,0.0102,2379475
RY,"Apr 10, 2026",171.3,172.51,171.04,171.91,169.72,0.0066,1235001
RY,"Apr 9, 2026",169.24,171.32,168.71,170.79,168.61,0.0078000000000000005,2473783
RY,"Apr 8, 2026",169.39,169.95,167.99,169.47,167.31,0.024700000000000003,2498078
RY,"Apr 7, 2026",164.03,165.6,163.08,165.39,163.28,0.005699999999999999,789373
RY,"Apr 6, 2026",163.55,164.93,163.55,164.45,162.35,0.006500000000000001,816744
RY,"Apr 2, 2026",161.66,163.69,161.32,163.39,161.31,-0.0002,785651
RY,"Apr 1, 2026",162.88,164.19,162.75,163.42,161.34,0.0101,1361235
RY,"Mar 31, 2026",159.15,161.85,158.88,161.78,159.72,0.024900000000000002,1094865
RY,"Mar 30, 2026",158.27,159.84,156.92,157.85,155.84,-0.0023,1174619
RY,"Mar 27, 2026",159.69,159.87,157.57,158.21,156.19,-0.0124,2204957
RY,"Mar 26, 2026",161.13,162.76,160.04,160.19,158.15,-0.014199999999999999,1706970
RY,"Mar 25, 2026",163.76,163.76,161.52,162.5,160.43,0.0024,1720403
RY,"Mar 24, 2026",160.6,162.6,159.95,162.11,160.04,0.0018,1332220
RY,"Mar 23, 2026",160.52,163.27,160.4,161.82,159.76,0.0165,1402175
RY,"Mar 20, 2026",160.32,161.03,158.21,159.2,157.17,-0.006999999999999999,1330306
RY,"Mar 19, 2026",161.44,161.6,159.84,160.33,158.29,-0.0124,1276382
RY,"Mar 18, 2026",163.74,164.93,162.13,162.35,160.28,-0.011399999999999999,2350577
RY,"Mar 17, 2026",164.8,165.41,164.09,164.22,162.13,0.0021,1988542
RY,"Mar 16, 2026",162.88,164.79,162.75,163.88,161.79,0.016200000000000003,1088182
RY,"Mar 13, 2026",163.0,164.05,160.96,161.26,159.21,-0.0105,876592
RY,"Mar 12, 2026",164.01,164.11,162.31,162.97,160.89,-0.0123,913118
RY,"Mar 11, 2026",165.49,166.12,164.4,165.0,162.9,-0.0025,1157156
RY,"Mar 10, 2026",164.31,167.17,163.76,165.41,163.3,0.0121,1255865
RY,"Mar 9, 2026",161.61,164.3,160.67,163.44,161.36,-0.0005,1446717
RY,"Mar 6, 2026",162.54,164.19,161.31,163.52,161.44,-0.0054,1174426
RY,"Mar 5, 2026",165.15,166.32,163.17,164.41,162.32,-0.009300000000000001,1371795
RY,"Mar 4, 2026",167.67,167.67,165.33,165.95,163.84,0.0003,1150506
RY,"Mar 3, 2026",165.15,167.11,163.55,165.9,163.79,-0.0161,992576
RY,"Mar 2, 2026",164.5,168.93,163.55,168.62,166.47,0.0083,1055650
RY,"Feb 27, 2026",169.89,170.93,166.18,167.23,165.1,-0.015300000000000001,2485389
RY,"Feb 26, 2026",173.34,173.34,168.5,169.83,167.67,-0.0219,1701138
RY,"Feb 25, 2026",171.06,174.84,171.01,173.64,171.43,0.0175,1252599
RY,"Feb 24, 2026",169.99,170.87,168.63,170.65,168.48,0.0004,973442
RY,"Feb 23, 2026",172.59,173.55,169.55,170.59,168.42,-0.0109,1340870
WFC,"Aug 21, 2026",84.5,85.0,83.48,83.84,83.84,0.0017000000000000001,12388451
WFC,"Aug 20, 2026",85.62,85.67,83.62,83.7,83.7,-0.026099999999999998,10934072
WFC,"Aug 19, 2026",87.41,87.41,85.59,85.94,85.94,-0.0167,10597578
WFC,"Aug 18, 2026",88.3,88.3,86.85,87.4,87.4,-0.0016,8156239
WFC,"Aug 17, 2026",88.72,89.53,87.48,87.54,87.54,-0.0144,9996206
WFC,"Aug 14, 2026",88.07,88.84,87.76,88.82,88.82,0.008100000000000001,8679321
WFC,"Aug 13, 2026",89.36,89.5,87.78,88.11,88.11,-0.0092,10437208
WFC,"Aug 12, 2026",88.0,89.22,87.4,88.93,88.93,0.0169,10230313
WFC,"Aug 11, 2026",87.62,88.5,87.25,87.45,87.45,-0.0008,7605636
WFC,"Aug 10, 2026",86.91,87.81,86.57,87.52,87.52,0.0031,11985496
WFC,"Aug 7, 2026",86.46,87.36,86.04,87.25,87.25,0.0018,7206323
WFC,"Aug 6, 2026",89.84,90.17,87.2,87.59,87.09,-0.0177,12374862
WFC,"Aug 5, 2026",89.23,89.62,88.84,89.17,88.66,0.0088,9613342
WFC,"Aug 4, 2026",87.56,89.43,87.37,88.39,87.89,0.005699999999999999,16454060
WFC,"Aug 3, 2026",87.56,87.97,86.41,87.89,87.39,0.0167,11180019
WFC,"Jul 31, 2026",86.0,86.74,85.44,86.45,85.96,0.011899999999999999,14776700
WFC,"Jul 30, 2026",84.58,85.58,84.02,85.43,84.94,0.018600000000000002,15140307
WFC,"Jul 29, 2026",86.85,87.02,83.71,83.87,83.39,-0.0345,18076854
WFC,"Jul 28, 2026",87.75,88.22,86.41,86.87,86.37,-0.0046,16571788
WFC,"Jul 27, 2026",87.3,87.9,86.9,87.27,86.77,0.0111,10385652
WFC,"Jul 24, 2026",85.95,86.95,85.7,86.31,85.82,0.0014000000000000002,11871398
WFC,"Jul 23, 2026",85.78,86.49,85.1,86.19,85.7,-0.0027,11220731
WFC,"Jul 22, 2026",88.19,88.19,86.25,86.42,85.93,-0.015,15478709
WFC,"Jul 21, 2026",86.68,88.26,85.89,87.74,87.24,0.0163,17605642
WFC,"Jul 20, 2026",87.88,88.57,86.06,86.33,85.84,-0.013500000000000002,17536136
WFC,"Jul 17, 2026",87.74,89.79,86.5,87.51,87.01,-0.0064,22762721
WFC,"Jul 16, 2026",87.95,88.9,87.21,88.07,87.57,0.0064,20161034
WFC,"Jul 15, 2026",85.94,87.63,85.7,87.51,87.01,0.026000000000000002,28730320
WFC,"Jul 14, 2026",84.85,88.68,83.83,85.29,84.8,-0.0271,38942956
WFC,"Jul 13, 2026",87.89,88.01,86.11,87.67,87.17,0.0059,15026803
WFC,"Jul 10, 2026",87.5,87.84,86.65,87.16,86.66,0.0029,14054846
WFC,"Jul 9, 2026",85.85,87.45,85.65,86.91,86.41,0.0158,13325323
WFC,"Jul 8, 2026",86.52,86.77,85.1,85.56,85.07,-0.018600000000000002,9978634
WFC,"Jul 7, 2026",88.03,88.57,86.89,87.18,86.68,-0.0031,10029490
WFC,"Jul 6, 2026",86.0,87.63,85.92,87.45,86.95,0.0227,9914207
WFC,"Jul 2, 2026",86.61,86.8,85.09,85.51,85.02,-0.005,10783846
WFC,"Jul 1, 2026",82.83,86.05,82.75,85.94,85.45,0.039900000000000005,14670601
WFC,"Jun 30, 2026",83.7,83.8,82.52,82.64,82.17,-0.0104,17283422
WFC,"Jun 29, 2026",83.76,84.58,83.47,83.51,83.03,-0.0042,16658290
WFC,"Jun 26, 2026",84.83,85.16,83.1,83.86,83.38,-0.0104,20829294
WFC,"Jun 25, 2026",84.28,86.3,84.28,84.74,84.26,0.0052,11410113
WFC,"Jun 24, 2026",84.19,84.49,83.51,84.3,83.82,0.002,11424857
WFC,"Jun 23, 2026",84.01,84.33,83.05,84.13,83.65,0.0034999999999999996,11612299
WFC,"Jun 22, 2026",82.72,84.13,82.69,83.84,83.36,0.02,18657592
WFC,"Jun 18, 2026",84.93,85.57,81.95,82.2,81.73,-0.0192,36738626
WFC,"Jun 17, 2026",85.13,87.08,83.59,83.81,83.33,-0.0146,19403502
WFC,"Jun 16, 2026",84.0,85.06,83.94,85.05,84.56,0.023,12400514
WFC,"Jun 15, 2026",84.42,84.93,83.03,83.14,82.67,-0.006999999999999999,14526909
WFC,"Jun 12, 2026",82.93,84.1,82.62,83.73,83.25,0.0161,10526034
WFC,"Jun 11, 2026",82.55,82.91,80.83,82.4,81.93,0.0052,10929908
WFC,"Jun 10, 2026",81.85,83.18,81.45,81.97,81.5,-0.0004,12580845
WFC,"Jun 9, 2026",81.25,82.56,80.93,82.0,81.53,0.0128,15565497
WFC,"Jun 8, 2026",81.81,82.54,80.83,80.96,80.5,-0.012,11481245
WFC,"Jun 5, 2026",82.15,82.45,81.45,81.94,81.47,0.0039000000000000003,15110579
WFC,"Jun 4, 2026",79.97,81.89,79.72,81.62,81.15,0.0374,19452068
WFC,"Jun 3, 2026",78.88,79.13,77.4,78.68,78.23,-0.0096,15236588
WFC,"Jun 2, 2026",76.81,79.54,76.72,79.44,78.99,0.0294,19447408
WFC,"Jun 1, 2026",76.75,78.02,76.5,77.17,76.73,-0.0048,15558441
WFC,"May 29, 2026",76.62,77.75,76.34,77.54,77.1,0.0116,22327065
WFC,"May 28, 2026",75.84,77.62,75.35,76.65,76.21,0.0070999999999999995,14147679
WFC,"May 27, 2026",77.13,77.71,75.18,76.11,75.68,-0.0182,15579835
WFC,"May 26, 2026",76.91,77.67,76.77,77.52,77.08,0.0147,21960664
WFC,"May 22, 2026",76.36,76.85,76.12,76.4,75.96,0.0063,8735496
WFC,"May 21, 2026",75.59,76.06,74.91,75.92,75.49,0.0015,9433384
WFC,"May 20, 2026",74.89,76.3,73.98,75.81,75.38,0.0169,14695343
WFC,"May 19, 2026",74.48,75.35,73.85,74.55,74.12,0.0024,18649756
WFC,"May 18, 2026",73.33,74.77,73.33,74.37,73.95,0.0129,16934192
WFC,"May 15, 2026",73.94,74.06,72.78,73.42,73.0,-0.005,16479034
WFC,"May 14, 2026",73.98,74.49,73.22,73.79,73.37,0.0034999999999999996,19388468
WFC,"May 13, 2026",74.15,74.76,73.28,73.53,73.11,-0.0219,16343943
WFC,"May 12, 2026",73.9,75.25,72.87,75.18,74.75,0.0217,21003421
WFC,"May 11, 2026",75.67,75.72,73.19,73.58,73.16,-0.027200000000000002,25403874
WFC,"May 8, 2026",79.0,79.03,75.55,75.64,75.21,-0.039,31062116
WFC,"May 7, 2026",80.69,81.01,78.69,79.16,78.26,-0.015700000000000002,19094825
WFC,"May 6, 2026",80.79,81.48,80.35,80.42,79.51,0.0066,14347479
WFC,"May 5, 2026",79.4,80.11,79.01,79.89,78.98,0.009000000000000001,11379946
WFC,"May 4, 2026",80.58,80.87,79.18,79.18,78.28,-0.0202,12968812
WFC,"May 1, 2026",82.25,82.66,80.81,80.81,79.89,-0.0173,14632654
WFC,"Apr 30, 2026",80.82,82.63,80.01,82.23,81.3,0.0088,13535891
WFC,"Apr 29, 2026",81.24,82.0,80.7,81.51,80.58,0.0001,19930693
WFC,"Apr 28, 2026",81.32,81.95,80.94,81.5,80.57,0.011699999999999999,14826699
WFC,"Apr 27, 2026",79.39,80.89,79.34,80.56,79.64,0.0144,20114398
WFC,"Apr 24, 2026",80.11,80.37,79.25,79.42,78.52,-0.013500000000000002,15419558
WFC,"Apr 23, 2026",80.56,81.37,79.74,80.51,79.6,-0.0009,13906529
WFC,"Apr 22, 2026",81.55,81.88,80.17,80.58,79.66,-0.011899999999999999,13724228
WFC,"Apr 21, 2026",82.15,83.1,81.2,81.55,80.62,-0.0051,17387311
WFC,"Apr 20, 2026",81.55,82.41,81.24,81.97,81.04,0.0069,14240496
WFC,"Apr 17, 2026",82.13,82.6,81.03,81.41,80.49,0.002,24033858
WFC,"Apr 16, 2026",80.09,81.87,80.0,81.25,80.33,0.012,20713322
WFC,"Apr 15, 2026",80.92,81.69,80.15,80.29,79.38,-0.0173,31493994
WFC,"Apr 14, 2026",83.02,83.16,80.32,81.7,80.77,-0.057,32845556
WFC,"Apr 13, 2026",84.59,86.7,84.07,86.64,85.66,0.014499999999999999,14506617
WFC,"Apr 10, 2026",85.83,85.9,84.99,85.4,84.43,-0.0072,7946221
WFC,"Apr 9, 2026",84.45,86.15,84.44,86.02,85.04,0.0161,10496437
WFC,"Apr 8, 2026",84.5,85.73,84.25,84.66,83.7,0.0356,15130288
WFC,"Apr 7, 2026",81.41,82.09,80.9,81.75,80.82,-0.0012,8820853
WFC,"Apr 6, 2026",80.96,81.87,80.76,81.85,80.92,0.0155,7069410
WFC,"Apr 2, 2026",79.41,80.84,78.69,80.6,79.68,0.0004,10001816
WFC,"Apr 1, 2026",81.19,81.7,80.18,80.57,79.65,0.0121,14979446
WFC,"Mar 31, 2026",77.83,79.74,77.45,79.61,78.71,0.0366,19097629
WFC,"Mar 30, 2026",77.88,78.22,76.49,76.8,75.93,-0.0051,14311545
WFC,"Mar 27, 2026",78.62,78.63,76.86,77.19,76.31,-0.0232,13674879
WFC,"Mar 26, 2026",79.89,80.3,78.72,79.02,78.12,-0.0154,15430484
WFC,"Mar 25, 2026",79.51,80.79,79.33,80.26,79.35,0.008199999999999999,17213443
WFC,"Mar 24, 2026",77.63,80.47,77.58,79.61,78.71,0.017,19134339
WFC,"Mar 23, 2026",79.49,79.8,78.12,78.28,77.39,0.0088,15320803
WFC,"Mar 20, 2026",76.4,77.92,76.21,77.6,76.72,0.0158,40461099
WFC,"Mar 19, 2026",75.68,76.8,74.68,76.39,75.52,0.0026,18744421
WFC,"Mar 18, 2026",75.81,76.89,75.81,76.19,75.32,-0.0005,12951232
WFC,"Mar 17, 2026",76.5,77.17,75.82,76.23,75.36,0.0063,18173447
WFC,"Mar 16, 2026",74.83,75.89,74.37,75.75,74.89,0.0223,17836282
WFC,"Mar 13, 2026",75.65,76.21,74.03,74.1,73.26,-0.015300000000000001,15496904
WFC,"Mar 12, 2026",75.48,75.54,74.65,75.25,74.4,-0.0212,24794091
WFC,"Mar 11, 2026",78.05,78.23,76.5,76.88,76.01,-0.0181,17497291
WFC,"Mar 10, 2026",78.95,79.8,77.45,78.3,77.41,-0.0067,18481718
WFC,"Mar 9, 2026",79.43,79.79,76.86,78.83,77.93,-0.019799999999999998,24959470
WFC,"Mar 6, 2026",80.26,80.57,77.94,80.42,79.51,-0.0206,16798897
WFC,"Mar 5, 2026",83.65,83.8,81.19,82.11,81.18,-0.0217,20939177
WFC,"Mar 4, 2026",82.69,84.04,82.03,83.93,82.98,0.017,18061158
WFC,"Mar 3, 2026",81.0,83.49,79.85,82.53,81.59,-0.0006,19018618
WFC,"Mar 2, 2026",79.15,83.07,78.94,82.58,81.64,0.0139,21834278
WFC,"Feb 27, 2026",84.67,84.82,80.45,81.45,80.52,-0.0562,29145017
WFC,"Feb 26, 2026",86.89,88.32,85.58,86.3,85.32,-0.0053,18768354
WFC,"Feb 25, 2026",85.19,86.92,84.97,86.76,85.77,0.0259,16620717
WFC,"Feb 24, 2026",84.4,85.19,82.47,84.57,83.61,-0.0068000000000000005,18817658
WFC,"Feb 23, 2026",88.17,88.6,83.78,85.15,84.18,-0.04,20607036
MUFG,"Aug 21, 2026",22.1,22.19,21.96,22.04,22.04,0.0223,1894782
MUFG,"Aug 20, 2026",21.58,21.79,21.51,21.56,21.56,,2533444
MUFG,"Aug 19, 2026",22.33,22.33,21.49,21.56,21.56,-0.051100000000000007,6311658
MUFG,"Aug 18, 2026",22.95,22.97,22.65,22.72,22.72,-0.013500000000000002,2030732
MUFG,"Aug 17, 2026",22.89,23.15,22.86,23.03,23.03,-0.0013,3024759
MUFG,"Aug 14, 2026",23.2,23.24,22.96,23.06,23.06,-0.0017000000000000001,2677411
MUFG,"Aug 13, 2026",23.16,23.24,23.04,23.1,23.1,0.0149,2497941
MUFG,"Aug 12, 2026",22.82,22.86,22.72,22.76,22.76,0.028900000000000002,2287758
MUFG,"Aug 11, 2026",22.2,22.36,22.09,22.12,22.12,-0.0054,1590402
MUFG,"Aug 10, 2026",22.14,22.24,22.07,22.24,22.24,-0.0111,1837996
MUFG,"Aug 7, 2026",22.58,22.62,22.39,22.49,22.49,-0.0013,2196111
MUFG,"Aug 6, 2026",22.69,22.7,22.48,22.52,22.52,0.0045000000000000005,2211677
MUFG,"Aug 5, 2026",22.57,22.64,22.4,22.42,22.42,0.027000000000000003,3092808
MUFG,"Aug 4, 2026",22.07,22.07,21.81,21.83,21.83,-0.029300000000000003,4699319
MUFG,"Aug 3, 2026",22.74,22.87,22.35,22.49,22.49,0.0018,3760208
MUFG,"Jul 31, 2026",22.41,22.65,22.35,22.45,22.45,-0.0022,4723310
MUFG,"Jul 30, 2026",21.88,22.5,21.86,22.5,22.5,0.0255,4507792
MUFG,"Jul 29, 2026",22.4,22.42,21.94,21.94,21.94,-0.0218,3889989
MUFG,"Jul 28, 2026",22.31,22.55,22.24,22.43,22.43,-0.028999999999999998,3250217
MUFG,"Jul 27, 2026",23.17,23.25,22.87,23.1,23.1,0.0092,3484818
MUFG,"Jul 24, 2026",23.0,23.08,22.89,22.89,22.89,0.011899999999999999,2829495
MUFG,"Jul 23, 2026",22.63,22.68,22.52,22.62,22.62,0.009399999999999999,3578856
MUFG,"Jul 22, 2026",22.32,22.53,22.32,22.41,22.41,0.0131,2664131
MUFG,"Jul 21, 2026",22.0,22.21,21.89,22.12,22.12,0.0332,2311828
MUFG,"Jul 20, 2026",21.45,21.62,21.38,21.41,21.41,0.0042,3198991
MUFG,"Jul 17, 2026",21.32,21.55,21.19,21.32,21.32,-0.0366,5051172
MUFG,"Jul 16, 2026",22.37,22.43,22.13,22.13,22.13,-0.0281,3771049
MUFG,"Jul 15, 2026",22.78,22.83,22.58,22.77,22.77,0.012,2628923
MUFG,"Jul 14, 2026",22.31,22.78,22.27,22.5,22.5,0.0255,5123637
MUFG,"Jul 13, 2026",22.03,22.06,21.84,21.94,21.94,0.0134,3845709
MUFG,"Jul 10, 2026",21.48,21.73,21.48,21.65,21.65,0.018799999999999997,2098020
MUFG,"Jul 9, 2026",21.12,21.32,21.09,21.25,21.25,0.008100000000000001,2867118
MUFG,"Jul 8, 2026",21.08,21.24,20.91,21.08,21.08,-0.009899999999999999,4245964
MUFG,"Jul 7, 2026",21.44,21.5,21.17,21.29,21.29,0.005699999999999999,3063128
MUFG,"Jul 6, 2026",20.95,21.21,20.95,21.17,21.17,0.027200000000000002,4090033
MUFG,"Jul 2, 2026",20.79,20.85,20.48,20.61,20.61,0.0168,3763454
MUFG,"Jul 1, 2026",20.07,20.33,20.07,20.27,20.27,0.0191,2710584
MUFG,"Jun 30, 2026",19.82,19.93,19.78,19.89,19.89,-0.0045000000000000005,2261988
MUFG,"Jun 29, 2026",19.95,20.04,19.86,19.98,19.98,-0.0089,2081322
MUFG,"Jun 26, 2026",20.09,20.33,20.08,20.16,20.16,0.006999999999999999,2341855
MUFG,"Jun 25, 2026",20.09,20.22,19.94,20.02,20.02,0.0106,2988809
MUFG,"Jun 24, 2026",19.9,19.91,19.73,19.81,19.81,-0.0178,2996678
MUFG,"Jun 23, 2026",20.2,20.32,20.03,20.17,20.17,-0.0331,3274716
MUFG,"Jun 22, 2026",20.95,21.15,20.79,20.86,20.86,-0.0104,5227326
MUFG,"Jun 18, 2026",21.14,21.18,21.02,21.08,21.08,0.0159,3641803
MUFG,"Jun 17, 2026",20.56,21.05,20.56,20.75,20.75,0.0222,4801099
MUFG,"Jun 16, 2026",20.32,20.36,20.22,20.3,20.3,0.0059,3007312
MUFG,"Jun 15, 2026",20.34,20.39,20.15,20.18,20.18,0.001,2337356
MUFG,"Jun 12, 2026",19.92,20.16,19.9,20.16,20.16,0.004,3447733
MUFG,"Jun 11, 2026",19.65,20.14,19.57,20.08,20.08,0.0208,3739314
MUFG,"Jun 10, 2026",19.92,20.01,19.67,19.67,19.67,-0.008100000000000001,3195339
MUFG,"Jun 9, 2026",20.01,20.11,19.58,19.83,19.83,-0.0045000000000000005,3373723
MUFG,"Jun 8, 2026",20.04,20.13,19.9,19.92,19.92,0.0005,2305361
MUFG,"Jun 5, 2026",20.14,20.23,19.85,19.91,19.91,-0.006999999999999999,3997985
MUFG,"Jun 4, 2026",19.82,20.18,19.82,20.05,20.05,0.0308,2731486
MUFG,"Jun 3, 2026",19.51,19.6,19.42,19.45,19.45,0.0146,2011130
MUFG,"Jun 2, 2026",19.04,19.24,19.02,19.17,19.17,0.0148,2101401
MUFG,"Jun 1, 2026",18.76,19.02,18.74,18.89,18.89,0.0096,3912275
MUFG,"May 29, 2026",18.85,18.87,18.69,18.71,18.71,-0.0058,3987094
MUFG,"May 28, 2026",18.77,18.95,18.59,18.82,18.82,-0.0084,3088929
MUFG,"May 27, 2026",19.11,19.11,18.89,18.98,18.98,-0.0181,3254448
MUFG,"May 26, 2026",19.36,19.44,19.27,19.33,19.33,-0.0036,2601486
MUFG,"May 22, 2026",19.45,19.57,19.34,19.4,19.4,0.001,3150199
MUFG,"May 21, 2026",19.3,19.51,19.18,19.38,19.38,-0.011200000000000002,4177216
MUFG,"May 20, 2026",19.33,19.63,19.3,19.6,19.6,0.0077,3308294
MUFG,"May 19, 2026",19.49,19.68,19.36,19.45,19.45,0.013500000000000002,4020690
MUFG,"May 18, 2026",19.19,19.24,18.97,19.19,19.19,0.018600000000000002,3572866
MUFG,"May 15, 2026",18.69,19.05,18.67,18.84,18.84,0.0195,5011068
MUFG,"May 14, 2026",18.43,18.6,18.29,18.48,18.48,-0.006999999999999999,4101663
MUFG,"May 13, 2026",18.43,18.8,18.43,18.61,18.61,0.008100000000000001,4110866
MUFG,"May 12, 2026",18.19,18.51,18.19,18.46,18.46,0.0148,3319257
MUFG,"May 11, 2026",18.22,18.34,18.18,18.19,18.19,0.0134,2376394
MUFG,"May 8, 2026",18.12,18.12,17.91,17.95,17.95,-0.0028000000000000004,1760009
MUFG,"May 7, 2026",18.32,18.35,17.99,18.0,18.0,-0.0212,3206618
MUFG,"May 6, 2026",18.3,18.48,18.27,18.39,18.39,0.0355,2533431
MUFG,"May 5, 2026",17.68,17.89,17.68,17.76,17.76,0.0108,1745100
MUFG,"May 4, 2026",17.73,17.84,17.56,17.57,17.57,-0.0068000000000000005,2003570
MUFG,"May 1, 2026",17.79,17.88,17.68,17.69,17.69,-0.014499999999999999,1513168
MUFG,"Apr 30, 2026",17.7,18.04,17.7,17.95,17.95,0.0292,2524041
MUFG,"Apr 29, 2026",17.53,17.57,17.38,17.44,17.44,-0.005699999999999999,2053163
MUFG,"Apr 28, 2026",17.82,17.83,17.47,17.54,17.54,0.005699999999999999,5426342
MUFG,"Apr 27, 2026",17.51,17.62,17.4,17.44,17.44,0.0087,1958810
MUFG,"Apr 24, 2026",17.25,17.34,17.19,17.29,17.29,0.0040999999999999995,2028856
MUFG,"Apr 23, 2026",17.32,17.43,17.06,17.22,17.22,-0.0092,2650399
MUFG,"Apr 22, 2026",17.65,17.67,17.37,17.38,17.38,-0.0086,2612138
MUFG,"Apr 21, 2026",18.0,18.0,17.5,17.53,17.53,-0.0384,4578075
MUFG,"Apr 20, 2026",18.35,18.35,18.15,18.23,18.23,-0.0151,5195683
MUFG,"Apr 17, 2026",18.35,18.65,18.35,18.51,18.51,0.0070999999999999995,4359755
MUFG,"Apr 16, 2026",18.45,18.53,18.32,18.38,18.38,-0.0038,1861079
MUFG,"Apr 15, 2026",18.34,18.48,18.33,18.45,18.45,0.0154,2520228
MUFG,"Apr 14, 2026",18.09,18.22,18.06,18.17,18.17,-0.0033,1849104
MUFG,"Apr 13, 2026",17.92,18.25,17.89,18.23,18.23,0.01,2821799
MUFG,"Apr 10, 2026",18.06,18.12,17.98,18.05,18.05,-0.0055000000000000005,2487558
MUFG,"Apr 9, 2026",17.9,18.26,17.81,18.15,18.15,-0.0152,2971708
MUFG,"Apr 8, 2026",18.51,18.6,18.31,18.43,18.43,0.044800000000000006,2881610
MUFG,"Apr 7, 2026",17.49,17.66,17.3,17.64,17.64,0.0034000000000000002,3324005
MUFG,"Apr 6, 2026",17.51,17.66,17.49,17.58,17.58,0.005699999999999999,3285468
MUFG,"Apr 2, 2026",16.98,17.56,16.98,17.48,17.48,-0.0124,3496698
MUFG,"Apr 1, 2026",17.69,17.92,17.58,17.7,17.7,0.043,5308306
MUFG,"Mar 31, 2026",16.43,16.97,16.43,16.97,16.97,0.0398,4186025
MUFG,"Mar 30, 2026",16.5,16.58,16.26,16.32,16.32,-0.0006,3175501
MUFG,"Mar 27, 2026",16.53,16.64,16.3,16.33,16.33,-0.0174,3770782
MUFG,"Mar 26, 2026",16.64,16.88,16.58,16.62,16.62,-0.02,2770749
MUFG,"Mar 25, 2026",17.16,17.16,16.87,16.96,16.96,0.0144,3118953
MUFG,"Mar 24, 2026",16.51,16.84,16.51,16.72,16.72,0.0036,3538656
MUFG,"Mar 23, 2026",16.62,16.88,16.56,16.66,16.66,0.0128,4747596
MUFG,"Mar 20, 2026",16.94,16.94,16.39,16.45,16.45,-0.026600000000000002,4904856
MUFG,"Mar 19, 2026",16.58,16.99,16.5,16.9,16.9,0.0108,5219342
MUFG,"Mar 18, 2026",16.75,16.93,16.7,16.72,16.72,-0.0070999999999999995,2710880
MUFG,"Mar 17, 2026",16.91,16.99,16.8,16.84,16.84,0.0066,3124796
MUFG,"Mar 16, 2026",16.7,16.82,16.63,16.73,16.73,0.0183,4241408
MUFG,"Mar 13, 2026",16.7,16.78,16.38,16.43,16.43,-0.0018,4085074
MUFG,"Mar 12, 2026",16.57,16.64,16.31,16.46,16.46,-0.0301,5322828
MUFG,"Mar 11, 2026",16.94,17.07,16.84,16.97,16.97,-0.0275,4419780
MUFG,"Mar 10, 2026",17.47,17.79,17.36,17.45,17.45,0.0098,5523949
MUFG,"Mar 9, 2026",16.86,17.29,16.59,17.28,17.28,0.0141,6673172
MUFG,"Mar 6, 2026",17.0,17.13,16.85,17.04,17.04,-0.011000000000000001,4428150
MUFG,"Mar 5, 2026",17.45,17.53,17.01,17.23,17.23,-0.021,3698506
MUFG,"Mar 4, 2026",17.39,17.64,17.39,17.6,17.6,0.0051,3540960
MUFG,"Mar 3, 2026",16.96,17.6,16.73,17.51,17.51,-0.0321,6785547
MUFG,"Mar 2, 2026",17.75,18.18,17.6,18.09,18.09,-0.029500000000000002,6267024
MUFG,"Feb 27, 2026",18.99,19.01,18.42,18.64,18.64,-0.016399999999999998,4293747
MUFG,"Feb 26, 2026",18.83,19.03,18.81,18.95,18.95,0.0172,4933304
MUFG,"Feb 25, 2026",18.29,18.69,18.28,18.63,18.63,-0.0043,3601101
MUFG,"Feb 24, 2026",18.48,18.76,18.38,18.71,18.71,-0.0173,3432826
MUFG,"Feb 23, 2026",19.34,19.52,18.98,19.04,19.04,-0.0165,4080356
C,"Aug 21, 2026",131.22,132.25,130.34,131.65,131.65,0.015300000000000001,9517829
C,"Aug 20, 2026",132.5,133.08,129.61,129.67,129.67,-0.0242,7816795
C,"Aug 19, 2026",137.74,137.79,132.35,132.89,132.89,-0.0346,10096870
C,"Aug 18, 2026",137.3,138.21,136.45,137.65,137.65,-0.0062,6814032
C,"Aug 17, 2026",139.25,140.88,137.81,138.51,138.51,-0.0059,7822803
C,"Aug 14, 2026",138.16,140.28,138.16,139.33,139.33,0.0043,6678222
C,"Aug 13, 2026",138.29,139.06,137.1,138.73,138.73,0.0084,8626935
C,"Aug 12, 2026",136.87,138.59,136.41,137.58,137.58,0.013300000000000001,6055135
C,"Aug 11, 2026",135.91,137.15,135.34,135.77,135.77,0.0040999999999999995,5043383
C,"Aug 10, 2026",134.87,136.14,134.47,135.22,135.22,0.0016,6510232
C,"Aug 7, 2026",133.82,135.24,132.52,135.0,135.0,0.0088,8051297
C,"Aug 6, 2026",138.34,139.26,133.66,133.82,133.82,-0.0278,8564912
C,"Aug 5, 2026",137.3,139.17,137.14,137.64,137.64,0.005600000000000001,11641192
C,"Aug 4, 2026",134.32,138.05,134.32,136.87,136.87,0.024700000000000003,11310253
C,"Aug 3, 2026",132.47,133.62,131.18,133.57,133.57,0.013600000000000001,7716788
C,"Jul 31, 2026",133.55,135.44,131.94,132.45,131.78,0.001,9604898
C,"Jul 30, 2026",128.97,132.58,128.8,132.32,131.65,0.0408,10469414
C,"Jul 29, 2026",131.76,132.43,126.78,127.13,126.49,-0.0403,12942581
C,"Jul 28, 2026",132.78,133.0,130.75,132.47,131.8,-0.004699999999999999,9421922
C,"Jul 27, 2026",134.25,135.35,131.02,133.1,132.43,0.0069,12453715
C,"Jul 24, 2026",132.24,133.28,131.4,132.19,131.52,0.0024,10821976
C,"Jul 23, 2026",130.5,132.47,130.02,131.88,131.21,-0.0028000000000000004,10724813
C,"Jul 22, 2026",132.72,133.91,132.1,132.25,131.58,-0.0044,10635457
C,"Jul 21, 2026",129.57,133.54,129.17,132.84,132.17,0.032,11224195
C,"Jul 20, 2026",129.56,131.27,128.44,128.72,128.07,-0.0049,10961329
C,"Jul 17, 2026",129.44,131.25,127.08,129.36,128.71,-0.0178,15691871
C,"Jul 16, 2026",134.72,135.0,131.21,131.71,131.04,-0.0236,13763548
C,"Jul 15, 2026",134.08,135.12,131.77,134.89,134.21,0.012199999999999999,18092179
C,"Jul 14, 2026",137.74,144.29,132.16,133.27,132.6,-0.0529,32127839
C,"Jul 13, 2026",141.1,141.47,137.57,140.71,140.0,-0.0006,12439854
C,"Jul 10, 2026",141.39,141.44,139.75,140.79,140.08,0.0087,10517766
C,"Jul 9, 2026",138.76,139.84,138.01,139.57,138.86,0.0159,10269005
C,"Jul 8, 2026",140.14,140.24,137.15,137.39,136.7,-0.024,9831380
C,"Jul 7, 2026",144.06,144.71,140.66,140.77,140.06,-0.0215,9737618
C,"Jul 6, 2026",141.87,143.89,141.56,143.86,143.13,0.0278,14139721
C,"Jul 2, 2026",141.88,142.11,138.22,139.97,139.26,-0.0011,9501105
C,"Jul 1, 2026",140.24,141.28,138.26,140.13,139.42,0.0012,13702844
C,"Jun 30, 2026",141.0,141.9,139.38,139.96,139.25,-0.0178,22118602
C,"Jun 29, 2026",141.85,143.84,141.43,142.49,141.77,0.0051,9526132
C,"Jun 26, 2026",144.63,145.1,140.76,141.76,141.04,-0.0222,17927127
C,"Jun 25, 2026",144.89,147.79,144.82,144.98,144.25,0.0097,12158545
C,"Jun 24, 2026",144.99,145.92,143.18,143.59,142.86,-0.0095,13904342
C,"Jun 23, 2026",144.13,146.14,143.14,144.97,144.24,-0.0048,13297288
C,"Jun 22, 2026",144.71,146.37,144.48,145.67,144.93,0.0182,14979417
C,"Jun 18, 2026",146.49,147.96,143.04,143.06,142.34,-0.005,29331203
C,"Jun 17, 2026",143.2,146.54,143.04,143.78,143.05,0.0055000000000000005,13140254
C,"Jun 16, 2026",143.04,143.5,141.05,142.99,142.27,0.0126,13234743
C,"Jun 15, 2026",142.43,143.56,140.88,141.21,140.5,0.009899999999999999,12775633
C,"Jun 12, 2026",139.75,141.12,138.21,139.83,139.12,0.0127,10359654
C,"Jun 11, 2026",134.4,138.23,133.81,138.07,137.37,0.0352,12464176
C,"Jun 10, 2026",134.19,137.12,132.56,133.38,132.71,-0.01,15085504
C,"Jun 9, 2026",134.73,135.93,131.92,134.73,134.05,0.0109,11663287
C,"Jun 8, 2026",133.4,134.88,132.97,133.28,132.61,0.0060999999999999995,11550477
C,"Jun 5, 2026",135.41,135.83,131.19,132.47,131.8,-0.019799999999999998,12557929
C,"Jun 4, 2026",131.27,135.67,130.87,135.15,134.47,0.04019999999999999,11482574
C,"Jun 3, 2026",130.93,131.85,128.27,129.93,129.27,-0.0101,11146369
C,"Jun 2, 2026",128.69,132.46,128.69,131.26,130.6,0.0168,13589341
C,"Jun 1, 2026",124.08,129.1,123.6,129.09,128.44,0.0253,12543714
C,"May 29, 2026",124.65,126.85,123.52,125.9,125.26,0.0098,17326741
C,"May 28, 2026",124.47,125.35,123.24,124.68,124.05,-0.005699999999999999,7933994
C,"May 27, 2026",127.09,127.77,124.46,125.39,124.76,-0.0116,8248066
C,"May 26, 2026",126.25,127.43,125.26,126.86,126.22,0.0141,8968524
C,"May 22, 2026",125.99,126.49,124.88,125.09,124.46,-0.001,6336223
C,"May 21, 2026",124.03,125.45,123.28,125.22,124.59,0.0032,6834942
C,"May 20, 2026",120.97,125.28,119.89,124.82,124.19,0.0404,11181970
C,"May 19, 2026",121.45,121.45,119.76,119.97,119.36,-0.0199,11092215
C,"May 18, 2026",123.31,124.45,121.81,122.41,121.79,-0.008199999999999999,8770600
C,"May 15, 2026",124.48,124.5,122.73,123.42,122.8,-0.011200000000000002,7762108
C,"May 14, 2026",125.08,126.35,123.48,124.82,124.19,0.0058,8226335
C,"May 13, 2026",125.0,125.85,123.76,124.1,123.47,-0.018500000000000003,7207145
C,"May 12, 2026",126.07,126.56,123.25,126.44,125.8,0.004699999999999999,9937058
C,"May 11, 2026",125.87,128.09,124.69,125.85,125.21,0.0024,11377095
C,"May 8, 2026",130.19,131.95,125.22,125.55,124.91,-0.0274,17505537
C,"May 7, 2026",127.62,131.23,127.06,129.09,128.44,0.011699999999999999,18802331
C,"May 6, 2026",130.49,131.58,127.47,127.6,126.95,-0.0032,13363838
C,"May 5, 2026",126.31,128.58,126.05,128.01,127.36,0.0189,13566886
C,"May 4, 2026",126.86,127.05,124.6,125.63,124.99,-0.0095,15027873
C,"May 1, 2026",128.64,130.48,126.86,127.44,126.2,-0.0042,10616454
C,"Apr 30, 2026",127.7,128.92,126.55,127.98,126.73,0.0029,12127677
C,"Apr 29, 2026",128.56,128.92,126.58,127.61,126.37,-0.0072,12795973
C,"Apr 28, 2026",130.46,131.31,128.01,128.53,127.28,-0.004699999999999999,9585591
C,"Apr 27, 2026",127.86,129.4,127.64,129.14,127.88,0.0091,6155948
C,"Apr 24, 2026",128.28,129.06,127.5,127.98,126.73,-0.0040999999999999995,6835004
C,"Apr 23, 2026",129.49,129.99,126.84,128.51,127.26,-0.009399999999999999,9084612
C,"Apr 22, 2026",132.41,132.47,129.4,129.73,128.47,-0.0148,10439088
C,"Apr 21, 2026",133.6,135.29,131.26,131.68,130.4,-0.0103,8081387
C,"Apr 20, 2026",131.98,133.44,131.65,133.05,131.75,0.0066,10151766
C,"Apr 17, 2026",131.08,133.57,130.66,132.18,130.89,0.022000000000000002,15929386
C,"Apr 16, 2026",131.24,132.77,129.22,129.34,128.08,-0.0178,9290334
C,"Apr 15, 2026",131.25,132.86,130.57,131.69,130.41,0.0163,14738938
C,"Apr 14, 2026",128.07,130.99,126.85,129.58,128.32,0.026099999999999998,17034678
C,"Apr 13, 2026",123.01,126.31,122.35,126.28,125.05,0.0152,14416833
C,"Apr 10, 2026",125.24,125.47,123.61,124.39,123.18,-0.0042,8958046
C,"Apr 9, 2026",122.81,125.48,122.33,124.92,123.7,0.0116,8835376
C,"Apr 8, 2026",121.95,124.49,121.73,123.49,122.29,0.054299999999999994,16312027
C,"Apr 7, 2026",116.48,117.7,115.75,117.13,115.99,-0.002,8450112
C,"Apr 6, 2026",115.8,117.7,115.8,117.36,116.22,0.0183,13319707
C,"Apr 2, 2026",112.32,115.61,111.75,115.25,114.13,-0.0004,9833867
C,"Apr 1, 2026",115.47,116.79,114.07,115.3,114.18,0.0167,13273734
C,"Mar 31, 2026",109.1,113.77,108.35,113.41,112.31,0.0572,18267703
C,"Mar 30, 2026",108.46,109.42,106.52,107.27,106.22,-0.001,20319344
C,"Mar 27, 2026",111.07,111.86,106.96,107.38,106.33,-0.0447,23142971
C,"Mar 26, 2026",114.06,114.79,111.57,112.41,111.31,-0.0181,12689941
C,"Mar 25, 2026",114.99,116.13,113.59,114.48,113.36,0.006500000000000001,11315233
C,"Mar 24, 2026",110.17,114.8,109.49,113.74,112.63,0.018799999999999997,14105664
C,"Mar 23, 2026",113.13,113.39,110.97,111.64,110.55,0.0194,16883227
C,"Mar 20, 2026",109.6,111.21,108.86,109.52,108.45,-0.003,29718409
C,"Mar 19, 2026",107.33,110.58,106.83,109.85,108.78,0.0109,16714479
C,"Mar 18, 2026",107.11,109.55,107.11,108.67,107.61,0.0089,12337220
C,"Mar 17, 2026",108.5,109.74,107.42,107.71,106.66,0.0034000000000000002,12758416
C,"Mar 16, 2026",107.31,108.69,106.61,107.35,106.3,0.015700000000000002,11902637
C,"Mar 13, 2026",106.12,107.9,105.39,105.69,104.66,0.0018,11406866
C,"Mar 12, 2026",106.36,107.0,104.64,105.5,104.47,-0.0338,17487041
C,"Mar 11, 2026",108.34,109.54,107.48,109.19,108.13,0.002,12964279
C,"Mar 10, 2026",108.41,110.91,107.37,108.97,107.91,0.0223,17844260
C,"Mar 9, 2026",104.45,107.05,102.01,106.59,105.55,0.0006,18525555
C,"Mar 6, 2026",105.19,106.59,103.09,106.53,105.49,-0.0222,16586922
C,"Mar 5, 2026",110.57,111.6,107.89,108.95,107.89,-0.0213,15557213
C,"Mar 4, 2026",111.67,112.33,110.49,111.32,110.24,0.0051,13042188
C,"Mar 3, 2026",107.43,112.38,106.75,110.76,109.68,-0.0062,15813286
C,"Mar 2, 2026",106.26,111.89,106.2,111.45,110.36,0.011399999999999999,18976577
C,"Feb 27, 2026",113.18,113.18,108.66,110.19,109.12,-0.0516,29106908
C,"Feb 26, 2026",114.7,117.0,114.46,116.19,115.06,0.016200000000000003,14759380
C,"Feb 25, 2026",111.32,114.51,110.83,114.34,113.23,0.0436,13649136
C,"Feb 24, 2026",109.45,111.4,107.5,109.56,108.49,-0.010700000000000001,14980971
C,"Feb 23, 2026",115.34,116.91,108.86,110.75,109.67,-0.0453,17996446
AXP,"Aug 21, 2026",334.25,337.16,333.42,336.0,336.0,0.0146,2606168
AXP,"Aug 20, 2026",337.3,338.0,331.15,331.15,331.15,-0.025699999999999997,3852480
AXP,"Aug 19, 2026",340.08,345.2,338.41,339.9,339.9,0.0040999999999999995,2444947
AXP,"Aug 18, 2026",336.67,339.41,335.22,338.52,338.52,0.0069,2754567
AXP,"Aug 17, 2026",340.66,343.0,336.07,336.21,336.21,-0.0183,2337899
AXP,"Aug 14, 2026",345.99,345.99,341.69,342.48,342.48,-0.0034000000000000002,1471374
AXP,"Aug 13, 2026",345.39,347.11,340.0,343.65,343.65,-0.0012,1673266
AXP,"Aug 12, 2026",339.32,344.57,338.57,344.08,344.08,0.0096,1857544
AXP,"Aug 11, 2026",338.49,343.59,338.12,340.81,340.81,0.0058,2058323
AXP,"Aug 10, 2026",339.5,342.0,336.57,338.86,338.86,-0.006,1967637
AXP,"Aug 7, 2026",341.7,343.32,338.0,340.91,340.91,-0.0049,1685860
AXP,"Aug 6, 2026",349.8,350.0,342.07,342.6,342.6,-0.0183,2636627
AXP,"Aug 5, 2026",350.0,352.49,346.62,348.99,348.99,0.0066,1877408
AXP,"Aug 4, 2026",345.0,348.5,344.12,346.71,346.71,0.0058,2729817
AXP,"Aug 3, 2026",340.9,345.16,340.0,344.72,344.72,0.0252,2722288
AXP,"Jul 31, 2026",338.28,340.3,336.0,336.25,336.25,-0.0038,2322038
AXP,"Jul 30, 2026",331.97,337.8,329.07,337.52,337.52,0.0182,2510198
AXP,"Jul 29, 2026",333.62,336.39,330.0,331.5,331.5,-0.0152,3137050
AXP,"Jul 28, 2026",335.5,336.82,331.43,336.63,336.63,0.0037,3103587
AXP,"Jul 27, 2026",331.5,336.61,329.79,335.39,335.39,0.028300000000000002,3762329
AXP,"Jul 24, 2026",326.12,329.05,318.2,326.17,326.17,-0.043,6316594
AXP,"Jul 23, 2026",343.39,344.91,338.2,340.84,340.84,-0.0227,4110911
AXP,"Jul 22, 2026",348.82,349.7,345.04,348.74,348.74,-0.0058,2306200
AXP,"Jul 21, 2026",353.57,354.87,348.24,350.79,350.79,-0.0032,2193871
AXP,"Jul 20, 2026",355.8,357.4,350.96,351.93,351.93,-0.0096,2221483
AXP,"Jul 17, 2026",356.58,358.8,351.82,355.35,355.35,-0.0172,2615218
AXP,"Jul 16, 2026",359.35,363.14,358.16,361.57,361.57,0.0087,1904080
AXP,"Jul 15, 2026",356.14,362.72,356.14,358.44,358.44,0.0095,2474573
AXP,"Jul 14, 2026",353.09,361.0,352.47,355.06,355.06,0.0018,2803545
AXP,"Jul 13, 2026",356.6,357.59,352.7,354.43,354.43,0.011000000000000001,2573428
AXP,"Jul 10, 2026",351.22,352.99,345.93,350.58,350.58,0.0111,2619833
AXP,"Jul 9, 2026",337.01,348.51,335.29,346.72,346.72,0.030699999999999998,2752418
AXP,"Jul 8, 2026",345.45,346.81,333.56,336.39,336.39,-0.0377,3536951
AXP,"Jul 7, 2026",358.54,359.59,349.24,349.58,349.58,-0.0181,2873975
AXP,"Jul 6, 2026",352.21,358.17,350.59,356.03,356.03,0.0116,3520474
AXP,"Jul 2, 2026",349.47,352.09,346.02,351.96,351.96,0.0141,2415369
AXP,"Jul 1, 2026",341.53,350.5,337.73,348.0,347.05,0.0288,2911384
AXP,"Jun 30, 2026",342.0,344.14,336.57,338.25,337.33,-0.0077,3527296
AXP,"Jun 29, 2026",341.78,344.05,339.29,340.88,339.95,0.0015,2604914
AXP,"Jun 26, 2026",341.99,344.01,338.32,340.36,339.43,-0.0060999999999999995,5899726
AXP,"Jun 25, 2026",345.0,352.52,340.92,342.46,341.53,-0.0003,3524348
AXP,"Jun 24, 2026",336.84,344.52,336.21,342.56,341.62,0.014199999999999999,2639304
AXP,"Jun 23, 2026",335.18,338.53,333.94,337.78,336.86,-0.0009,3549756
AXP,"Jun 22, 2026",337.98,340.25,335.88,338.07,337.15,0.0002,3006196
AXP,"Jun 18, 2026",346.35,348.2,337.97,338.0,337.08,-0.0075,4490783
AXP,"Jun 17, 2026",341.39,346.95,339.33,340.54,339.61,-0.0006,3982138
AXP,"Jun 16, 2026",336.83,342.19,335.45,340.74,339.81,0.016,3657298
AXP,"Jun 15, 2026",329.7,340.0,329.7,335.38,334.46,0.0305,3353029
AXP,"Jun 12, 2026",321.8,325.62,319.08,325.44,324.55,0.0218,2222994
AXP,"Jun 11, 2026",314.97,319.53,309.64,318.49,317.62,0.016399999999999998,2590233
AXP,"Jun 10, 2026",318.88,320.31,313.28,313.34,312.48,-0.0158,2525362
AXP,"Jun 9, 2026",315.0,322.54,314.64,318.38,317.51,0.0195,2634345
AXP,"Jun 8, 2026",310.0,313.96,309.75,312.3,311.45,0.0053,2500520
AXP,"Jun 5, 2026",313.92,314.5,308.31,310.66,309.81,-0.006,2445937
AXP,"Jun 4, 2026",305.77,314.96,305.44,312.53,311.68,0.0398,2992235
AXP,"Jun 3, 2026",308.68,310.36,300.03,300.57,299.75,-0.0334,3939242
AXP,"Jun 2, 2026",313.33,313.7,310.34,310.97,310.12,-0.008199999999999999,2116747
AXP,"Jun 1, 2026",313.16,314.8,310.6,313.54,312.68,-0.009300000000000001,2621844
AXP,"May 29, 2026",315.57,319.24,312.59,316.47,315.61,0.0043,4531023
AXP,"May 28, 2026",311.0,315.5,306.23,315.12,314.26,0.0083,3600436
AXP,"May 27, 2026",313.82,317.49,311.68,312.54,311.69,0.0059,3016026
AXP,"May 26, 2026",314.04,314.57,309.6,310.72,309.87,-0.0034000000000000002,2411933
AXP,"May 22, 2026",313.28,314.43,310.65,311.78,310.93,0.0067,2211911
AXP,"May 21, 2026",308.55,310.75,305.61,309.7,308.85,-0.0004,1992688
AXP,"May 20, 2026",310.0,310.87,303.04,309.82,308.97,0.0016,4577145
AXP,"May 19, 2026",310.74,312.99,307.63,309.31,308.47,-0.009399999999999999,2918418
AXP,"May 18, 2026",314.29,315.66,310.4,312.24,311.39,-0.004,2274193
AXP,"May 15, 2026",312.29,315.49,312.0,313.48,312.62,0.0023,2649575
AXP,"May 14, 2026",313.02,314.68,311.03,312.77,311.92,0.0102,3240516
AXP,"May 13, 2026",311.12,312.1,307.76,309.61,308.76,-0.015,2966988
AXP,"May 12, 2026",312.33,314.95,311.08,314.31,313.45,0.0064,2275494
AXP,"May 11, 2026",315.29,316.4,311.81,312.32,311.47,-0.011699999999999999,3081593
AXP,"May 8, 2026",319.09,320.05,313.61,316.03,315.17,-0.0083,6802220
AXP,"May 7, 2026",322.33,324.54,316.8,318.69,317.82,-0.01,3350456
AXP,"May 6, 2026",320.0,324.78,320.0,321.9,321.02,0.018799999999999997,2933923
AXP,"May 5, 2026",320.28,320.6,314.5,315.95,315.09,-0.0102,2658444
AXP,"May 4, 2026",320.77,322.9,317.46,319.21,318.34,-0.0015,2692256
AXP,"May 1, 2026",324.47,325.0,319.46,319.68,318.81,-0.0104,2385914
AXP,"Apr 30, 2026",313.37,323.85,312.23,323.05,322.17,0.023399999999999997,4587853
AXP,"Apr 29, 2026",316.88,317.55,314.01,315.65,314.79,-0.0008,3135973
AXP,"Apr 28, 2026",321.7,323.7,314.96,315.9,315.04,-0.0092,6101444
AXP,"Apr 27, 2026",313.02,318.96,313.02,318.84,317.97,0.0152,2553044
AXP,"Apr 24, 2026",316.51,318.82,312.5,314.08,313.22,-0.013999999999999999,2968073
AXP,"Apr 23, 2026",332.2,332.2,314.75,318.55,317.68,-0.0431,4580621
AXP,"Apr 22, 2026",331.11,334.5,328.0,332.9,331.99,0.009399999999999999,4339808
AXP,"Apr 21, 2026",331.8,338.09,328.45,329.79,328.89,-0.0002,2916841
AXP,"Apr 20, 2026",331.68,334.74,329.53,329.87,328.97,-0.0055000000000000005,2280587
AXP,"Apr 17, 2026",330.0,339.98,329.53,331.69,330.78,0.0182,4775492
AXP,"Apr 16, 2026",328.77,331.17,325.23,325.76,324.87,-0.01,2018955
AXP,"Apr 15, 2026",328.88,332.4,327.24,329.06,328.16,0.0064,2542452
AXP,"Apr 14, 2026",325.0,328.91,323.75,326.96,326.07,0.0097,2289066
AXP,"Apr 13, 2026",311.18,324.22,310.0,323.82,322.94,0.0329,2581752
AXP,"Apr 10, 2026",317.37,318.0,313.13,313.5,312.64,-0.0134,1991677
AXP,"Apr 9, 2026",314.31,318.15,312.18,317.77,316.9,0.0045000000000000005,1996185
AXP,"Apr 8, 2026",317.25,322.5,314.94,316.34,315.48,0.030299999999999997,3654150
AXP,"Apr 7, 2026",302.53,307.12,301.71,307.03,306.19,0.0043,2265485
AXP,"Apr 6, 2026",298.76,305.79,298.41,305.73,304.9,0.018500000000000003,2185213
AXP,"Apr 2, 2026",295.4,302.75,292.58,300.18,299.36,-0.0011,2105478
AXP,"Apr 1, 2026",306.77,307.25,299.63,301.45,299.68,-0.0034000000000000002,3403315
AXP,"Mar 31, 2026",302.98,304.47,297.58,302.48,300.7,0.0168,3516630
AXP,"Mar 30, 2026",294.68,301.46,293.7,297.49,295.74,0.0179,3851050
AXP,"Mar 27, 2026",297.29,297.95,291.5,292.27,290.55,-0.023799999999999998,2751032
AXP,"Mar 26, 2026",298.57,302.7,295.85,299.39,297.63,-0.0028000000000000004,2887548
AXP,"Mar 25, 2026",305.0,306.38,296.91,300.24,298.48,-0.0058,2823778
AXP,"Mar 24, 2026",298.81,303.84,297.95,302.0,300.23,0.0003,3639080
AXP,"Mar 23, 2026",304.98,304.98,297.96,301.91,300.14,0.0217,4319764
AXP,"Mar 20, 2026",294.97,296.5,290.97,295.5,293.76,0.0019,7116490
AXP,"Mar 19, 2026",292.28,297.62,291.28,294.93,293.2,0.0018,3027185
AXP,"Mar 18, 2026",299.15,301.07,293.36,294.39,292.66,-0.0196,3303128
AXP,"Mar 17, 2026",303.86,306.29,299.84,300.27,298.51,0.0069,3616001
AXP,"Mar 16, 2026",301.01,304.03,295.83,298.2,296.45,-0.0059,3604203
AXP,"Mar 13, 2026",304.32,305.71,299.84,299.96,298.2,-0.0064,2645758
AXP,"Mar 12, 2026",300.54,304.84,298.73,301.89,300.12,-0.0134,3602429
AXP,"Mar 11, 2026",302.47,306.85,300.85,305.99,304.19,0.009399999999999999,3516034
AXP,"Mar 10, 2026",305.95,308.25,301.02,303.15,301.37,-0.0073,3488818
AXP,"Mar 9, 2026",294.53,306.3,292.43,305.38,303.59,0.0146,4694983
AXP,"Mar 6, 2026",300.68,303.0,294.51,301.0,299.23,-0.0202,5500081
AXP,"Mar 5, 2026",306.86,309.5,304.8,307.21,305.41,-0.0129,4604873
AXP,"Mar 4, 2026",309.11,312.46,307.0,311.21,309.38,0.011000000000000001,4055164
AXP,"Mar 3, 2026",300.11,309.41,299.75,307.82,306.01,0.0013,5673479
AXP,"Mar 2, 2026",303.2,310.42,301.28,307.43,305.62,-0.0048,6279958
AXP,"Feb 27, 2026",320.9,321.51,307.65,308.9,307.09,-0.0788,9817257
AXP,"Feb 26, 2026",329.84,336.62,329.75,335.32,333.35,0.0252,3215532
AXP,"Feb 25, 2026",323.46,329.13,322.32,327.09,325.17,0.0206,3843845
AXP,"Feb 24, 2026",320.49,323.59,316.07,320.48,318.6,-0.0024,7925899
AXP,"Feb 23, 2026",343.35,345.83,317.15,321.24,319.35,-0.07200000000000001,7092614
SAN,"Aug 21, 2026",14.55,14.69,14.52,14.59,14.59,0.026699999999999998,16685056
SAN,"Aug 20, 2026",14.3,14.35,14.14,14.21,14.21,0.0028000000000000004,22718934
SAN,"Aug 19, 2026",14.32,14.34,14.09,14.17,14.17,-0.0049,73454467
SAN,"Aug 18, 2026",14.56,14.6,14.21,14.24,14.24,-0.024,50846877
SAN,"Aug 17, 2026",14.77,14.83,14.56,14.59,14.59,-0.0115,15244063
SAN,"Aug 14, 2026",14.84,14.92,14.66,14.76,14.76,-0.0014000000000000002,16915231
SAN,"Aug 13, 2026",14.98,15.0,14.75,14.78,14.78,-0.0027,15548692
SAN,"Aug 12, 2026",14.89,14.91,14.77,14.82,14.82,0.0075,9099231
SAN,"Aug 11, 2026",14.84,14.86,14.69,14.71,14.71,0.0014000000000000002,11237915
SAN,"Aug 10, 2026",14.76,14.82,14.63,14.69,14.69,-0.0007000000000000001,11199243
SAN,"Aug 7, 2026",14.9,14.93,14.66,14.7,14.7,0.0034000000000000002,15073319
SAN,"Aug 6, 2026",14.87,14.93,14.6,14.65,14.65,0.0007000000000000001,16029306
SAN,"Aug 5, 2026",14.66,14.73,14.6,14.64,14.64,0.011699999999999999,28893354
SAN,"Aug 4, 2026",14.52,14.58,14.42,14.47,14.47,0.0014000000000000002,10490442
SAN,"Aug 3, 2026",14.29,14.45,14.28,14.45,14.45,0.0248,12235104
SAN,"Jul 31, 2026",14.12,14.18,13.96,14.1,14.1,-0.0007000000000000001,11764384
SAN,"Jul 30, 2026",13.93,14.14,13.91,14.11,14.11,0.0546,13688996
SAN,"Jul 29, 2026",13.66,13.71,13.36,13.38,13.38,-0.0429,8992120
SAN,"Jul 28, 2026",13.82,13.99,13.78,13.98,13.98,-0.0007000000000000001,7385492
SAN,"Jul 27, 2026",14.03,14.09,13.82,13.99,13.99,0.0332,10570734
SAN,"Jul 24, 2026",13.51,13.63,13.49,13.54,13.54,0.025,6870092
SAN,"Jul 23, 2026",13.33,13.38,13.15,13.21,13.21,-0.038599999999999995,8905401
SAN,"Jul 22, 2026",13.89,13.93,13.72,13.74,13.74,0.0066,19904100
SAN,"Jul 21, 2026",13.54,13.71,13.4,13.65,13.65,0.0248,7495533
SAN,"Jul 20, 2026",13.43,13.47,13.3,13.32,13.32,-0.017,6650823
SAN,"Jul 17, 2026",13.34,13.55,13.33,13.55,13.55,-0.0051,8588460
SAN,"Jul 16, 2026",13.61,13.72,13.56,13.62,13.62,-0.014499999999999999,12052620
SAN,"Jul 15, 2026",13.66,13.86,13.65,13.82,13.82,0.0139,10451052
SAN,"Jul 14, 2026",13.7,13.84,13.61,13.63,13.63,-0.0022,7125033
SAN,"Jul 13, 2026",13.81,13.82,13.58,13.66,13.66,-0.0151,7625372
SAN,"Jul 10, 2026",13.84,13.94,13.75,13.87,13.87,0.0058,5917506
SAN,"Jul 9, 2026",13.79,13.85,13.7,13.79,13.79,0.016200000000000003,6614492
SAN,"Jul 8, 2026",13.63,13.66,13.41,13.57,13.57,-0.0437,14505043
SAN,"Jul 7, 2026",14.29,14.39,14.12,14.19,14.19,-0.0125,8440261
SAN,"Jul 6, 2026",14.16,14.38,14.15,14.37,14.37,0.0301,7878215
SAN,"Jul 2, 2026",14.11,14.18,13.86,13.95,13.95,0.0101,8853815
SAN,"Jul 1, 2026",13.63,13.9,13.6,13.81,13.81,0.0007000000000000001,11172952
SAN,"Jun 30, 2026",13.58,13.83,13.54,13.8,13.8,0.011000000000000001,6113957
SAN,"Jun 29, 2026",13.5,13.65,13.45,13.65,13.65,0.0194,7019289
SAN,"Jun 26, 2026",13.45,13.49,13.32,13.39,13.39,0.0007000000000000001,6961212
SAN,"Jun 25, 2026",13.41,13.54,13.35,13.38,13.38,0.0007000000000000001,6254638
SAN,"Jun 24, 2026",13.5,13.51,13.31,13.37,13.37,-0.0169,5777003
SAN,"Jun 23, 2026",13.51,13.62,13.48,13.6,13.6,-0.008,7047471
SAN,"Jun 22, 2026",13.7,13.75,13.65,13.71,13.71,0.015600000000000001,6042718
SAN,"Jun 18, 2026",13.61,13.67,13.5,13.5,13.5,0.0128,11164472
SAN,"Jun 17, 2026",13.66,13.78,13.3,13.33,13.33,-0.0037,15253973
SAN,"Jun 16, 2026",13.38,13.48,13.37,13.38,13.38,0.0183,6061205
SAN,"Jun 15, 2026",13.27,13.3,13.14,13.14,13.14,0.021,8111295
SAN,"Jun 12, 2026",12.61,12.88,12.53,12.87,12.87,0.024700000000000003,8246393
SAN,"Jun 11, 2026",12.05,12.58,12.0,12.56,12.56,0.0537,10949569
SAN,"Jun 10, 2026",12.14,12.21,11.91,11.92,11.92,-0.0285,10311806
SAN,"Jun 9, 2026",12.39,12.42,11.99,12.27,12.27,0.009000000000000001,10884043
SAN,"Jun 8, 2026",12.28,12.33,12.11,12.16,12.16,0.0008,6131529
SAN,"Jun 5, 2026",12.4,12.42,12.09,12.15,12.15,-0.025699999999999997,7973779
SAN,"Jun 4, 2026",12.41,12.49,12.39,12.47,12.47,0.0255,4909627
SAN,"Jun 3, 2026",12.39,12.39,12.15,12.16,12.16,-0.020099999999999996,7491161
SAN,"Jun 2, 2026",12.38,12.52,12.37,12.41,12.41,0.005699999999999999,7457988
SAN,"Jun 1, 2026",12.24,12.41,12.17,12.34,12.34,-0.011200000000000002,10540307
SAN,"May 29, 2026",12.51,12.61,12.4,12.48,12.48,0.005600000000000001,10036314
SAN,"May 28, 2026",12.36,12.54,12.3,12.41,12.41,-0.0143,6734423
SAN,"May 27, 2026",12.68,12.72,12.53,12.59,12.59,0.008,7250900
SAN,"May 26, 2026",12.48,12.54,12.33,12.49,12.49,0.0374,10577614
SAN,"May 22, 2026",12.22,12.25,12.01,12.04,12.04,-0.0235,13200151
SAN,"May 21, 2026",12.05,12.36,12.01,12.33,12.33,-0.004,18555652
SAN,"May 20, 2026",11.87,12.44,11.87,12.38,12.38,0.0509,9342220
SAN,"May 19, 2026",11.82,11.89,11.76,11.78,11.78,-0.0067,5896203
SAN,"May 18, 2026",11.83,11.95,11.7,11.86,11.86,0.0102,6355627
SAN,"May 15, 2026",11.7,11.78,11.65,11.74,11.74,-0.0084,4989951
SAN,"May 14, 2026",11.87,11.93,11.81,11.84,11.84,-0.0084,5002754
SAN,"May 13, 2026",11.78,12.01,11.77,11.94,11.94,-0.0067,6670722
SAN,"May 12, 2026",11.93,12.03,11.87,12.02,12.02,-0.0091,6342464
SAN,"May 11, 2026",12.26,12.26,12.1,12.13,12.13,-0.012199999999999999,5945176
SAN,"May 8, 2026",12.32,12.36,12.2,12.28,12.28,0.008199999999999999,5988826
SAN,"May 7, 2026",12.51,12.52,12.14,12.18,12.18,-0.0177,6624539
SAN,"May 6, 2026",12.4,12.47,12.32,12.4,12.4,0.0438,7545903
SAN,"May 5, 2026",11.75,11.88,11.7,11.88,11.88,0.0286,5717631
SAN,"May 4, 2026",11.77,11.82,11.51,11.55,11.55,-0.0346,11508534
SAN,"May 1, 2026",12.19,12.28,12.03,12.07,11.96,-0.0098,5806915
SAN,"Apr 30, 2026",12.01,12.28,11.96,12.19,12.08,0.0175,8714358
SAN,"Apr 29, 2026",12.23,12.26,11.96,11.98,11.88,-0.0075,7036717
SAN,"Apr 28, 2026",12.08,12.18,12.03,12.07,11.96,0.0058,7402222
SAN,"Apr 27, 2026",11.98,12.07,11.97,12.0,11.89,0.0033,4694945
SAN,"Apr 24, 2026",11.86,12.02,11.84,11.96,11.86,0.0059,7618555
SAN,"Apr 23, 2026",12.03,12.11,11.74,11.89,11.79,-0.0302,7412300
SAN,"Apr 22, 2026",12.4,12.42,12.23,12.26,12.15,-0.005699999999999999,5565039
SAN,"Apr 21, 2026",12.66,12.72,12.31,12.33,12.22,-0.0276,10167554
SAN,"Apr 20, 2026",12.71,12.75,12.54,12.68,12.57,-0.0155,6133432
SAN,"Apr 17, 2026",12.9,13.05,12.87,12.88,12.77,0.0472,8850229
SAN,"Apr 16, 2026",12.48,12.51,12.25,12.3,12.19,-0.0152,7380093
SAN,"Apr 15, 2026",12.53,12.56,12.43,12.49,12.38,-0.005600000000000001,9750832
SAN,"Apr 14, 2026",12.48,12.58,12.47,12.56,12.45,0.0195,5879047
SAN,"Apr 13, 2026",12.04,12.33,12.02,12.32,12.21,0.0098,9487845
SAN,"Apr 10, 2026",12.4,12.41,12.19,12.2,12.09,0.0016,10820902
SAN,"Apr 9, 2026",12.03,12.25,11.97,12.18,12.07,-0.0016,11928332
SAN,"Apr 8, 2026",12.34,12.35,12.03,12.2,12.09,0.0683,12578557
SAN,"Apr 7, 2026",11.3,11.45,11.17,11.42,11.32,-0.0087,12286145
SAN,"Apr 6, 2026",11.46,11.54,11.4,11.52,11.42,0.0096,6360764
SAN,"Apr 2, 2026",11.06,11.41,10.99,11.41,11.31,-0.0138,7750520
SAN,"Apr 1, 2026",11.52,11.68,11.46,11.57,11.47,0.025699999999999997,15784307
SAN,"Mar 31, 2026",10.95,11.3,10.85,11.28,11.18,0.0542,15287559
SAN,"Mar 30, 2026",10.79,10.85,10.64,10.7,10.61,0.004699999999999999,10959330
SAN,"Mar 27, 2026",10.8,10.93,10.63,10.65,10.56,-0.0111,12607866
SAN,"Mar 26, 2026",10.93,11.03,10.76,10.77,10.68,-0.0375,8284177
SAN,"Mar 25, 2026",11.23,11.29,11.06,11.19,11.09,0.026600000000000002,8537232
SAN,"Mar 24, 2026",10.79,11.03,10.76,10.9,10.8,-0.022400000000000003,12554438
SAN,"Mar 23, 2026",11.02,11.36,11.01,11.15,11.05,0.058899999999999994,15881083
SAN,"Mar 20, 2026",10.91,10.92,10.44,10.53,10.44,-0.0375,14362756
SAN,"Mar 19, 2026",10.58,11.0,10.57,10.94,10.84,-0.0108,17760188
SAN,"Mar 18, 2026",11.0,11.14,10.97,11.06,10.96,0.0055000000000000005,20454764
SAN,"Mar 17, 2026",11.07,11.16,10.93,11.0,10.9,0.008199999999999999,8167555
SAN,"Mar 16, 2026",10.9,11.03,10.84,10.91,10.81,0.013000000000000001,10948570
SAN,"Mar 13, 2026",11.05,11.13,10.73,10.77,10.68,-0.02,12086080
SAN,"Mar 12, 2026",11.02,11.13,10.86,10.99,10.89,-0.0334,17031997
SAN,"Mar 11, 2026",11.36,11.49,11.24,11.37,11.27,-0.0113,17845605
SAN,"Mar 10, 2026",11.5,11.73,11.39,11.5,11.4,0.0268,25079197
SAN,"Mar 9, 2026",10.82,11.25,10.66,11.2,11.1,0.0127,21744768
SAN,"Mar 6, 2026",10.88,11.12,10.77,11.06,10.96,-0.0125,18780662
SAN,"Mar 5, 2026",11.34,11.45,11.03,11.2,11.1,-0.032,20070697
SAN,"Mar 4, 2026",11.46,11.67,11.38,11.57,11.47,0.049,26592734
SAN,"Mar 3, 2026",10.93,11.31,10.77,11.03,10.93,-0.07780000000000001,36644653
SAN,"Mar 2, 2026",11.9,12.08,11.83,11.96,11.86,-0.032400000000000005,18660206
SAN,"Feb 27, 2026",12.82,12.87,12.27,12.36,12.25,-0.044800000000000006,24880789
SAN,"Feb 26, 2026",13.06,13.13,12.81,12.94,12.83,-0.0204,20089973
SAN,"Feb 25, 2026",12.93,13.24,12.89,13.21,13.09,0.055999999999999994,16308210
SAN,"Feb 24, 2026",12.4,12.54,12.38,12.51,12.4,-0.0173,15711446
SAN,"Feb 23, 2026",13.13,13.19,12.63,12.73,12.62,-0.0016,18462811
TD,"Aug 21, 2026",117.87,118.71,116.86,117.15,117.15,0.0026,1246277
TD,"Aug 20, 2026",118.05,118.46,116.27,116.85,116.85,-0.0127,2286581
TD,"Aug 19, 2026",122.6,122.72,118.33,118.35,118.35,-0.0297,3779072
TD,"Aug 18, 2026",124.31,124.36,121.04,121.97,121.97,-0.0191,1458523
TD,"Aug 17, 2026",124.39,125.47,124.31,124.34,124.34,-0.0002,937066
TD,"Aug 14, 2026",123.53,124.39,123.24,124.36,124.36,0.0102,1106297
TD,"Aug 13, 2026",123.75,124.42,122.91,123.11,123.11,-0.0016,1141729
TD,"Aug 12, 2026",121.99,123.58,121.59,123.31,123.31,0.016,1035152
TD,"Aug 11, 2026",121.63,122.45,121.05,121.37,121.37,0.0024,1532261
TD,"Aug 10, 2026",120.94,122.14,120.7,121.08,121.08,-0.0019,979768
TD,"Aug 7, 2026",121.97,121.98,120.56,121.31,121.31,0.0011,1682599
TD,"Aug 6, 2026",121.72,122.06,120.73,121.18,121.18,0.0002,1768223
TD,"Aug 5, 2026",119.89,121.94,119.4,121.15,121.15,0.0147,1877910
TD,"Aug 4, 2026",120.82,121.64,119.15,119.39,119.39,-0.014499999999999999,2592497
TD,"Aug 3, 2026",120.61,121.27,119.68,121.15,121.15,0.0103,922816
TD,"Jul 31, 2026",119.84,120.7,119.32,119.92,119.92,0.0013,1180035
TD,"Jul 30, 2026",118.45,120.64,118.15,119.76,119.76,0.023700000000000002,1788056
TD,"Jul 29, 2026",120.26,120.26,116.84,116.99,116.99,-0.028399999999999998,2599432
TD,"Jul 28, 2026",119.26,120.7,118.44,120.41,120.41,0.0064,1473711
TD,"Jul 27, 2026",120.23,120.73,118.72,119.65,119.65,-0.0011,1577634
TD,"Jul 24, 2026",119.58,119.97,118.9,119.78,119.78,0.004699999999999999,1526182
TD,"Jul 23, 2026",119.96,120.4,118.8,119.22,119.22,-0.0171,2476715
TD,"Jul 22, 2026",120.85,121.77,120.35,121.3,121.3,0.0064,3074168
TD,"Jul 21, 2026",121.02,121.02,119.66,120.53,120.53,0.0002,2718183
TD,"Jul 20, 2026",123.5,123.86,120.26,120.5,120.5,-0.025099999999999997,2329942
TD,"Jul 17, 2026",123.08,124.62,122.27,123.6,123.6,-0.0024,1471199
TD,"Jul 16, 2026",124.8,124.85,122.78,123.9,123.9,-0.0072,2372715
TD,"Jul 15, 2026",123.07,124.87,122.99,124.8,124.8,0.015600000000000001,2575219
TD,"Jul 14, 2026",121.55,123.29,121.43,122.88,122.88,0.0187,2089923
TD,"Jul 13, 2026",120.75,121.38,119.66,120.63,120.63,0.0008,2515601
TD,"Jul 10, 2026",119.38,120.71,118.77,120.53,120.53,0.02,3312018
TD,"Jul 9, 2026",120.68,120.68,118.27,119.75,118.17,0.01,5994089
TD,"Jul 8, 2026",121.37,121.37,117.31,118.56,116.99,-0.0236,6168512
TD,"Jul 7, 2026",120.36,121.43,120.23,121.43,119.83,0.006500000000000001,2643105
TD,"Jul 6, 2026",119.8,120.64,119.32,120.64,119.05,0.011200000000000002,3678106
TD,"Jul 2, 2026",122.3,122.53,118.75,119.3,117.72,-0.0241,5521924
TD,"Jul 1, 2026",121.11,122.65,120.36,122.25,120.64,0.0068000000000000005,642140
TD,"Jun 30, 2026",120.5,121.52,120.15,121.43,119.83,0.0091,1209473
TD,"Jun 29, 2026",120.0,120.54,119.36,120.33,118.74,0.0059,2086053
TD,"Jun 26, 2026",120.4,120.43,119.15,119.62,118.04,-0.0072,2227832
TD,"Jun 25, 2026",119.5,120.8,119.29,120.49,118.9,0.0141,1563394
TD,"Jun 24, 2026",120.98,120.98,118.42,118.82,117.25,-0.005600000000000001,3641394
TD,"Jun 23, 2026",118.88,119.61,118.17,119.49,117.91,-0.0008,2341419
TD,"Jun 22, 2026",119.68,120.2,119.17,119.58,118.0,0.0024,1581357
TD,"Jun 18, 2026",119.46,120.27,119.14,119.29,117.71,0.0067,2922756
TD,"Jun 17, 2026",117.06,119.64,117.06,118.5,116.94,0.0025,1885953
TD,"Jun 16, 2026",117.98,118.6,116.98,118.21,116.65,0.0074,2034988
TD,"Jun 15, 2026",118.36,118.55,116.4,117.34,115.79,0.0001,2357425
TD,"Jun 12, 2026",116.97,117.95,116.67,117.33,115.78,0.009300000000000001,2212340
TD,"Jun 11, 2026",115.0,116.45,114.43,116.25,114.72,0.015300000000000001,1686935
TD,"Jun 10, 2026",114.73,115.61,114.17,114.5,112.99,-0.0012,2552003
TD,"Jun 9, 2026",115.02,115.4,113.43,114.64,113.13,0.0040999999999999995,1781554
TD,"Jun 8, 2026",113.86,114.53,113.6,114.17,112.66,0.0089,3875330
TD,"Jun 5, 2026",113.84,114.31,112.8,113.16,111.67,-0.0052,1737393
TD,"Jun 4, 2026",112.94,114.56,112.6,113.75,112.25,0.0124,1374574
TD,"Jun 3, 2026",112.89,113.62,112.36,112.36,110.88,-0.0085,2161028
TD,"Jun 2, 2026",110.83,113.32,110.81,113.32,111.82,0.023399999999999997,3706523
TD,"Jun 1, 2026",113.55,113.85,110.39,110.73,109.27,-0.025099999999999997,4698138
TD,"May 29, 2026",113.4,114.26,111.38,113.58,112.08,0.0021,2592340
TD,"May 28, 2026",112.47,113.42,111.27,113.34,111.84,0.0102,3276729
TD,"May 27, 2026",112.0,113.11,111.88,112.2,110.72,-0.0032,3372040
TD,"May 26, 2026",112.84,113.51,111.86,112.56,111.07,0.0062,1684666
TD,"May 22, 2026",111.56,112.32,111.56,111.87,110.39,0.0068000000000000005,1137254
TD,"May 21, 2026",109.04,111.17,108.95,111.11,109.64,0.013999999999999999,778658
TD,"May 20, 2026",108.17,109.93,108.01,109.58,108.13,0.0155,1788258
TD,"May 19, 2026",108.5,108.82,107.48,107.91,106.49,-0.0043,1505747
TD,"May 18, 2026",108.1,108.5,107.6,108.38,106.95,0.0069,506516
TD,"May 15, 2026",107.41,107.73,106.77,107.64,106.22,-0.0055000000000000005,2132876
TD,"May 14, 2026",106.73,108.34,106.73,108.24,106.81,0.016,1452732
TD,"May 13, 2026",107.65,108.58,105.86,106.54,105.13,-0.0113,1331572
TD,"May 12, 2026",106.74,107.82,105.81,107.76,106.34,0.0063,1058275
TD,"May 11, 2026",107.45,108.0,106.8,107.09,105.68,-0.0034000000000000002,1080600
TD,"May 8, 2026",107.95,108.04,106.92,107.46,106.04,-0.0022,1010203
TD,"May 7, 2026",108.94,109.22,107.34,107.7,106.28,-0.0083,937350
TD,"May 6, 2026",106.72,109.11,106.72,108.6,107.17,0.025099999999999997,1087739
TD,"May 5, 2026",106.5,106.8,105.76,105.94,104.54,-0.0029,898546
TD,"May 4, 2026",107.2,107.62,106.0,106.25,104.85,-0.009899999999999999,1434517
TD,"May 1, 2026",107.79,108.35,107.31,107.31,105.89,-0.0036,2306132
TD,"Apr 30, 2026",104.67,107.8,104.67,107.7,106.28,0.0325,2323936
TD,"Apr 29, 2026",105.17,105.66,104.31,104.31,102.93,-0.0102,2933690
TD,"Apr 28, 2026",105.8,106.17,105.28,105.39,104.0,-0.0024,2315809
TD,"Apr 27, 2026",105.19,106.01,104.86,105.64,104.25,0.0058,1940131
TD,"Apr 24, 2026",105.0,105.5,104.23,105.03,103.64,,2143716
TD,"Apr 23, 2026",104.0,105.44,103.97,105.03,103.64,0.0044,1213484
TD,"Apr 22, 2026",105.9,105.91,104.43,104.57,103.19,-0.0072,1457745
TD,"Apr 21, 2026",106.6,106.94,105.22,105.33,103.94,-0.0104,1052927
TD,"Apr 20, 2026",105.12,106.66,105.04,106.44,105.03,0.0103,3335893
TD,"Apr 17, 2026",104.46,105.75,104.46,105.35,103.96,0.0126,3340529
TD,"Apr 16, 2026",104.0,104.44,103.66,104.04,102.67,0.0005,1994169
TD,"Apr 15, 2026",103.39,104.08,103.06,103.99,102.62,0.0083,3725405
TD,"Apr 14, 2026",102.5,103.15,101.97,103.13,101.77,0.010700000000000001,1915068
TD,"Apr 13, 2026",100.17,102.08,99.6,102.04,100.69,0.0132,2641811
TD,"Apr 10, 2026",100.0,100.94,99.91,100.71,99.38,0.0084,1752933
TD,"Apr 9, 2026",98.11,100.0,97.95,99.87,98.55,0.0137,4573343
TD,"Apr 8, 2026",98.75,99.5,98.48,99.3,97.22,0.023799999999999998,6245140
TD,"Apr 7, 2026",95.84,97.06,95.43,96.99,94.96,0.0115,7681791
TD,"Apr 6, 2026",95.17,95.97,95.17,95.89,93.88,0.006999999999999999,1797953
TD,"Apr 2, 2026",93.46,95.31,93.33,95.22,93.22,0.0055000000000000005,2367213
TD,"Apr 1, 2026",94.35,94.89,93.92,94.7,92.72,0.0149,5647186
TD,"Mar 31, 2026",92.52,93.36,91.5,93.31,91.35,0.0192,2108317
TD,"Mar 30, 2026",92.3,92.59,91.25,91.55,89.63,0.002,2781013
TD,"Mar 27, 2026",92.28,92.48,91.05,91.37,89.46,-0.0158,3435445
TD,"Mar 26, 2026",93.31,94.66,92.69,92.84,90.89,-0.0155,2622251
TD,"Mar 25, 2026",94.45,94.6,93.67,94.3,92.32,0.008199999999999999,1869840
TD,"Mar 24, 2026",92.7,94.61,92.41,93.53,91.57,-0.0011,2352609
TD,"Mar 23, 2026",93.56,94.63,92.85,93.63,91.67,0.0178,2784598
TD,"Mar 20, 2026",93.58,93.87,91.66,91.99,90.06,-0.0169,4428499
TD,"Mar 19, 2026",93.58,94.01,93.1,93.57,91.61,-0.008,2088989
TD,"Mar 18, 2026",95.61,96.03,94.02,94.32,92.34,-0.0178,2039476
TD,"Mar 17, 2026",96.0,96.57,95.87,96.03,94.02,0.0083,1341492
TD,"Mar 16, 2026",94.12,95.87,93.92,95.24,93.24,0.0215,1734206
TD,"Mar 13, 2026",94.03,94.86,93.08,93.24,91.29,-0.0084,2049417
TD,"Mar 12, 2026",94.84,95.27,93.88,94.03,92.06,-0.0195,2151015
TD,"Mar 11, 2026",95.54,96.56,95.54,95.9,93.89,-0.0001,1930610
TD,"Mar 10, 2026",95.75,96.68,95.48,95.91,93.9,0.0062,2510879
TD,"Mar 9, 2026",94.14,95.72,93.52,95.32,93.32,-0.0028000000000000004,1958288
TD,"Mar 6, 2026",95.99,96.06,94.71,95.59,93.59,-0.0152,1961479
TD,"Mar 5, 2026",98.08,98.4,96.28,97.07,95.04,-0.0168,1666848
TD,"Mar 4, 2026",97.86,99.09,97.57,98.73,96.66,0.0103,1310683
TD,"Mar 3, 2026",96.44,98.12,95.58,97.72,95.67,-0.0055000000000000005,2029521
TD,"Mar 2, 2026",95.73,98.58,95.14,98.26,96.2,0.0092,2092884
TD,"Feb 27, 2026",98.29,99.84,97.12,97.36,95.32,-0.0144,3482588
TD,"Feb 26, 2026",97.9,99.29,96.92,98.78,96.71,0.0165,4117939
TD,"Feb 25, 2026",95.27,97.56,95.15,97.18,95.14,0.022000000000000002,1557413
TD,"Feb 24, 2026",95.58,95.58,94.65,95.09,93.1,-0.0076,2530393
TD,"Feb 23, 2026",96.97,97.76,95.14,95.82,93.81,-0.0121,2568320
SCHW,"Aug 21, 2026",110.27,112.4,110.17,112.3,112.3,0.0229,6922584
SCHW,"Aug 20, 2026",111.46,111.86,109.55,109.79,109.79,-0.0098,6351870
SCHW,"Aug 19, 2026",111.41,112.08,110.54,110.88,110.88,-0.0072,6463925
SCHW,"Aug 18, 2026",111.33,112.2,110.59,111.68,111.68,0.009899999999999999,7035097
SCHW,"Aug 17, 2026",110.94,111.64,110.41,110.58,110.58,-0.0046,6155146
SCHW,"Aug 14, 2026",109.75,111.18,109.19,111.09,111.09,0.0123,5949380
SCHW,"Aug 13, 2026",109.74,110.2,108.9,110.06,109.74,0.0066,5151335
SCHW,"Aug 12, 2026",107.0,109.66,106.75,109.34,109.02,0.0152,5537502
SCHW,"Aug 11, 2026",107.52,108.4,107.37,107.7,107.39,-0.0027,4063522
SCHW,"Aug 10, 2026",107.51,109.32,107.14,107.99,107.68,0.0036,6749088
SCHW,"Aug 7, 2026",107.07,107.63,106.19,107.6,107.29,-0.0006,7154255
SCHW,"Aug 6, 2026",108.6,109.05,106.81,107.66,107.35,-0.0033,6358579
SCHW,"Aug 5, 2026",106.99,108.55,106.51,108.02,107.71,0.015700000000000002,11677747
SCHW,"Aug 4, 2026",105.26,106.76,105.23,106.35,106.04,0.0045000000000000005,6861842
SCHW,"Aug 3, 2026",105.86,106.81,105.05,105.87,105.56,0.006,6443536
SCHW,"Jul 31, 2026",104.98,105.69,104.05,105.24,104.93,0.0087,8546876
SCHW,"Jul 30, 2026",103.93,104.82,103.07,104.33,104.03,-0.0013,7497713
SCHW,"Jul 29, 2026",106.0,106.73,104.39,104.47,104.17,-0.014199999999999999,7149986
SCHW,"Jul 28, 2026",104.24,106.29,103.45,105.97,105.66,0.0172,7810129
SCHW,"Jul 27, 2026",102.68,104.29,102.36,104.18,103.88,0.0217,7276754
SCHW,"Jul 24, 2026",101.61,102.0,100.55,101.97,101.67,0.0034999999999999996,5175664
SCHW,"Jul 23, 2026",100.27,102.71,100.27,101.61,101.31,0.008,8258441
SCHW,"Jul 22, 2026",101.34,101.34,99.42,100.8,100.51,0.0084,7797588
SCHW,"Jul 21, 2026",104.18,104.48,99.71,99.96,99.67,-0.0252,14815079
SCHW,"Jul 20, 2026",100.61,103.09,100.3,102.54,102.24,0.0096,13660260
SCHW,"Jul 17, 2026",102.32,102.81,100.81,101.56,101.26,-0.0121,8312157
SCHW,"Jul 16, 2026",103.4,103.8,101.95,102.8,102.5,0.0001,10311667
SCHW,"Jul 15, 2026",101.56,103.4,101.34,102.79,102.49,0.0167,7971990
SCHW,"Jul 14, 2026",101.14,103.36,100.75,101.1,100.81,-0.0125,7747157
SCHW,"Jul 13, 2026",103.51,103.97,102.11,102.38,102.08,-0.0072,7419783
SCHW,"Jul 10, 2026",103.25,103.57,101.8,103.12,102.82,0.011899999999999999,5679973
SCHW,"Jul 9, 2026",101.42,103.44,100.51,101.91,101.61,0.0021,6374798
SCHW,"Jul 8, 2026",101.91,103.07,101.26,101.7,101.4,-0.0023,8948334
SCHW,"Jul 7, 2026",101.21,102.54,100.89,101.93,101.63,0.013000000000000001,9405253
SCHW,"Jul 6, 2026",97.19,101.17,97.19,100.62,100.33,0.0373,11391147
SCHW,"Jul 2, 2026",96.74,97.45,96.21,97.0,96.72,0.0127,8893198
SCHW,"Jul 1, 2026",92.76,96.07,92.31,95.78,95.5,0.038,10685420
SCHW,"Jun 30, 2026",91.49,94.17,91.29,92.27,92.0,0.019,9834921
SCHW,"Jun 29, 2026",90.35,91.6,90.2,90.55,90.29,-0.0013,9170706
SCHW,"Jun 26, 2026",89.6,90.67,87.63,90.67,90.41,0.0138,17567421
SCHW,"Jun 25, 2026",91.39,92.6,89.26,89.44,89.18,-0.0213,10918783
SCHW,"Jun 24, 2026",92.81,92.9,91.02,91.39,91.12,-0.0191,12928562
SCHW,"Jun 23, 2026",92.39,93.3,92.03,93.17,92.9,0.0124,11700801
SCHW,"Jun 22, 2026",92.5,92.69,91.36,92.03,91.76,0.0036,11599414
SCHW,"Jun 18, 2026",94.58,94.79,90.86,91.7,91.43,-0.0297,27430151
SCHW,"Jun 17, 2026",93.55,94.83,92.46,94.51,94.24,0.009000000000000001,12107284
SCHW,"Jun 16, 2026",92.0,93.7,91.44,93.67,93.4,0.029900000000000003,12346448
SCHW,"Jun 15, 2026",91.61,92.39,90.76,90.95,90.69,-0.0016,11480191
SCHW,"Jun 12, 2026",89.53,92.21,89.25,91.1,90.84,0.0271,11399437
SCHW,"Jun 11, 2026",89.26,89.94,88.54,88.7,88.44,-0.0064,11380710
SCHW,"Jun 10, 2026",88.45,90.25,87.86,89.27,89.01,0.005600000000000001,11177391
SCHW,"Jun 9, 2026",88.25,88.92,87.18,88.77,88.51,0.0078000000000000005,10830638
SCHW,"Jun 8, 2026",88.28,88.92,87.77,88.08,87.82,-0.0086,7473601
SCHW,"Jun 5, 2026",88.46,88.94,87.68,88.84,88.58,0.0095,9213892
SCHW,"Jun 4, 2026",87.51,88.5,86.7,88.0,87.74,0.0163,11790233
SCHW,"Jun 3, 2026",87.0,87.56,85.58,86.59,86.34,-0.0116,11339420
SCHW,"Jun 2, 2026",87.94,88.62,86.22,87.61,87.36,-0.0127,11612043
SCHW,"Jun 1, 2026",86.81,89.2,86.02,88.74,88.48,0.0159,13961593
SCHW,"May 29, 2026",86.0,87.48,85.93,87.35,87.1,0.023399999999999997,20461629
SCHW,"May 28, 2026",85.12,85.62,83.96,85.35,85.1,-0.003,16768483
SCHW,"May 27, 2026",89.0,89.26,84.72,85.61,85.36,-0.0424,21854900
SCHW,"May 26, 2026",89.7,90.42,89.37,89.4,89.14,-0.0083,8361078
SCHW,"May 22, 2026",90.36,91.39,90.11,90.15,89.89,-0.0029,7067503
SCHW,"May 21, 2026",90.18,90.7,89.28,90.41,90.15,0.0033,8077912
SCHW,"May 20, 2026",92.32,92.56,89.73,90.11,89.85,-0.018500000000000003,12827816
SCHW,"May 19, 2026",92.2,92.93,91.46,91.81,91.54,-0.0063,8681790
SCHW,"May 18, 2026",91.0,93.43,90.78,92.39,92.12,0.0166,8266512
SCHW,"May 15, 2026",90.48,92.87,89.76,90.88,90.62,0.0161,14261986
SCHW,"May 14, 2026",91.65,92.17,89.13,89.44,89.18,-0.019,14178789
SCHW,"May 13, 2026",89.45,91.78,89.26,91.17,90.9,0.011000000000000001,9299812
SCHW,"May 12, 2026",88.02,90.39,87.64,90.18,89.92,0.0268,9490161
SCHW,"May 11, 2026",88.62,88.87,87.61,87.83,87.57,-0.0088,9542668
SCHW,"May 8, 2026",89.29,89.7,88.31,88.61,88.35,-0.0064,9953964
SCHW,"May 7, 2026",91.81,92.43,88.66,89.5,88.92,-0.0288,14791981
SCHW,"May 6, 2026",92.36,92.75,91.59,92.15,91.55,-0.0027,6883560
SCHW,"May 5, 2026",91.76,92.89,91.5,92.4,91.8,0.0101,5784332
SCHW,"May 4, 2026",91.37,92.72,90.95,91.48,90.89,-0.0007000000000000001,7005948
SCHW,"May 1, 2026",92.03,92.86,91.27,91.54,90.95,-0.0011,8532643
SCHW,"Apr 30, 2026",90.35,92.53,89.88,91.64,91.05,0.0053,12560277
SCHW,"Apr 29, 2026",90.33,91.49,89.44,91.16,90.57,0.0036,8328332
SCHW,"Apr 28, 2026",91.3,91.9,90.18,90.83,90.24,0.0008,9259149
SCHW,"Apr 27, 2026",88.26,91.12,88.15,90.76,90.17,0.0255,8399216
SCHW,"Apr 24, 2026",88.92,89.86,88.29,88.5,87.93,-0.004699999999999999,11670547
SCHW,"Apr 23, 2026",91.14,91.6,87.84,88.92,88.34,-0.0304,17899611
SCHW,"Apr 22, 2026",92.19,93.0,91.15,91.71,91.12,-0.0028000000000000004,10798334
SCHW,"Apr 21, 2026",93.26,94.16,91.83,91.97,91.37,-0.0127,12842755
SCHW,"Apr 20, 2026",91.98,93.59,91.65,93.15,92.55,0.009399999999999999,11271633
SCHW,"Apr 17, 2026",93.35,93.93,90.57,92.28,91.68,-0.0037,20191285
SCHW,"Apr 16, 2026",95.76,98.75,91.92,92.62,92.02,-0.07629999999999999,27859520
SCHW,"Apr 15, 2026",99.4,100.76,99.09,100.27,99.62,0.0192,10983430
SCHW,"Apr 14, 2026",97.28,99.06,96.89,98.38,97.74,0.016399999999999998,12167570
SCHW,"Apr 13, 2026",94.72,96.85,94.2,96.79,96.16,0.021,7449681
SCHW,"Apr 10, 2026",97.19,97.25,94.15,94.8,94.19,-0.0254,9347157
SCHW,"Apr 9, 2026",96.28,97.98,95.83,97.27,96.64,0.0059,5794463
SCHW,"Apr 8, 2026",94.89,96.78,94.5,96.7,96.07,0.036000000000000004,10783075
SCHW,"Apr 7, 2026",92.21,93.73,91.3,93.34,92.74,0.0038,11971822
SCHW,"Apr 6, 2026",93.9,94.75,92.04,92.99,92.39,-0.0083,10968053
SCHW,"Apr 2, 2026",91.1,94.02,90.89,93.77,93.16,0.015300000000000001,7970545
SCHW,"Apr 1, 2026",95.01,95.44,90.0,92.36,91.76,-0.0172,15988655
SCHW,"Mar 31, 2026",94.0,94.13,92.17,93.98,93.37,0.009899999999999999,9731183
SCHW,"Mar 30, 2026",92.99,93.73,92.37,93.06,92.46,0.0076,6406649
SCHW,"Mar 27, 2026",93.87,93.96,91.97,92.36,91.76,-0.0223,7252391
SCHW,"Mar 26, 2026",94.68,95.16,93.84,94.47,93.86,-0.0055000000000000005,6984154
SCHW,"Mar 25, 2026",95.95,96.65,94.39,94.99,94.38,-0.0072,6454692
SCHW,"Mar 24, 2026",95.58,96.74,95.2,95.68,95.06,0.004,6456172
SCHW,"Mar 23, 2026",95.59,96.45,93.99,95.3,94.68,0.0068000000000000005,8933360
SCHW,"Mar 20, 2026",94.11,94.87,93.5,94.66,94.05,0.0070999999999999995,13145384
SCHW,"Mar 19, 2026",93.37,94.15,92.79,93.99,93.38,0.0076,8001366
SCHW,"Mar 18, 2026",93.8,94.22,92.87,93.28,92.68,-0.0069,8175430
SCHW,"Mar 17, 2026",94.27,95.39,93.77,93.93,93.32,0.0032,5972074
SCHW,"Mar 16, 2026",94.13,95.24,93.26,93.63,93.02,0.0060999999999999995,8835700
SCHW,"Mar 13, 2026",92.0,93.8,91.93,93.06,92.46,0.0199,11043554
SCHW,"Mar 12, 2026",91.82,92.04,90.51,91.24,90.65,-0.0154,9215097
SCHW,"Mar 11, 2026",92.95,93.49,91.21,92.67,92.07,-0.0054,6462329
SCHW,"Mar 10, 2026",94.4,94.62,92.59,93.17,92.57,-0.0128,7017485
SCHW,"Mar 9, 2026",94.1,94.86,92.27,94.38,93.77,-0.0089,8517400
SCHW,"Mar 6, 2026",93.88,95.27,92.55,95.23,94.61,-0.0019,9745277
SCHW,"Mar 5, 2026",95.47,96.84,94.16,95.41,94.79,-0.0066,12034937
SCHW,"Mar 4, 2026",96.22,96.8,95.38,96.04,95.42,0.0084,8268138
SCHW,"Mar 3, 2026",94.0,95.99,93.5,95.24,94.62,-0.0026,8257847
SCHW,"Mar 2, 2026",94.23,96.6,93.93,95.49,94.87,0.003,11412285
SCHW,"Feb 27, 2026",96.49,96.99,93.62,95.2,94.58,-0.023799999999999998,13146063
SCHW,"Feb 26, 2026",95.48,97.61,95.48,97.52,96.89,0.022799999999999997,9896081
SCHW,"Feb 25, 2026",93.87,95.8,93.52,95.35,94.73,0.0239,8788892
SCHW,"Feb 24, 2026",92.19,94.55,91.86,93.12,92.52,0.004,13635300
SCHW,"Feb 23, 2026",93.51,93.92,91.28,92.75,92.15,-0.013600000000000001,11226893
BLK,"Aug 21, 2026",1150.68,1160.0,1147.33,1156.55,1156.55,0.0147,380387
BLK,"Aug 20, 2026",1154.76,1159.81,1139.29,1139.82,1139.82,-0.0165,397073
BLK,"Aug 19, 2026",1161.52,1181.68,1155.1,1158.92,1158.92,0.004,431514
BLK,"Aug 18, 2026",1149.0,1161.81,1143.13,1154.35,1154.35,0.0063,354535
BLK,"Aug 17, 2026",1167.31,1169.48,1146.97,1147.11,1147.11,-0.0227,392133
BLK,"Aug 14, 2026",1179.0,1180.0,1168.5,1173.73,1173.73,-0.0077,458051
BLK,"Aug 13, 2026",1165.77,1186.74,1164.31,1182.84,1182.84,0.0189,379086
BLK,"Aug 12, 2026",1157.0,1162.64,1145.08,1160.91,1160.91,0.0105,378107
BLK,"Aug 11, 2026",1130.65,1152.8,1128.45,1148.84,1148.84,0.0154,437457
BLK,"Aug 10, 2026",1129.82,1139.98,1126.0,1131.4,1131.4,-0.0044,655901
BLK,"Aug 7, 2026",1132.53,1143.52,1128.65,1136.39,1136.39,0.0063,457404
BLK,"Aug 6, 2026",1135.57,1139.63,1120.28,1129.3,1129.3,-0.0038,578130
BLK,"Aug 5, 2026",1138.5,1142.89,1121.17,1133.58,1133.58,0.0022,663892
BLK,"Aug 4, 2026",1138.5,1150.3,1130.85,1131.13,1131.13,0.004,621015
BLK,"Aug 3, 2026",1100.07,1129.24,1096.19,1126.63,1126.63,0.0332,730404
BLK,"Jul 31, 2026",1100.84,1104.19,1089.79,1090.39,1090.39,-0.0073,374731
BLK,"Jul 30, 2026",1079.36,1104.11,1071.37,1098.37,1098.37,0.0178,620114
BLK,"Jul 29, 2026",1086.07,1110.0,1079.19,1079.19,1079.19,-0.0167,1068630
BLK,"Jul 28, 2026",1069.39,1103.48,1062.51,1097.55,1097.55,0.0333,1043160
BLK,"Jul 27, 2026",1067.38,1069.99,1051.01,1062.14,1062.14,0.0060999999999999995,698085
BLK,"Jul 24, 2026",1039.1,1056.48,1033.49,1055.67,1055.67,0.0178,504973
BLK,"Jul 23, 2026",1051.15,1061.43,1036.44,1037.16,1037.16,-0.0184,632982
BLK,"Jul 22, 2026",1036.6,1057.19,1034.34,1056.63,1056.63,0.0177,725275
BLK,"Jul 21, 2026",1056.86,1062.87,1030.93,1038.24,1038.24,-0.0151,833144
BLK,"Jul 20, 2026",1070.74,1073.18,1052.16,1054.11,1054.11,-0.0169,659452
BLK,"Jul 17, 2026",1068.29,1099.41,1065.95,1072.2,1072.2,-0.0137,760520
BLK,"Jul 16, 2026",1110.94,1125.0,1079.46,1087.05,1087.05,-0.0058,1029705
BLK,"Jul 15, 2026",1100.0,1109.99,1078.0,1093.4,1093.4,0.0663,1578120
BLK,"Jul 14, 2026",1030.24,1036.52,1023.05,1025.44,1025.44,-0.0059,659423
BLK,"Jul 13, 2026",1039.36,1039.43,1015.97,1031.56,1031.56,-0.0044,931520
BLK,"Jul 10, 2026",1039.47,1048.5,1030.0,1036.11,1036.11,0.0161,592374
BLK,"Jul 9, 2026",995.92,1021.24,991.24,1019.68,1019.68,0.0296,759489
BLK,"Jul 8, 2026",1001.73,1006.81,982.99,990.34,990.34,-0.0189,650358
BLK,"Jul 7, 2026",1012.3,1019.01,1003.44,1009.43,1009.43,-0.0018,458122
BLK,"Jul 6, 2026",998.73,1012.3,990.24,1011.21,1011.21,0.0155,563972
BLK,"Jul 2, 2026",988.5,1002.04,982.59,995.73,995.73,0.015700000000000002,632869
BLK,"Jul 1, 2026",960.42,986.57,957.11,980.38,980.38,0.0196,820516
BLK,"Jun 30, 2026",950.81,969.76,950.18,961.56,961.56,0.012,881961
BLK,"Jun 29, 2026",969.21,972.93,947.21,950.17,950.17,-0.0151,883491
BLK,"Jun 26, 2026",972.8,984.01,962.68,964.71,964.71,-0.0074,1490488
BLK,"Jun 25, 2026",995.0,1002.47,966.13,971.92,971.92,-0.0109,1130065
BLK,"Jun 24, 2026",1013.36,1015.47,970.03,982.6,982.6,-0.0322,1559845
BLK,"Jun 23, 2026",1049.13,1050.0,1009.24,1015.33,1015.33,-0.0346,1449154
BLK,"Jun 22, 2026",1048.2,1063.74,1042.39,1051.74,1051.74,0.0016,749965
BLK,"Jun 18, 2026",1073.77,1076.51,1045.91,1050.09,1050.09,-0.0069,1029335
BLK,"Jun 17, 2026",1048.96,1075.69,1043.6,1057.38,1057.38,0.0049,719617
BLK,"Jun 16, 2026",1050.77,1056.87,1038.51,1052.23,1052.23,0.009000000000000001,445032
BLK,"Jun 15, 2026",1050.0,1060.0,1040.83,1042.87,1042.87,0.0105,528896
BLK,"Jun 12, 2026",1028.38,1041.45,1022.0,1032.0,1032.0,0.0152,543973
BLK,"Jun 11, 2026",1013.4,1022.02,1000.57,1016.58,1016.58,0.0058,768904
BLK,"Jun 10, 2026",1006.96,1020.23,999.21,1010.68,1010.68,-0.0013,562290
BLK,"Jun 9, 2026",1005.57,1012.78,987.84,1011.96,1011.96,0.0173,604715
BLK,"Jun 8, 2026",1002.19,1005.0,990.76,994.77,994.77,-0.0008,479246
BLK,"Jun 5, 2026",1011.95,1011.95,991.18,995.6,995.6,-0.0209,710721
BLK,"Jun 4, 2026",997.84,1025.67,991.47,1022.56,1016.83,0.032,1023569
BLK,"Jun 3, 2026",1001.11,1001.37,983.75,990.87,985.32,-0.0276,793130
BLK,"Jun 2, 2026",1017.22,1036.11,1007.0,1018.96,1013.25,-0.0017000000000000001,727851
BLK,"Jun 1, 2026",1041.12,1053.24,1015.31,1020.73,1015.01,-0.025,905063
BLK,"May 29, 2026",1041.87,1060.51,1040.0,1046.88,1041.01,0.0004,1078103
BLK,"May 28, 2026",1054.98,1062.29,1045.0,1046.49,1040.63,-0.0223,846262
BLK,"May 27, 2026",1080.84,1085.0,1066.71,1070.34,1064.34,-0.0066,515288
BLK,"May 26, 2026",1077.5,1084.45,1071.11,1077.4,1071.36,0.0040999999999999995,507375
BLK,"May 22, 2026",1070.78,1079.99,1065.19,1073.0,1066.99,0.0087,450943
BLK,"May 21, 2026",1048.88,1065.37,1045.12,1063.75,1057.79,0.0116,624820
BLK,"May 20, 2026",1038.1,1052.31,1030.19,1051.57,1045.68,0.0147,760441
BLK,"May 19, 2026",1074.46,1084.0,1036.02,1036.3,1030.49,-0.045700000000000005,1024491
BLK,"May 18, 2026",1082.82,1098.07,1079.66,1085.88,1079.8,0.0037,458255
BLK,"May 15, 2026",1094.52,1099.75,1080.0,1081.9,1075.84,-0.02,456547
BLK,"May 14, 2026",1100.0,1111.09,1096.41,1104.03,1097.84,0.0091,502324
BLK,"May 13, 2026",1086.54,1098.11,1076.42,1094.1,1087.97,0.0015,823249
BLK,"May 12, 2026",1074.79,1096.26,1071.0,1092.5,1086.38,0.0103,484453
BLK,"May 11, 2026",1084.0,1089.88,1071.54,1081.32,1075.26,-0.0032,587585
BLK,"May 8, 2026",1074.32,1085.23,1067.0,1084.83,1078.75,0.016,490891
BLK,"May 7, 2026",1075.62,1080.74,1058.49,1067.74,1061.76,-0.0054,477264
BLK,"May 6, 2026",1065.75,1081.57,1064.85,1073.57,1067.55,0.0235,662868
BLK,"May 5, 2026",1055.0,1064.97,1047.52,1048.91,1043.03,-0.0032,541675
BLK,"May 4, 2026",1055.0,1068.5,1049.89,1052.25,1046.35,-0.0089,424699
BLK,"May 1, 2026",1069.88,1080.73,1060.59,1061.68,1055.73,-0.0037,471142
BLK,"Apr 30, 2026",1041.0,1067.42,1033.5,1065.6,1059.63,0.0252,573253
BLK,"Apr 29, 2026",1049.0,1055.64,1031.32,1039.38,1033.56,-0.009899999999999999,398081
BLK,"Apr 28, 2026",1062.03,1066.99,1047.86,1049.76,1043.88,-0.0067,424544
BLK,"Apr 27, 2026",1040.85,1058.5,1040.85,1056.86,1050.94,0.011399999999999999,532693
BLK,"Apr 24, 2026",1053.86,1059.13,1042.44,1044.97,1039.11,-0.008100000000000001,365980
BLK,"Apr 23, 2026",1056.1,1065.0,1041.72,1053.47,1047.57,-0.0085,538892
BLK,"Apr 22, 2026",1054.72,1063.42,1048.31,1062.47,1056.52,0.018799999999999997,550935
BLK,"Apr 21, 2026",1049.49,1070.73,1040.4,1042.85,1037.01,-0.0053,674184
BLK,"Apr 20, 2026",1048.66,1060.0,1045.0,1048.42,1042.55,-0.0034999999999999996,638308
BLK,"Apr 17, 2026",1038.28,1067.33,1036.14,1052.14,1046.24,0.0265,1105574
BLK,"Apr 16, 2026",1054.11,1058.4,1011.41,1024.95,1019.21,-0.0226,950624
BLK,"Apr 15, 2026",1053.81,1062.0,1043.45,1048.6,1042.72,-0.005699999999999999,1005943
BLK,"Apr 14, 2026",1050.0,1074.0,1040.88,1054.56,1048.65,0.0302,1350099
BLK,"Apr 13, 2026",992.8,1025.65,991.96,1023.65,1017.91,0.024399999999999998,929368
BLK,"Apr 10, 2026",1002.39,1002.93,991.18,999.31,993.71,-0.0023,671058
BLK,"Apr 9, 2026",993.77,1006.32,982.22,1001.62,996.01,0.0001,676731
BLK,"Apr 8, 2026",1002.0,1017.3,995.78,1001.54,995.93,0.0449,1247545
BLK,"Apr 7, 2026",954.99,962.0,949.29,958.46,953.09,-0.001,471209
BLK,"Apr 6, 2026",961.13,966.09,955.0,959.41,954.03,-0.0074,451267
BLK,"Apr 2, 2026",931.43,971.24,929.25,966.56,961.14,0.0096,568978
BLK,"Apr 1, 2026",974.95,978.99,956.3,957.4,952.04,-0.0045000000000000005,624658
BLK,"Mar 31, 2026",950.32,967.08,940.53,961.71,956.32,0.0296,800207
BLK,"Mar 30, 2026",939.45,953.51,930.69,934.06,928.83,0.0002,806644
BLK,"Mar 27, 2026",959.8,961.48,930.0,933.85,928.62,-0.035699999999999996,877589
BLK,"Mar 26, 2026",972.59,985.18,966.55,968.46,963.03,-0.0131,739706
BLK,"Mar 25, 2026",988.0,992.13,963.9,981.35,975.85,0.0054,877481
BLK,"Mar 24, 2026",960.0,978.68,956.54,976.06,970.59,0.0015,626081
BLK,"Mar 23, 2026",976.89,988.3,965.0,974.58,969.12,0.0174,911783
BLK,"Mar 20, 2026",970.26,971.79,945.52,957.91,952.54,-0.0121,1410189
BLK,"Mar 19, 2026",957.2,972.0,949.61,969.6,964.17,0.0013,913314
BLK,"Mar 18, 2026",963.75,976.29,962.52,968.31,962.88,-0.0028000000000000004,842196
BLK,"Mar 17, 2026",958.0,975.46,954.05,971.01,965.57,0.0294,1345845
BLK,"Mar 16, 2026",931.47,946.52,929.0,943.26,937.97,0.0207,927001
BLK,"Mar 13, 2026",932.93,943.43,920.92,924.11,918.93,0.0013,1236592
BLK,"Mar 12, 2026",932.58,944.1,917.39,922.9,917.73,-0.0297,1133395
BLK,"Mar 11, 2026",964.78,967.4,940.31,951.17,945.84,-0.0167,1090088
BLK,"Mar 10, 2026",965.0,976.8,956.55,967.36,961.94,0.0101,1159205
BLK,"Mar 9, 2026",929.38,960.39,919.0,957.67,952.3,0.0023,1933487
BLK,"Mar 6, 2026",991.29,994.82,948.75,955.45,950.1,-0.0717,1846223
BLK,"Mar 5, 2026",1039.69,1046.46,1022.12,1035.0,1023.5,-0.013600000000000001,673972
BLK,"Mar 4, 2026",1060.0,1062.99,1045.0,1049.23,1037.57,-0.0032,482308
BLK,"Mar 3, 2026",1033.03,1066.99,1029.0,1052.59,1040.9,-0.0147,893444
BLK,"Mar 2, 2026",1038.77,1075.52,1031.95,1068.31,1056.44,0.0048,708914
BLK,"Feb 27, 2026",1073.07,1080.0,1040.45,1063.23,1051.42,-0.0248,1191826
BLK,"Feb 26, 2026",1100.0,1108.05,1060.12,1090.27,1078.16,-0.0032,725485
BLK,"Feb 25, 2026",1086.49,1097.67,1061.5,1093.78,1081.63,0.0118,774293
BLK,"Feb 24, 2026",1061.13,1093.86,1051.41,1081.05,1069.04,0.009399999999999999,737539
BLK,"Feb 23, 2026",1099.97,1108.22,1056.0,1071.01,1059.11,-0.0207,727295
BX,"Aug 21, 2026",142.13,145.0,141.79,143.38,143.38,0.0144,2934072
BX,"Aug 20, 2026",144.25,144.87,141.05,141.35,141.35,-0.0258,3112038
BX,"Aug 19, 2026",142.33,146.87,141.71,145.09,145.09,0.032,3035379
BX,"Aug 18, 2026",139.52,141.49,138.12,140.59,140.59,0.0001,3257330
BX,"Aug 17, 2026",142.04,142.51,139.51,140.57,140.57,-0.0233,3684204
BX,"Aug 14, 2026",149.45,149.5,143.83,143.93,143.93,-0.0361,3795996
BX,"Aug 13, 2026",147.31,150.24,145.47,149.32,149.32,0.0199,4222775
BX,"Aug 12, 2026",148.48,148.65,144.27,146.41,146.41,-0.0052,4147414
BX,"Aug 11, 2026",141.85,148.36,141.85,147.17,147.17,0.038900000000000004,7354455
BX,"Aug 10, 2026",137.1,141.71,136.85,141.66,141.66,0.033,5147560
BX,"Aug 7, 2026",135.1,138.5,134.62,137.13,137.13,0.0276,4048712
BX,"Aug 6, 2026",136.27,136.7,132.77,133.45,133.45,-0.019,3795506
BX,"Aug 5, 2026",139.0,139.87,134.56,136.03,136.03,-0.0085,3648352
BX,"Aug 4, 2026",135.0,137.69,134.5,137.2,137.2,0.0187,5707198
BX,"Aug 3, 2026",128.1,135.21,127.54,134.68,134.68,0.065,5495121
BX,"Jul 31, 2026",127.78,129.09,127.19,127.75,126.46,-0.0025,4897878
BX,"Jul 30, 2026",131.2,131.2,125.72,128.07,126.78,-0.0103,5742468
BX,"Jul 29, 2026",132.91,133.49,127.75,129.4,128.09,-0.0336,6294047
BX,"Jul 28, 2026",132.27,134.02,130.4,133.9,132.55,0.0098,6230160
BX,"Jul 27, 2026",132.0,135.44,130.41,132.6,131.26,0.02,6802623
BX,"Jul 24, 2026",125.2,130.0,124.25,130.0,128.69,0.044199999999999996,6222299
BX,"Jul 23, 2026",121.45,126.51,119.88,124.5,123.24,0.0137,8260032
BX,"Jul 22, 2026",123.77,125.34,122.25,122.82,121.58,-0.010700000000000001,3958910
BX,"Jul 21, 2026",123.81,125.2,123.15,124.15,122.9,0.0044,5183521
BX,"Jul 20, 2026",127.0,127.15,122.89,123.61,122.36,-0.026000000000000002,4765504
BX,"Jul 17, 2026",126.72,131.0,126.12,126.91,125.63,-0.016,4805578
BX,"Jul 16, 2026",126.45,128.98,125.26,128.97,127.67,0.0151,3773012
BX,"Jul 15, 2026",127.68,130.65,126.65,127.05,125.77,0.02,5478590
BX,"Jul 14, 2026",122.27,125.56,121.94,124.56,123.3,0.0206,3932351
BX,"Jul 13, 2026",123.0,124.1,120.75,122.04,120.81,-0.0085,3250220
BX,"Jul 10, 2026",124.28,125.77,122.8,123.09,121.85,0.0077,2569031
BX,"Jul 9, 2026",118.82,122.85,118.3,122.15,120.92,0.0298,4327728
BX,"Jul 8, 2026",119.09,119.14,116.8,118.62,117.42,-0.018799999999999997,3269966
BX,"Jul 7, 2026",123.08,123.81,119.72,120.89,119.67,-0.020499999999999997,3779191
BX,"Jul 6, 2026",123.43,124.47,122.42,123.42,122.17,0.0052,3156648
BX,"Jul 2, 2026",121.97,123.43,120.77,122.78,121.54,0.027000000000000003,3604235
BX,"Jul 1, 2026",118.08,121.01,117.95,119.55,118.34,0.016,5555896
BX,"Jun 30, 2026",114.88,117.67,114.7,117.67,116.48,0.024300000000000002,7368814
BX,"Jun 29, 2026",116.0,117.38,112.78,114.88,113.72,-0.0045000000000000005,5104529
BX,"Jun 26, 2026",113.78,116.63,113.78,115.4,114.23,0.010700000000000001,7488184
BX,"Jun 25, 2026",112.95,117.79,112.95,114.18,113.03,0.0105,4831779
BX,"Jun 24, 2026",118.58,119.58,112.06,112.99,111.85,-0.059000000000000004,7957179
BX,"Jun 23, 2026",120.97,122.39,119.02,120.07,118.86,-0.0259,5303002
BX,"Jun 22, 2026",123.92,125.47,121.51,123.26,122.02,-0.0043,4331911
BX,"Jun 18, 2026",127.2,127.2,122.17,123.79,122.54,-0.0098,10280667
BX,"Jun 17, 2026",126.95,129.82,124.63,125.01,123.75,-0.022400000000000003,5882653
BX,"Jun 16, 2026",126.87,128.43,125.89,127.87,126.58,0.026000000000000002,4220629
BX,"Jun 15, 2026",125.55,128.74,124.42,124.63,123.37,0.015,5703203
BX,"Jun 12, 2026",122.42,124.98,120.99,122.79,121.55,0.0158,4447223
BX,"Jun 11, 2026",118.93,120.89,116.02,120.88,119.66,0.0203,4298479
BX,"Jun 10, 2026",119.52,122.25,118.43,118.48,117.28,-0.015,3846474
BX,"Jun 9, 2026",115.16,121.0,115.16,120.29,119.08,0.053399999999999996,5438650
BX,"Jun 8, 2026",115.55,116.09,113.76,114.19,113.04,-0.0101,3228617
BX,"Jun 5, 2026",117.57,118.4,114.2,115.35,114.19,-0.027000000000000003,5562842
BX,"Jun 4, 2026",112.25,119.66,111.78,118.55,117.35,0.075,8022415
BX,"Jun 3, 2026",109.99,112.0,107.03,110.28,109.17,-0.0403,8132228
BX,"Jun 2, 2026",116.35,118.24,114.51,114.91,113.75,-0.0174,4873172
BX,"Jun 1, 2026",116.81,119.84,115.5,116.94,115.76,-0.0003,5575962
BX,"May 29, 2026",115.91,117.74,115.06,116.97,115.79,0.0070999999999999995,8394320
BX,"May 28, 2026",117.25,117.87,114.5,116.14,114.97,-0.0158,5653202
BX,"May 27, 2026",118.77,120.34,117.69,118.0,116.81,-0.001,3538156
BX,"May 26, 2026",119.27,120.15,117.31,118.12,116.93,-0.0033,3818196
BX,"May 22, 2026",119.47,119.47,116.9,118.51,117.31,-0.0005,3969210
BX,"May 21, 2026",116.36,119.31,115.58,118.57,117.37,0.0149,4672560
BX,"May 20, 2026",114.85,117.56,112.7,116.83,115.65,0.0225,4329565
BX,"May 19, 2026",118.14,118.3,114.2,114.26,113.11,-0.023799999999999998,4812923
BX,"May 18, 2026",117.0,118.91,116.02,117.04,115.86,-0.0072,5756585
BX,"May 15, 2026",121.49,122.0,117.81,117.89,116.7,-0.0373,4867269
BX,"May 14, 2026",120.98,123.96,120.45,122.46,121.22,0.023700000000000002,3383965
BX,"May 13, 2026",121.6,121.73,118.5,119.62,118.41,-0.0256,4997301
BX,"May 12, 2026",121.26,123.2,120.0,122.76,121.52,0.011200000000000002,3957902
BX,"May 11, 2026",123.26,123.84,120.84,121.4,120.17,-0.0191,4187422
BX,"May 8, 2026",122.6,124.08,121.06,123.77,122.52,0.0118,3294470
BX,"May 7, 2026",124.52,125.08,121.92,122.33,121.09,-0.0189,5131408
BX,"May 6, 2026",125.0,125.71,122.91,124.69,123.43,0.0161,4850546
BX,"May 5, 2026",123.55,125.18,121.16,122.72,121.48,-0.003,4783379
BX,"May 4, 2026",124.97,126.75,122.98,123.09,121.85,-0.0168,4348824
BX,"May 1, 2026",126.84,128.24,124.38,126.35,123.93,0.0060999999999999995,5648674
BX,"Apr 30, 2026",120.41,125.85,118.39,125.58,123.17,0.048,9135559
BX,"Apr 29, 2026",121.06,121.83,118.51,119.83,117.53,-0.0139,5994932
BX,"Apr 28, 2026",121.19,122.38,120.19,121.52,119.19,0.0096,6240692
BX,"Apr 27, 2026",121.98,123.72,118.85,120.37,118.06,-0.0105,5662024
BX,"Apr 24, 2026",122.01,122.91,120.13,121.65,119.32,-0.005600000000000001,4983807
BX,"Apr 23, 2026",126.32,126.75,120.02,122.33,119.98,-0.057,10221595
BX,"Apr 22, 2026",130.68,131.94,128.61,129.73,127.24,0.0096,5913205
BX,"Apr 21, 2026",129.91,133.25,128.22,128.5,126.03,-0.0038,6207043
BX,"Apr 20, 2026",129.01,130.54,128.03,128.99,126.52,-0.0007000000000000001,4362676
BX,"Apr 17, 2026",130.09,133.15,128.3,129.08,126.6,0.0074,7638214
BX,"Apr 16, 2026",131.97,132.74,128.0,128.13,125.67,-0.0158,6150192
BX,"Apr 15, 2026",128.39,131.19,126.77,130.19,127.69,0.030600000000000002,9540814
BX,"Apr 14, 2026",123.0,127.39,122.36,126.33,123.91,0.037000000000000005,8699421
BX,"Apr 13, 2026",115.54,121.95,115.2,121.82,119.48,0.060899999999999996,7564383
BX,"Apr 10, 2026",117.94,117.94,113.27,114.83,112.63,-0.0177,4449669
BX,"Apr 9, 2026",116.63,117.43,114.59,116.9,114.66,-0.006500000000000001,5905595
BX,"Apr 8, 2026",117.48,120.2,115.68,117.67,115.41,0.0438,8228730
BX,"Apr 7, 2026",110.88,113.5,110.62,112.73,110.57,0.0044,4092951
BX,"Apr 6, 2026",112.51,113.29,111.12,112.24,110.09,-0.0072,4324428
BX,"Apr 2, 2026",110.19,114.98,108.8,113.05,110.88,-0.011200000000000002,7760977
BX,"Apr 1, 2026",116.88,116.88,112.68,114.33,112.14,-0.005699999999999999,7738608
BX,"Mar 31, 2026",112.92,115.64,111.89,114.99,112.78,0.0304,8733349
BX,"Mar 30, 2026",109.3,113.27,108.75,111.6,109.46,0.0327,8779024
BX,"Mar 27, 2026",107.95,110.75,106.81,108.07,106.0,-0.014199999999999999,8764914
BX,"Mar 26, 2026",106.72,110.75,106.71,109.63,107.53,0.0115,6995024
BX,"Mar 25, 2026",110.66,111.7,107.36,108.38,106.3,0.0037,6284841
BX,"Mar 24, 2026",106.2,108.22,105.19,107.98,105.91,-0.0125,7565751
BX,"Mar 23, 2026",114.23,114.35,108.52,109.35,107.25,-0.0098,8775054
BX,"Mar 20, 2026",112.64,113.1,109.68,110.43,108.31,-0.0268,50695563
BX,"Mar 19, 2026",111.95,113.86,110.52,113.47,111.29,-0.0005,8837310
BX,"Mar 18, 2026",110.4,115.98,110.4,113.53,111.35,0.0137,9748217
BX,"Mar 17, 2026",108.54,112.08,108.32,112.0,109.85,0.045599999999999995,9070201
BX,"Mar 16, 2026",108.24,108.7,105.38,107.12,105.06,0.0032,7786825
BX,"Mar 13, 2026",103.98,107.74,103.76,106.78,104.73,0.045599999999999995,11075659
BX,"Mar 12, 2026",104.58,107.32,101.73,102.12,100.16,-0.0478,15162019
BX,"Mar 11, 2026",110.0,111.23,105.53,107.25,105.19,-0.0246,8917419
BX,"Mar 10, 2026",110.77,112.34,108.4,109.96,107.85,-0.0062,6944648
BX,"Mar 9, 2026",108.25,111.71,106.04,110.65,108.53,0.0023,10438756
BX,"Mar 6, 2026",112.04,113.0,108.6,110.4,108.28,-0.0446,10342248
BX,"Mar 5, 2026",112.96,117.46,112.76,115.55,113.33,0.0124,8992676
BX,"Mar 4, 2026",112.05,114.79,111.53,114.14,111.95,0.028999999999999998,8267756
BX,"Mar 3, 2026",108.5,113.25,105.09,110.92,108.79,-0.0382,15189419
BX,"Mar 2, 2026",110.65,116.09,109.25,115.33,113.12,0.0173,9537836
BX,"Feb 27, 2026",115.88,115.88,112.15,113.37,111.19,-0.0388,10191074
BX,"Feb 26, 2026",119.09,120.88,115.52,117.95,115.69,-0.0023,9118573
BX,"Feb 25, 2026",117.1,119.32,115.32,118.22,115.95,0.0155,8243972
BX,"Feb 24, 2026",113.96,117.86,113.2,116.41,114.18,0.023700000000000002,10059171
BX,"Feb 23, 2026",119.21,119.37,111.04,113.71,111.53,-0.0623,18370407
SMFG,"Aug 21, 2026",25.11,25.12,24.86,25.05,25.05,0.0208,1090229
SMFG,"Aug 20, 2026",24.48,24.79,24.32,24.54,24.54,-0.0012,1258049
SMFG,"Aug 19, 2026",25.18,25.24,24.57,24.57,24.57,-0.048,1415650
SMFG,"Aug 18, 2026",26.0,26.06,25.73,25.81,25.81,-0.016399999999999998,1097857
SMFG,"Aug 17, 2026",26.23,26.33,26.05,26.24,26.24,-0.003,987683
SMFG,"Aug 14, 2026",26.4,26.44,26.21,26.32,26.32,0.0008,950930
SMFG,"Aug 13, 2026",26.27,26.39,26.2,26.3,26.3,0.0096,1263618
SMFG,"Aug 12, 2026",26.04,26.18,26.0,26.05,26.05,0.0358,1537170
SMFG,"Aug 11, 2026",25.43,25.48,25.14,25.15,25.15,-0.0067,1152186
SMFG,"Aug 10, 2026",25.23,25.32,25.14,25.32,25.32,-0.0163,1381167
SMFG,"Aug 7, 2026",25.94,25.96,25.62,25.74,25.74,0.0004,1499305
SMFG,"Aug 6, 2026",25.87,25.9,25.68,25.73,25.73,0.013000000000000001,1391672
SMFG,"Aug 5, 2026",25.59,25.67,25.37,25.4,25.4,0.0217,1431567
SMFG,"Aug 4, 2026",25.06,25.06,24.76,24.86,24.86,-0.0154,2106743
SMFG,"Aug 3, 2026",25.41,25.41,25.05,25.25,25.25,-0.024300000000000002,2550738
SMFG,"Jul 31, 2026",25.47,26.08,25.44,25.88,25.88,0.0039000000000000003,1550237
SMFG,"Jul 30, 2026",25.08,25.88,24.96,25.78,25.78,0.0329,1936365
SMFG,"Jul 29, 2026",25.41,25.46,24.94,24.96,24.96,-0.0246,2399287
SMFG,"Jul 28, 2026",25.45,25.7,25.39,25.59,25.59,-0.0285,1637019
SMFG,"Jul 27, 2026",26.47,26.54,26.09,26.34,26.34,0.0060999999999999995,1826096
SMFG,"Jul 24, 2026",26.28,26.44,26.18,26.18,26.18,0.0104,1484052
SMFG,"Jul 23, 2026",26.17,26.18,25.84,25.91,25.91,-0.006500000000000001,2370892
SMFG,"Jul 22, 2026",26.04,26.17,25.99,26.08,26.08,0.0062,1005331
SMFG,"Jul 21, 2026",25.7,26.03,25.57,25.92,25.92,0.0414,1277721
SMFG,"Jul 20, 2026",25.18,25.27,24.89,24.89,24.89,-0.0024,1526846
SMFG,"Jul 17, 2026",24.79,25.13,24.66,24.95,24.95,-0.0348,2058063
SMFG,"Jul 16, 2026",25.95,26.02,25.78,25.85,25.85,-0.0245,1741813
SMFG,"Jul 15, 2026",26.37,26.5,26.18,26.5,26.5,0.0091,1761419
SMFG,"Jul 14, 2026",26.21,26.67,26.08,26.26,26.26,0.0116,2124470
SMFG,"Jul 13, 2026",26.02,26.03,25.8,25.96,25.96,0.0085,2476179
SMFG,"Jul 10, 2026",25.55,25.82,25.52,25.74,25.74,0.0102,2619743
SMFG,"Jul 9, 2026",25.4,25.58,25.32,25.48,25.48,0.0063,1121861
SMFG,"Jul 8, 2026",25.16,25.34,24.95,25.32,25.32,0.0004,1714242
SMFG,"Jul 7, 2026",25.45,25.57,25.16,25.31,25.31,-0.0078000000000000005,1791715
SMFG,"Jul 6, 2026",25.12,25.51,25.12,25.51,25.51,0.04,1880800
SMFG,"Jul 2, 2026",24.7,24.74,24.33,24.53,24.53,0.02,1752393
SMFG,"Jul 1, 2026",23.81,24.23,23.81,24.05,24.05,0.0199,2198493
SMFG,"Jun 30, 2026",23.65,23.69,23.52,23.58,23.58,-0.0055000000000000005,1758399
SMFG,"Jun 29, 2026",23.59,23.77,23.5,23.71,23.71,-0.005,1288607
SMFG,"Jun 26, 2026",23.71,24.01,23.71,23.83,23.83,0.0055000000000000005,1603132
SMFG,"Jun 25, 2026",23.82,23.9,23.57,23.7,23.7,0.0034000000000000002,1626269
SMFG,"Jun 24, 2026",23.61,23.72,23.45,23.62,23.62,-0.0138,2470359
SMFG,"Jun 23, 2026",23.78,24.12,23.61,23.95,23.95,-0.0431,2263692
SMFG,"Jun 22, 2026",24.99,25.27,24.88,25.03,25.03,-0.0079,2781547
SMFG,"Jun 18, 2026",25.22,25.35,25.09,25.23,25.23,0.0281,2504404
SMFG,"Jun 17, 2026",24.39,24.89,24.35,24.54,24.54,0.015300000000000001,2884831
SMFG,"Jun 16, 2026",24.26,24.35,24.09,24.17,24.17,-0.0053,1269396
SMFG,"Jun 15, 2026",24.58,24.6,24.29,24.3,24.3,-0.0040999999999999995,1776694
SMFG,"Jun 12, 2026",24.16,24.44,24.09,24.4,24.4,0.024300000000000002,2877395
SMFG,"Jun 11, 2026",23.28,23.87,23.15,23.82,23.82,0.0361,2753757
SMFG,"Jun 10, 2026",23.26,23.48,22.97,22.99,22.99,-0.0034999999999999996,2438341
SMFG,"Jun 9, 2026",23.34,23.43,22.77,23.07,23.07,-0.0073,2992365
SMFG,"Jun 8, 2026",23.16,23.4,23.16,23.24,23.24,0.0034999999999999996,1714560
SMFG,"Jun 5, 2026",23.47,23.55,23.09,23.16,23.16,-0.0178,1591768
SMFG,"Jun 4, 2026",23.19,23.65,23.19,23.58,23.58,0.026600000000000002,1645874
SMFG,"Jun 3, 2026",22.96,23.13,22.92,22.97,22.97,0.0101,1455451
SMFG,"Jun 2, 2026",22.37,22.78,22.33,22.74,22.74,0.0276,1418554
SMFG,"Jun 1, 2026",21.98,22.28,21.94,22.13,22.13,0.0073,1750414
SMFG,"May 29, 2026",22.15,22.22,21.94,21.97,21.97,-0.0144,1670040
SMFG,"May 28, 2026",22.16,22.39,22.11,22.29,22.29,-0.0049,1641367
SMFG,"May 27, 2026",22.5,22.55,22.35,22.4,22.4,-0.0231,1444981
SMFG,"May 26, 2026",22.96,23.04,22.85,22.93,22.93,0.0101,1463124
SMFG,"May 22, 2026",22.81,22.9,22.63,22.7,22.7,-0.0096,1485463
SMFG,"May 21, 2026",22.7,23.06,22.6,22.92,22.92,0.0034999999999999996,2198216
SMFG,"May 20, 2026",22.39,22.86,22.35,22.84,22.84,0.020099999999999996,2068285
SMFG,"May 19, 2026",22.4,22.6,22.27,22.39,22.39,0.021400000000000002,2019787
SMFG,"May 18, 2026",21.91,22.07,21.76,21.92,21.92,0.0037,2073259
SMFG,"May 15, 2026",21.63,22.04,21.63,21.84,21.84,0.0055000000000000005,3204869
SMFG,"May 14, 2026",21.78,21.88,21.6,21.72,21.72,-0.0273,1753406
SMFG,"May 13, 2026",22.4,22.52,22.06,22.33,22.33,0.01,3352351
SMFG,"May 12, 2026",21.82,22.16,21.75,22.11,22.11,0.0152,4868251
SMFG,"May 11, 2026",21.76,21.95,21.73,21.78,21.78,0.0163,2300077
SMFG,"May 8, 2026",21.52,21.64,21.38,21.43,21.43,-0.0023,1390678
SMFG,"May 7, 2026",21.84,21.84,21.44,21.48,21.48,-0.020099999999999996,1379382
SMFG,"May 6, 2026",21.65,21.97,21.61,21.92,21.92,0.034,1639706
SMFG,"May 5, 2026",21.14,21.33,21.07,21.2,21.2,0.01,1153887
SMFG,"May 4, 2026",21.09,21.23,20.9,20.99,20.99,-0.0076,1031387
SMFG,"May 1, 2026",21.05,21.36,21.05,21.15,21.15,-0.0038,2161116
SMFG,"Apr 30, 2026",20.98,21.33,20.91,21.23,21.23,0.022099999999999998,3698908
SMFG,"Apr 29, 2026",20.86,20.92,20.7,20.77,20.77,-0.008100000000000001,2012792
SMFG,"Apr 28, 2026",20.93,21.04,20.82,20.94,20.94,0.028999999999999998,2934135
SMFG,"Apr 27, 2026",20.39,20.5,20.27,20.35,20.35,0.0074,1021706
SMFG,"Apr 24, 2026",20.07,20.25,20.04,20.2,20.2,0.005,2136901
SMFG,"Apr 23, 2026",20.27,20.35,19.87,20.1,20.1,-0.0128,1783475
SMFG,"Apr 22, 2026",20.51,20.52,20.34,20.36,20.36,-0.001,1484496
SMFG,"Apr 21, 2026",20.76,20.91,20.34,20.38,20.38,-0.0391,2649319
SMFG,"Apr 20, 2026",21.34,21.34,21.14,21.21,21.21,-0.0208,2244178
SMFG,"Apr 17, 2026",21.52,21.87,21.47,21.66,21.66,0.013999999999999999,1577065
SMFG,"Apr 16, 2026",21.55,21.59,21.36,21.36,21.36,-0.0074,1532089
SMFG,"Apr 15, 2026",21.47,21.55,21.43,21.52,21.52,0.0118,1145506
SMFG,"Apr 14, 2026",21.17,21.33,21.12,21.27,21.27,-0.006500000000000001,1381366
SMFG,"Apr 13, 2026",20.95,21.45,20.9,21.41,21.41,0.0118,1600856
SMFG,"Apr 10, 2026",21.27,21.27,21.13,21.16,21.16,-0.0052,1649709
SMFG,"Apr 9, 2026",20.93,21.37,20.86,21.27,21.27,-0.0144,1801497
SMFG,"Apr 8, 2026",21.57,21.72,21.38,21.58,21.58,0.0542,1914981
SMFG,"Apr 7, 2026",20.34,20.5,20.11,20.47,20.47,0.0015,2713208
SMFG,"Apr 6, 2026",20.32,20.53,20.32,20.44,20.44,0.0005,1522930
SMFG,"Apr 2, 2026",19.89,20.63,19.86,20.43,20.43,-0.013000000000000001,3084231
SMFG,"Apr 1, 2026",20.51,20.9,20.51,20.7,20.7,0.0481,6322883
SMFG,"Mar 31, 2026",19.22,19.76,19.13,19.75,19.75,0.0384,2839230
SMFG,"Mar 30, 2026",19.23,19.33,18.94,19.02,19.02,-0.0016,2060237
SMFG,"Mar 27, 2026",19.27,19.38,18.98,19.05,19.05,-0.0175,1920552
SMFG,"Mar 26, 2026",19.61,19.69,19.35,19.39,19.39,-0.0271,2013786
SMFG,"Mar 25, 2026",20.11,20.16,19.79,19.93,19.93,0.0174,2449642
SMFG,"Mar 24, 2026",19.3,19.75,19.3,19.59,19.59,0.0031,1918479
SMFG,"Mar 23, 2026",19.54,19.85,19.43,19.53,19.53,0.0236,2745056
SMFG,"Mar 20, 2026",19.52,19.56,18.95,19.08,19.08,-0.0235,2877869
SMFG,"Mar 19, 2026",19.18,19.66,19.12,19.54,19.54,0.0088,1979375
SMFG,"Mar 18, 2026",19.51,19.62,19.36,19.37,19.37,-0.011200000000000002,2068178
SMFG,"Mar 17, 2026",19.69,19.74,19.53,19.59,19.59,0.0046,1645017
SMFG,"Mar 16, 2026",19.39,19.57,19.38,19.5,19.5,0.0209,1583211
SMFG,"Mar 13, 2026",19.4,19.48,19.04,19.1,19.1,-0.011399999999999999,2313740
SMFG,"Mar 12, 2026",19.44,19.49,19.1,19.32,19.32,-0.0383,3366633
SMFG,"Mar 11, 2026",20.01,20.18,19.93,20.09,20.09,-0.0229,2248056
SMFG,"Mar 10, 2026",20.54,21.0,20.5,20.56,20.56,0.0113,2629992
SMFG,"Mar 9, 2026",19.76,20.38,19.58,20.33,20.33,0.0125,2638017
SMFG,"Mar 6, 2026",20.0,20.19,19.87,20.08,20.08,-0.0108,1995243
SMFG,"Mar 5, 2026",20.51,20.62,20.06,20.3,20.3,-0.0222,1682263
SMFG,"Mar 4, 2026",20.46,20.78,20.45,20.76,20.76,0.0034000000000000002,1343522
SMFG,"Mar 3, 2026",20.16,20.86,20.05,20.69,20.69,-0.06,6260402
SMFG,"Mar 2, 2026",21.5,22.07,21.3,22.01,22.01,-0.0192,2727600
SMFG,"Feb 27, 2026",22.92,22.92,22.26,22.44,22.44,-0.0175,2312708
SMFG,"Feb 26, 2026",22.73,22.91,22.68,22.84,22.84,0.016,1587912
SMFG,"Feb 25, 2026",22.05,22.56,21.86,22.48,22.48,-0.005699999999999999,2378524
SMFG,"Feb 24, 2026",22.27,22.73,22.19,22.61,22.61,-0.0212,3132973
SMFG,"Feb 23, 2026",23.38,23.54,23.03,23.1,23.1,-0.012,2473508
UBS,"Aug 21, 2026",52.97,53.47,52.92,53.29,53.29,0.0017000000000000001,1149044
UBS,"Aug 20, 2026",53.44,53.75,53.1,53.2,53.2,0.0013,1469062
UBS,"Aug 19, 2026",53.8,53.88,53.13,53.13,53.13,0.003,3092081
UBS,"Aug 18, 2026",53.12,53.48,52.88,52.97,52.97,-0.0088,1994685
UBS,"Aug 17, 2026",53.93,54.1,53.44,53.44,53.44,-0.0034999999999999996,990456
UBS,"Aug 14, 2026",53.6,53.73,53.48,53.63,53.63,-0.0019,844316
UBS,"Aug 13, 2026",53.9,54.01,53.46,53.73,53.73,-0.0037,1111358
UBS,"Aug 12, 2026",53.99,54.08,53.68,53.93,53.93,0.0045000000000000005,1273768
UBS,"Aug 11, 2026",53.9,54.21,53.63,53.69,53.69,-0.005,921446
UBS,"Aug 10, 2026",53.49,54.22,53.45,53.96,53.96,0.0037,1208891
UBS,"Aug 7, 2026",53.78,53.92,53.44,53.76,53.76,0.0174,1911743
UBS,"Aug 6, 2026",53.73,53.76,52.7,52.84,52.84,-0.013600000000000001,1194275
UBS,"Aug 5, 2026",52.94,53.83,52.93,53.57,53.57,0.0021,1904440
UBS,"Aug 4, 2026",53.63,53.98,53.45,53.46,53.46,0.013500000000000002,1722484
UBS,"Aug 3, 2026",52.91,52.93,52.22,52.75,52.75,0.0002,1600365
UBS,"Jul 31, 2026",52.96,53.04,52.37,52.74,52.74,-0.012199999999999999,1922541
UBS,"Jul 30, 2026",52.54,53.41,52.35,53.39,53.39,0.030699999999999998,2682824
UBS,"Jul 29, 2026",52.58,52.78,51.8,51.8,51.8,-0.0044,3305720
UBS,"Jul 28, 2026",51.68,52.41,51.35,52.03,52.03,-0.0097,1572107
UBS,"Jul 27, 2026",52.64,52.92,51.99,52.54,52.54,0.0155,1665915
UBS,"Jul 24, 2026",51.72,51.95,51.47,51.74,51.74,0.0037,1809005
UBS,"Jul 23, 2026",51.52,52.0,51.51,51.55,51.55,-0.0209,2836803
UBS,"Jul 22, 2026",52.8,53.05,52.63,52.65,52.65,0.0060999999999999995,1531557
UBS,"Jul 21, 2026",52.22,52.63,51.99,52.33,52.33,0.0161,1199594
UBS,"Jul 20, 2026",52.17,52.19,51.43,51.5,51.5,-0.0233,1934638
UBS,"Jul 17, 2026",52.35,52.9,52.09,52.73,52.73,-0.0144,1488498
UBS,"Jul 16, 2026",53.98,54.03,53.26,53.5,53.5,-0.0285,2161011
UBS,"Jul 15, 2026",54.46,55.15,54.31,55.07,55.07,0.0232,2381237
UBS,"Jul 14, 2026",53.04,54.31,52.9,53.82,53.82,0.0364,2677383
UBS,"Jul 13, 2026",52.02,52.17,51.58,51.93,51.93,-0.0029,1881472
UBS,"Jul 10, 2026",52.13,52.28,51.87,52.08,52.08,0.0042,1253845
UBS,"Jul 9, 2026",51.59,52.1,51.48,51.86,51.86,0.0143,1099683
UBS,"Jul 8, 2026",51.48,51.6,50.68,51.13,51.13,-0.006,2501315
UBS,"Jul 7, 2026",51.89,52.06,51.44,51.44,51.44,-0.013600000000000001,1369865
UBS,"Jul 6, 2026",51.61,52.24,51.55,52.15,52.15,0.0217,1607683
UBS,"Jul 2, 2026",51.25,51.69,50.6,51.04,51.04,0.0265,1724063
UBS,"Jul 1, 2026",49.34,50.08,49.31,49.72,49.72,0.0032,1236953
UBS,"Jun 30, 2026",49.48,49.84,49.33,49.56,49.56,0.0014000000000000002,1182881
UBS,"Jun 29, 2026",49.38,49.64,49.07,49.49,49.49,0.008100000000000001,1488270
UBS,"Jun 26, 2026",49.41,49.5,48.99,49.09,49.09,-0.017,1642133
UBS,"Jun 25, 2026",50.42,50.54,49.86,49.94,49.94,0.0109,1673706
UBS,"Jun 24, 2026",49.95,50.0,49.29,49.4,49.4,-0.0177,1950009
UBS,"Jun 23, 2026",50.36,50.65,50.28,50.29,50.29,-0.0166,1229261
UBS,"Jun 22, 2026",51.03,51.24,50.84,51.14,51.14,0.0067,2429032
UBS,"Jun 18, 2026",50.45,51.12,50.28,50.8,50.8,0.0215,1979377
UBS,"Jun 17, 2026",50.75,50.92,49.68,49.73,49.73,-0.014499999999999999,2679585
UBS,"Jun 16, 2026",50.44,50.91,50.33,50.46,50.46,0.0184,2739297
UBS,"Jun 15, 2026",49.87,50.05,49.53,49.55,49.55,0.0118,2225963
UBS,"Jun 12, 2026",48.32,48.98,48.16,48.97,48.97,0.016200000000000003,2746936
UBS,"Jun 11, 2026",47.01,48.22,46.78,48.19,48.19,0.0304,1891359
UBS,"Jun 10, 2026",47.45,47.71,46.76,46.77,46.77,-0.022799999999999997,2019145
UBS,"Jun 9, 2026",48.48,48.73,47.11,47.86,47.86,0.0121,3872159
UBS,"Jun 8, 2026",47.39,47.63,47.19,47.29,47.29,0.006,2427046
UBS,"Jun 5, 2026",47.51,47.67,46.76,47.01,47.01,-0.0138,3039694
UBS,"Jun 4, 2026",47.35,47.78,47.27,47.67,47.67,0.0074,2366729
UBS,"Jun 3, 2026",47.68,47.73,47.19,47.32,47.32,-0.0174,1682021
UBS,"Jun 2, 2026",48.14,48.45,47.94,48.16,48.16,0.0034999999999999996,1914848
UBS,"Jun 1, 2026",46.98,48.0,46.95,47.99,47.99,0.019299999999999998,1935094
UBS,"May 29, 2026",47.3,47.56,47.08,47.08,47.08,0.0051,1583798
UBS,"May 28, 2026",46.71,47.13,46.42,46.84,46.84,-0.0068000000000000005,2066449
UBS,"May 27, 2026",47.49,47.67,46.82,47.16,47.16,-0.013000000000000001,2240715
UBS,"May 26, 2026",47.72,47.91,47.46,47.78,47.78,0.0175,1839490
UBS,"May 22, 2026",47.35,47.45,46.87,46.96,46.96,-0.0128,1642931
UBS,"May 21, 2026",46.54,47.78,46.54,47.57,47.57,0.0063,3385413
UBS,"May 20, 2026",46.22,47.31,46.02,47.27,47.27,0.0375,2706676
UBS,"May 19, 2026",46.19,46.24,45.53,45.56,45.56,-0.0158,2356856
UBS,"May 18, 2026",46.24,46.68,45.93,46.29,46.29,0.0165,2778743
UBS,"May 15, 2026",45.66,45.8,45.38,45.54,45.54,-0.0175,2384790
UBS,"May 14, 2026",46.59,46.71,46.18,46.35,46.35,0.0015,1722364
UBS,"May 13, 2026",45.7,46.44,45.55,46.28,46.28,0.025,1919525
UBS,"May 12, 2026",44.18,45.17,44.1,45.15,45.15,0.0069,1881242
UBS,"May 11, 2026",45.31,45.31,44.72,44.84,44.84,-0.0086,1974892
UBS,"May 8, 2026",45.17,45.23,44.92,45.23,45.23,0.018500000000000003,1946000
UBS,"May 7, 2026",45.51,45.56,44.29,44.41,44.41,-0.0177,2225301
UBS,"May 6, 2026",45.45,45.54,45.1,45.21,45.21,0.0252,2235381
UBS,"May 5, 2026",43.8,44.26,43.57,44.1,44.1,0.0171,2277487
UBS,"May 4, 2026",43.65,43.86,43.23,43.36,43.36,-0.0076,3051423
UBS,"May 1, 2026",43.54,44.05,43.41,43.69,43.69,-0.0048,1791760
UBS,"Apr 30, 2026",43.29,44.22,43.19,43.9,43.9,0.0276,3858377
UBS,"Apr 29, 2026",44.12,44.28,42.62,42.72,42.72,0.0147,4781554
UBS,"Apr 28, 2026",42.08,42.29,41.95,42.1,42.1,-0.0017000000000000001,1615736
UBS,"Apr 27, 2026",42.0,42.37,41.98,42.17,42.17,0.0184,2060013
UBS,"Apr 24, 2026",41.34,41.67,41.09,41.41,41.41,0.009000000000000001,1695734
UBS,"Apr 23, 2026",41.45,41.73,40.62,41.04,41.04,-0.0321,3229492
UBS,"Apr 22, 2026",43.41,43.46,42.38,42.4,42.4,-0.006500000000000001,4167610
UBS,"Apr 21, 2026",43.79,44.11,43.16,43.23,42.68,-0.013500000000000002,1842697
UBS,"Apr 20, 2026",43.57,43.9,43.35,43.82,43.26,0.0018,2326019
UBS,"Apr 17, 2026",43.94,44.44,43.72,43.74,43.18,0.0239,3134956
UBS,"Apr 16, 2026",43.43,43.44,42.65,42.72,42.17,-0.009000000000000001,1987559
UBS,"Apr 15, 2026",42.97,43.33,42.93,43.11,42.56,0.0054,2056643
UBS,"Apr 14, 2026",42.89,43.05,42.83,42.88,42.33,0.0059,1611175
UBS,"Apr 13, 2026",41.58,42.67,41.46,42.63,42.08,0.0275,2166850
UBS,"Apr 10, 2026",41.88,41.9,41.28,41.49,40.96,0.0024,2702221
UBS,"Apr 9, 2026",40.97,41.57,40.82,41.39,40.86,0.0012,2047637
UBS,"Apr 8, 2026",41.93,41.94,40.98,41.34,40.81,0.0447,3309994
UBS,"Apr 7, 2026",39.23,39.67,38.8,39.57,39.06,-0.003,2413001
UBS,"Apr 6, 2026",39.34,39.76,39.34,39.69,39.18,0.0066,1447907
UBS,"Apr 2, 2026",38.77,39.67,38.68,39.43,38.93,-0.0078000000000000005,2328851
UBS,"Apr 1, 2026",40.14,40.27,39.53,39.74,39.23,0.0171,4466908
UBS,"Mar 31, 2026",38.33,39.12,38.06,39.07,38.57,0.0655,4644087
UBS,"Mar 30, 2026",36.65,37.14,36.5,36.67,36.2,0.0070999999999999995,2721850
UBS,"Mar 27, 2026",36.92,37.08,36.3,36.41,35.94,-0.022799999999999997,2492106
UBS,"Mar 26, 2026",37.54,37.81,37.13,37.26,36.78,-0.022000000000000002,2739029
UBS,"Mar 25, 2026",38.19,38.34,37.73,38.1,37.61,0.03,3136181
UBS,"Mar 24, 2026",36.77,37.21,36.66,36.99,36.52,-0.0147,3044479
UBS,"Mar 23, 2026",37.6,38.25,37.35,37.54,37.06,0.022000000000000002,3367060
UBS,"Mar 20, 2026",37.34,37.4,36.45,36.73,36.26,-0.0169,3826343
UBS,"Mar 19, 2026",36.65,37.57,36.6,37.36,36.88,-0.0008,2438468
UBS,"Mar 18, 2026",37.79,38.12,37.33,37.39,36.91,-0.015300000000000001,1954129
UBS,"Mar 17, 2026",38.01,38.45,37.94,37.97,37.48,0.014199999999999999,3280748
UBS,"Mar 16, 2026",37.18,37.7,37.18,37.44,36.96,0.013500000000000002,2764438
UBS,"Mar 13, 2026",37.54,37.68,36.84,36.94,36.47,-0.0152,2661454
UBS,"Mar 12, 2026",37.79,37.98,37.25,37.51,37.03,-0.0355,3342176
UBS,"Mar 11, 2026",38.71,38.92,38.39,38.89,38.39,0.0015,3656213
UBS,"Mar 10, 2026",39.43,39.46,38.72,38.83,38.33,0.0052,3841241
UBS,"Mar 9, 2026",37.67,38.74,37.2,38.63,38.14,0.0049,3694203
UBS,"Mar 6, 2026",38.25,38.61,37.93,38.44,37.95,-0.0209,2677104
UBS,"Mar 5, 2026",39.26,39.74,38.86,39.26,38.76,-0.0126,2545490
UBS,"Mar 4, 2026",39.74,39.92,39.54,39.76,39.25,0.0015,2743718
UBS,"Mar 3, 2026",38.63,40.0,38.46,39.7,39.19,-0.028900000000000002,3523318
UBS,"Mar 2, 2026",40.01,41.1,40.0,40.88,40.36,-0.013300000000000001,2773956
UBS,"Feb 27, 2026",41.53,41.7,41.07,41.43,40.9,-0.011200000000000002,2599617
UBS,"Feb 26, 2026",41.77,41.93,41.45,41.9,41.36,0.0087,2157176
UBS,"Feb 25, 2026",41.09,41.58,41.02,41.54,41.01,0.0083,3023217
UBS,"Feb 24, 2026",41.03,41.46,40.85,41.2,40.67,-0.008,2799928
UBS,"Feb 23, 2026",42.42,42.57,41.24,41.53,41.0,-0.024399999999999998,2478140
BBVA,"Aug 21, 2026",28.9,29.13,28.86,29.04,29.04,0.0143,1371343
BBVA,"Aug 20, 2026",28.6,28.74,28.47,28.63,28.63,0.0034999999999999996,1626831
BBVA,"Aug 19, 2026",28.9,28.93,28.52,28.53,28.53,-0.009000000000000001,1731348
BBVA,"Aug 18, 2026",29.02,29.11,28.72,28.79,28.79,-0.0003,1054902
BBVA,"Aug 17, 2026",28.82,28.9,28.69,28.8,28.8,0.0034999999999999996,2453624
BBVA,"Aug 14, 2026",28.78,28.86,28.69,28.7,28.7,0.0017000000000000001,1896416
BBVA,"Aug 13, 2026",28.9,28.94,28.61,28.65,28.65,0.0053,2449261
BBVA,"Aug 12, 2026",28.67,28.7,28.48,28.5,28.5,,1861221
BBVA,"Aug 11, 2026",28.67,28.74,28.47,28.5,28.5,0.0053,1574336
BBVA,"Aug 10, 2026",28.54,28.58,28.35,28.35,28.35,,1294075
BBVA,"Aug 7, 2026",28.58,28.62,28.29,28.35,28.35,0.0075,1596867
BBVA,"Aug 6, 2026",28.6,28.65,28.1,28.14,28.14,0.0025,2371724
BBVA,"Aug 5, 2026",28.09,28.21,27.91,28.07,28.07,-0.0018,3414408
BBVA,"Aug 4, 2026",28.3,28.48,27.93,28.12,28.12,-0.0085,1845830
BBVA,"Aug 3, 2026",28.19,28.39,28.12,28.36,28.36,0.0147,1900734
BBVA,"Jul 31, 2026",27.73,28.05,27.5,27.95,27.95,0.0127,2253434
BBVA,"Jul 30, 2026",27.28,27.6,27.17,27.6,27.6,0.0756,3160516
BBVA,"Jul 29, 2026",25.96,26.19,25.65,25.66,25.66,-0.032400000000000005,1412690
BBVA,"Jul 28, 2026",26.25,26.57,26.18,26.52,26.52,-0.0026,1073725
BBVA,"Jul 27, 2026",26.42,26.59,26.31,26.59,26.59,0.024700000000000003,1139605
BBVA,"Jul 24, 2026",25.77,26.03,25.75,25.95,25.95,0.0253,993222
BBVA,"Jul 23, 2026",25.43,25.46,25.19,25.31,25.31,-0.0351,789899
BBVA,"Jul 22, 2026",26.21,26.35,26.13,26.23,26.23,0.0222,1131784
BBVA,"Jul 21, 2026",25.61,25.79,25.5,25.66,25.66,0.0215,753399
BBVA,"Jul 20, 2026",25.24,25.37,25.09,25.12,25.12,-0.0008,852456
BBVA,"Jul 17, 2026",24.93,25.27,24.9,25.14,25.14,-0.0218,864790
BBVA,"Jul 16, 2026",25.46,25.85,25.42,25.7,25.7,0.0063,1522153
BBVA,"Jul 15, 2026",25.46,25.59,25.2,25.54,25.54,-0.0051,1088687
BBVA,"Jul 14, 2026",25.63,25.97,25.58,25.67,25.67,0.011000000000000001,1114649
BBVA,"Jul 13, 2026",25.69,25.73,25.31,25.39,25.39,-0.011699999999999999,1032591
BBVA,"Jul 10, 2026",25.67,25.81,25.49,25.69,25.69,0.013000000000000001,1044230
BBVA,"Jul 9, 2026",25.4,25.47,25.1,25.36,25.36,0.0016,1491195
BBVA,"Jul 8, 2026",25.24,25.34,24.89,25.32,25.32,-0.0288,1059983
BBVA,"Jul 7, 2026",26.31,26.4,25.93,26.07,26.07,-0.0027,1781306
BBVA,"Jul 6, 2026",25.88,26.14,25.81,26.14,26.14,0.021099999999999997,1591231
BBVA,"Jul 2, 2026",25.73,25.86,25.43,25.6,25.6,0.0248,1061058
BBVA,"Jul 1, 2026",24.78,25.03,24.74,24.98,24.98,-0.0032,795565
BBVA,"Jun 30, 2026",24.74,25.07,24.65,25.06,25.06,0.014199999999999999,1238062
BBVA,"Jun 29, 2026",24.46,24.71,24.4,24.71,24.71,0.013999999999999999,1206032
BBVA,"Jun 26, 2026",24.48,24.57,24.24,24.37,24.37,-0.006500000000000001,1203447
BBVA,"Jun 25, 2026",24.44,24.73,24.31,24.53,24.53,0.015300000000000001,1206297
BBVA,"Jun 24, 2026",24.2,24.27,23.98,24.16,24.16,-0.0183,1651549
BBVA,"Jun 23, 2026",24.62,24.8,24.55,24.61,24.61,-0.0097,1668761
BBVA,"Jun 22, 2026",24.95,25.0,24.73,24.85,24.85,0.0151,1948310
BBVA,"Jun 18, 2026",24.58,24.78,24.46,24.48,24.48,0.0004,2564778
BBVA,"Jun 17, 2026",24.9,25.1,24.43,24.47,24.47,0.0033,1577170
BBVA,"Jun 16, 2026",24.32,24.61,24.32,24.39,24.39,0.0235,1554838
BBVA,"Jun 15, 2026",23.97,24.0,23.77,23.83,23.83,0.021,1674889
BBVA,"Jun 12, 2026",23.13,23.37,23.01,23.34,23.34,0.008199999999999999,3600893
BBVA,"Jun 11, 2026",22.15,23.18,22.1,23.15,23.15,0.0513,3420404
BBVA,"Jun 10, 2026",22.38,22.46,22.01,22.02,22.02,-0.0226,2490152
BBVA,"Jun 9, 2026",22.83,22.84,22.1,22.53,22.53,0.0072,1410566
BBVA,"Jun 8, 2026",22.58,22.65,22.26,22.37,22.37,0.0068000000000000005,2052263
BBVA,"Jun 5, 2026",22.67,22.67,22.09,22.22,22.22,-0.026699999999999998,2052658
BBVA,"Jun 4, 2026",22.88,22.91,22.68,22.83,22.83,0.0079,1463782
BBVA,"Jun 3, 2026",23.02,23.02,22.57,22.65,22.65,-0.0275,1164034
BBVA,"Jun 2, 2026",23.15,23.32,23.06,23.29,23.29,0.0052,1120809
BBVA,"Jun 1, 2026",22.82,23.28,22.77,23.17,23.17,-0.009399999999999999,1653393
BBVA,"May 29, 2026",23.51,23.67,23.31,23.39,23.39,0.011200000000000002,1022197
BBVA,"May 28, 2026",22.9,23.31,22.89,23.13,23.13,-0.006,1446677
BBVA,"May 27, 2026",23.39,23.47,23.25,23.27,23.27,0.0009,1288299
BBVA,"May 26, 2026",23.29,23.42,23.11,23.25,23.25,0.0393,1250997
BBVA,"May 22, 2026",22.64,22.66,22.27,22.37,22.37,-0.015,1386863
BBVA,"May 21, 2026",22.43,22.76,22.0,22.71,22.71,-0.0009,1517444
BBVA,"May 20, 2026",21.99,22.78,21.99,22.73,22.73,0.0509,1717764
BBVA,"May 19, 2026",21.87,22.0,21.61,21.63,21.63,-0.018600000000000002,2065432
BBVA,"May 18, 2026",21.97,22.15,21.83,22.04,22.04,0.0069,1785628
BBVA,"May 15, 2026",21.83,21.99,21.78,21.89,21.89,-0.0027,1368420
BBVA,"May 14, 2026",22.09,22.21,21.89,21.95,21.95,0.0069,1492637
BBVA,"May 13, 2026",21.51,21.9,21.51,21.8,21.8,-0.0005,1423573
BBVA,"May 12, 2026",21.72,21.85,21.63,21.81,21.81,-0.0059,1612006
BBVA,"May 11, 2026",22.29,22.29,21.9,21.94,21.94,-0.015300000000000001,1380454
BBVA,"May 8, 2026",22.42,22.52,22.21,22.28,22.28,0.0187,1108690
BBVA,"May 7, 2026",22.34,22.41,21.81,21.87,21.87,-0.0131,1693149
BBVA,"May 6, 2026",22.14,22.23,22.05,22.16,22.16,0.036000000000000004,962690
BBVA,"May 5, 2026",21.18,21.43,21.17,21.39,21.39,0.0269,1001018
BBVA,"May 4, 2026",21.21,21.26,20.7,20.83,20.83,-0.053200000000000004,1952510
BBVA,"May 1, 2026",21.75,22.18,21.75,22.0,22.0,-0.0054,740321
BBVA,"Apr 30, 2026",21.8,22.12,21.72,22.12,22.12,0.039,1646888
BBVA,"Apr 29, 2026",21.93,21.93,21.25,21.29,21.29,-0.0345,1778960
BBVA,"Apr 28, 2026",21.95,22.07,21.91,22.05,22.05,0.0018,1451369
BBVA,"Apr 27, 2026",21.92,22.05,21.72,22.01,22.01,0.0064,1953643
BBVA,"Apr 24, 2026",21.67,21.92,21.6,21.87,21.87,0.0116,1108042
BBVA,"Apr 23, 2026",21.91,21.98,21.36,21.62,21.62,-0.0301,4039064
BBVA,"Apr 22, 2026",22.45,22.45,22.24,22.29,22.29,-0.008,1394381
BBVA,"Apr 21, 2026",22.92,23.01,22.39,22.47,22.47,-0.0315,2161188
BBVA,"Apr 20, 2026",23.27,23.31,22.97,23.2,23.2,-0.0273,2338517
BBVA,"Apr 17, 2026",23.85,24.14,23.78,23.85,23.85,0.0383,1023578
BBVA,"Apr 16, 2026",23.28,23.34,22.89,22.97,22.97,-0.0146,935658
BBVA,"Apr 15, 2026",23.34,23.41,23.24,23.31,23.31,-0.0127,979986
BBVA,"Apr 14, 2026",23.53,23.74,23.51,23.61,23.61,0.008100000000000001,1236594
BBVA,"Apr 13, 2026",22.84,23.43,22.84,23.42,23.42,0.015600000000000001,3738897
BBVA,"Apr 10, 2026",23.1,23.23,22.99,23.06,23.06,0.0159,1305520
BBVA,"Apr 9, 2026",22.43,22.77,22.31,22.7,22.7,-0.0053,4317607
BBVA,"Apr 8, 2026",23.8,23.85,23.2,23.39,22.82,0.0527,1365687
BBVA,"Apr 7, 2026",21.88,22.28,21.71,22.22,21.68,0.0183,1782431
BBVA,"Apr 6, 2026",22.1,22.1,21.82,21.82,21.29,-0.0046,1501753
BBVA,"Apr 2, 2026",21.24,21.92,21.08,21.92,21.39,0.0046,1503099
BBVA,"Apr 1, 2026",21.91,22.01,21.69,21.82,21.29,0.0074,1059282
BBVA,"Mar 31, 2026",20.93,21.66,20.88,21.66,21.13,0.0654,1871944
BBVA,"Mar 30, 2026",20.62,20.69,20.26,20.33,19.84,-0.0044,2404831
BBVA,"Mar 27, 2026",20.63,20.87,20.32,20.42,19.92,-0.0239,1635150
BBVA,"Mar 26, 2026",21.17,21.33,20.92,20.92,20.41,-0.0265,1226501
BBVA,"Mar 25, 2026",21.71,21.79,21.39,21.49,20.97,0.0066,2460648
BBVA,"Mar 24, 2026",20.84,21.52,20.73,21.35,20.83,-0.0042,4941501
BBVA,"Mar 23, 2026",21.08,21.81,21.08,21.44,20.92,0.0438,3033100
BBVA,"Mar 20, 2026",21.1,21.1,20.37,20.54,20.04,-0.0191,3153342
BBVA,"Mar 19, 2026",20.26,21.05,20.25,20.94,20.43,0.008199999999999999,2387556
BBVA,"Mar 18, 2026",20.95,21.12,20.75,20.77,20.26,-0.0053,1804786
BBVA,"Mar 17, 2026",21.12,21.23,20.73,20.88,20.37,-0.0019,1384176
BBVA,"Mar 16, 2026",20.76,21.02,20.73,20.92,20.41,0.023,1993027
BBVA,"Mar 13, 2026",20.84,20.98,20.37,20.45,19.95,-0.0178,1616028
BBVA,"Mar 12, 2026",20.87,21.02,20.47,20.82,20.31,-0.0484,2104701
BBVA,"Mar 11, 2026",21.74,21.97,21.61,21.88,21.35,-0.0036,1527468
BBVA,"Mar 10, 2026",21.79,22.43,21.65,21.96,21.43,0.0181,1913370
BBVA,"Mar 9, 2026",20.89,21.67,20.62,21.57,21.05,0.011699999999999999,2086206
BBVA,"Mar 6, 2026",21.05,21.45,20.81,21.32,20.8,-0.0098,1537167
BBVA,"Mar 5, 2026",21.73,21.88,21.31,21.53,21.01,-0.0236,2556520
BBVA,"Mar 4, 2026",21.7,22.1,21.64,22.05,21.51,0.055999999999999994,2131503
BBVA,"Mar 3, 2026",20.8,21.12,20.51,20.88,20.37,-0.061200000000000004,4125569
BBVA,"Mar 2, 2026",22.15,22.37,22.01,22.24,21.7,-0.0385,2778132
BBVA,"Feb 27, 2026",23.55,23.58,22.96,23.13,22.57,-0.022400000000000003,1883374
BBVA,"Feb 26, 2026",23.59,23.74,23.45,23.66,23.08,-0.0046,1791188
BBVA,"Feb 25, 2026",23.55,23.81,23.51,23.77,23.19,0.0102,2843764
BBVA,"Feb 24, 2026",23.11,23.59,23.03,23.53,22.96,-0.0068000000000000005,2888719
BBVA,"Feb 23, 2026",23.9,23.99,23.42,23.69,23.11,0.0077,2482230
COF,"Aug 21, 2026",214.62,219.17,214.62,217.91,217.91,0.0256,3607174
COF,"Aug 20, 2026",217.37,218.91,211.32,212.48,212.48,-0.0374,3810510
COF,"Aug 19, 2026",222.47,224.61,220.11,220.73,220.73,-0.0033,2448956
COF,"Aug 18, 2026",220.43,223.59,219.51,221.47,221.47,0.0001,2240933
COF,"Aug 17, 2026",225.52,226.8,221.34,221.45,221.45,-0.0225,2966516
COF,"Aug 14, 2026",225.95,228.14,224.41,227.34,226.54,0.015700000000000002,2972617
COF,"Aug 13, 2026",224.19,225.5,221.19,223.83,223.04,0.0062,2657241
COF,"Aug 12, 2026",219.52,223.21,218.6,222.44,221.66,0.015,2240167
COF,"Aug 11, 2026",219.01,221.24,218.46,219.15,218.38,0.0008,1774518
COF,"Aug 10, 2026",216.76,219.33,216.45,218.97,218.2,0.005600000000000001,2606011
COF,"Aug 7, 2026",218.49,219.64,216.5,217.76,216.99,-0.0102,2570024
COF,"Aug 6, 2026",221.38,222.32,219.32,220.0,219.23,-0.0074,2589615
COF,"Aug 5, 2026",216.42,223.62,216.42,221.63,220.85,-0.0013,3477948
COF,"Aug 4, 2026",219.33,222.92,217.45,221.91,221.13,0.0194,3839123
COF,"Aug 3, 2026",211.84,218.96,210.0,217.68,216.91,0.0415,4226433
COF,"Jul 31, 2026",210.0,210.89,206.9,209.01,208.27,-0.0054,4020300
COF,"Jul 30, 2026",208.55,210.53,205.14,210.14,209.4,0.0069,4110594
COF,"Jul 29, 2026",210.0,212.45,207.85,208.71,207.98,-0.0174,4130099
COF,"Jul 28, 2026",207.52,212.57,206.94,212.41,211.66,0.0259,5264160
COF,"Jul 27, 2026",205.85,208.48,204.97,207.05,206.32,0.0208,4805890
COF,"Jul 24, 2026",198.51,204.44,196.51,202.84,202.13,0.0144,3469100
COF,"Jul 23, 2026",199.96,200.3,195.89,199.96,199.26,-0.006999999999999999,5292101
COF,"Jul 22, 2026",207.53,207.53,198.78,201.36,200.65,-0.0236,7923558
COF,"Jul 21, 2026",206.44,207.41,203.12,206.22,205.49,-0.0027,3972237
COF,"Jul 20, 2026",208.0,209.65,206.23,206.77,206.04,-0.0060999999999999995,4040862
COF,"Jul 17, 2026",207.5,210.46,205.86,208.03,207.3,-0.0184,3845882
COF,"Jul 16, 2026",209.88,213.32,208.89,211.93,211.18,0.0146,6415183
COF,"Jul 15, 2026",206.63,209.86,205.56,208.89,208.15,0.0175,4947158
COF,"Jul 14, 2026",204.51,208.36,203.51,205.29,204.57,0.011200000000000002,4173850
COF,"Jul 13, 2026",203.85,205.28,201.78,203.02,202.31,0.0074,3102319
COF,"Jul 10, 2026",201.76,203.65,199.95,201.52,200.81,0.0070999999999999995,2380028
COF,"Jul 9, 2026",193.03,201.01,193.03,200.1,199.4,0.0425,4598361
COF,"Jul 8, 2026",200.97,201.0,191.38,191.95,191.27,-0.053899999999999997,8078634
COF,"Jul 7, 2026",208.0,208.73,202.41,202.89,202.18,-0.0175,3472033
COF,"Jul 6, 2026",206.59,208.09,204.06,206.5,205.77,0.0067,3842189
COF,"Jul 2, 2026",207.5,209.06,203.04,205.12,204.4,0.0015,2566744
COF,"Jul 1, 2026",201.82,205.83,200.75,204.82,204.1,0.0209,3358711
COF,"Jun 30, 2026",203.26,204.79,199.84,200.62,199.91,-0.008199999999999999,3571431
COF,"Jun 29, 2026",203.66,204.56,201.5,202.28,201.57,-0.0084,3172885
COF,"Jun 26, 2026",205.1,207.08,202.55,204.0,203.28,-0.0044,5143838
COF,"Jun 25, 2026",201.68,210.1,201.68,204.9,204.18,0.022000000000000002,4477561
COF,"Jun 24, 2026",197.65,203.32,197.21,200.48,199.77,0.013500000000000002,4928638
COF,"Jun 23, 2026",198.28,200.7,196.47,197.81,197.11,-0.0144,5449783
COF,"Jun 22, 2026",201.69,203.34,199.07,200.7,199.99,-0.0040999999999999995,4087483
COF,"Jun 18, 2026",205.73,206.84,201.21,201.53,200.82,0.0033,8115466
COF,"Jun 17, 2026",201.68,207.3,199.77,200.87,200.16,0.0012,6765685
COF,"Jun 16, 2026",196.97,200.9,196.0,200.62,199.91,0.0308,5582252
COF,"Jun 15, 2026",188.85,197.44,188.84,194.62,193.94,0.0535,7223059
COF,"Jun 12, 2026",184.03,185.5,181.7,184.73,184.08,0.0148,4172146
COF,"Jun 11, 2026",178.37,182.36,174.24,182.04,181.4,0.0248,6043749
COF,"Jun 10, 2026",182.15,183.7,177.55,177.63,177.0,-0.031200000000000002,4496975
COF,"Jun 9, 2026",181.66,186.41,180.29,183.35,182.7,0.016399999999999998,5538275
COF,"Jun 8, 2026",180.75,182.49,179.78,180.39,179.76,-0.0015,5028172
COF,"Jun 5, 2026",183.93,184.52,179.32,180.67,180.03,-0.0138,6083981
COF,"Jun 4, 2026",179.79,185.62,179.51,183.2,182.56,0.031400000000000004,4026609
COF,"Jun 3, 2026",183.69,184.42,177.05,177.62,176.99,-0.0338,4856411
COF,"Jun 2, 2026",183.36,186.34,182.58,183.84,183.19,-0.0039000000000000003,3868411
COF,"Jun 1, 2026",185.59,186.47,182.02,184.56,183.91,-0.0179,4715643
COF,"May 29, 2026",186.78,190.08,185.85,187.93,187.27,0.0049,8540434
COF,"May 28, 2026",187.62,188.14,184.08,187.02,186.36,-0.009399999999999999,5073824
COF,"May 27, 2026",188.46,192.03,187.59,188.8,188.14,0.0128,4869607
COF,"May 26, 2026",188.17,190.67,185.61,186.42,185.76,-0.0073,4162542
COF,"May 22, 2026",187.47,188.4,186.56,187.79,187.13,0.0060999999999999995,3291995
COF,"May 21, 2026",185.72,186.68,182.54,186.66,186.0,-0.003,3725556
COF,"May 20, 2026",184.13,187.23,180.0,187.23,186.57,0.0286,6295100
COF,"May 19, 2026",185.38,186.21,181.49,182.03,181.39,-0.0233,5093814
COF,"May 18, 2026",186.27,188.84,186.13,187.17,185.71,,3848118
COF,"May 15, 2026",185.68,188.31,184.87,187.17,185.71,0.0074,3601373
COF,"May 14, 2026",183.16,186.4,182.0,185.79,184.34,0.023399999999999997,3547733
COF,"May 13, 2026",183.9,183.9,181.3,181.54,180.13,-0.0118,4615720
COF,"May 12, 2026",183.93,185.84,181.41,183.71,182.28,-0.0012,5540272
COF,"May 11, 2026",189.59,190.44,183.76,183.93,182.5,-0.029300000000000003,5771029
COF,"May 8, 2026",192.94,193.15,189.15,189.48,188.01,-0.0161,4727376
COF,"May 7, 2026",193.25,195.23,190.66,192.59,191.09,-0.0042,5605384
COF,"May 6, 2026",192.23,196.0,192.23,193.4,191.9,0.0196,4405202
COF,"May 5, 2026",190.41,191.48,189.05,189.68,188.2,-0.0013,3864501
COF,"May 4, 2026",191.3,192.85,188.85,189.92,188.44,-0.0104,3532043
COF,"May 1, 2026",192.58,193.37,190.35,191.91,190.42,0.0032,4624197
COF,"Apr 30, 2026",189.88,192.31,188.26,191.3,189.81,0.0024,4900363
COF,"Apr 29, 2026",191.87,193.42,189.68,190.84,189.36,-0.0066,3310282
COF,"Apr 28, 2026",195.5,196.0,191.6,192.1,190.61,-0.0104,2796696
COF,"Apr 27, 2026",190.93,194.8,190.5,194.11,192.6,0.014199999999999999,3580150
COF,"Apr 24, 2026",194.82,195.44,190.98,191.39,189.9,-0.026600000000000002,4927892
COF,"Apr 23, 2026",198.47,199.77,193.21,196.63,195.1,-0.013999999999999999,3687110
COF,"Apr 22, 2026",202.5,205.77,198.12,199.43,197.88,-0.0152,6151365
COF,"Apr 21, 2026",205.22,209.59,202.31,202.5,200.92,-0.015600000000000001,5319115
COF,"Apr 20, 2026",204.77,208.28,204.15,205.71,204.11,-0.0037,3831010
COF,"Apr 17, 2026",204.62,210.84,204.62,206.47,204.86,0.0287,5415575
COF,"Apr 16, 2026",203.5,205.11,200.68,200.71,199.15,-0.011200000000000002,3116124
COF,"Apr 15, 2026",201.46,204.41,200.38,202.98,201.4,0.015700000000000002,3932085
COF,"Apr 14, 2026",198.0,200.76,197.68,199.84,198.29,0.0116,3485160
COF,"Apr 13, 2026",191.04,197.67,190.11,197.55,196.01,0.0236,3472083
COF,"Apr 10, 2026",194.12,194.71,191.52,193.0,191.5,-0.0089,2399269
COF,"Apr 9, 2026",192.33,195.86,191.57,194.73,193.22,0.0118,4635386
COF,"Apr 8, 2026",191.4,194.15,190.38,192.46,190.96,0.062400000000000004,6728491
COF,"Apr 7, 2026",181.64,183.5,180.24,181.15,179.74,-0.0166,5979965
COF,"Apr 6, 2026",181.74,184.23,181.33,184.21,182.78,0.0126,2788874
COF,"Apr 2, 2026",181.0,185.14,177.72,181.92,180.51,-0.013999999999999999,3761469
COF,"Apr 1, 2026",185.61,187.41,183.67,184.5,183.06,0.0113,4468227
COF,"Mar 31, 2026",181.9,183.85,178.93,182.43,181.01,0.0241,4100841
COF,"Mar 30, 2026",177.73,179.52,176.59,178.13,176.74,0.0115,3646862
COF,"Mar 27, 2026",179.7,180.25,174.98,176.1,174.73,-0.0331,5699483
COF,"Mar 26, 2026",183.45,185.06,180.57,182.12,180.7,-0.0168,3276571
COF,"Mar 25, 2026",187.74,189.78,183.8,185.23,183.79,0.0032,3286107
COF,"Mar 24, 2026",182.02,186.53,181.55,184.64,183.2,0.0034999999999999996,4677320
COF,"Mar 23, 2026",188.78,190.99,183.85,184.0,182.57,0.013999999999999999,6335176
COF,"Mar 20, 2026",179.24,181.55,177.53,181.46,180.05,0.0096,10035940
COF,"Mar 19, 2026",179.36,181.6,177.57,179.73,178.33,-0.0023,5043318
COF,"Mar 18, 2026",182.04,185.2,179.79,180.14,178.74,-0.0179,4140281
COF,"Mar 17, 2026",183.12,185.74,182.59,183.42,181.99,0.0147,4318184
COF,"Mar 16, 2026",181.6,183.99,178.95,180.77,179.36,0.0055000000000000005,5196800
COF,"Mar 13, 2026",178.76,179.92,177.28,179.79,178.39,0.0132,5865130
COF,"Mar 12, 2026",177.88,179.51,176.36,177.45,176.07,-0.025099999999999997,6339624
COF,"Mar 11, 2026",185.49,186.75,180.65,182.02,180.6,-0.0154,5061186
COF,"Mar 10, 2026",187.0,188.25,182.25,184.87,183.43,-0.0046,5493848
COF,"Mar 9, 2026",183.11,186.25,178.73,185.73,184.29,-0.0105,8730255
COF,"Mar 6, 2026",188.0,188.41,184.3,187.71,186.25,-0.0338,5685216
COF,"Mar 5, 2026",195.49,197.19,191.96,194.27,192.76,-0.008,3904986
COF,"Mar 4, 2026",194.51,197.01,192.93,195.83,194.31,0.0108,4651216
COF,"Mar 3, 2026",188.9,195.81,188.3,193.73,192.22,-0.003,6443619
COF,"Mar 2, 2026",191.56,196.4,188.34,194.32,192.81,-0.0067,6651266
COF,"Feb 27, 2026",200.35,200.52,193.61,195.64,194.12,-0.061500000000000006,9048727
COF,"Feb 26, 2026",207.66,211.0,206.58,208.47,206.85,0.013000000000000001,4758576
COF,"Feb 25, 2026",199.1,206.23,198.64,205.79,204.19,0.047,6787034
COF,"Feb 24, 2026",189.74,198.66,187.5,196.56,195.03,0.0345,6712617
COF,"Feb 23, 2026",206.45,207.75,189.94,190.0,188.52,-0.08839999999999999,8882887
CB,"Aug 21, 2026",343.63,345.44,340.67,340.99,340.99,-0.0055000000000000005,1951231
CB,"Aug 20, 2026",340.89,344.31,340.19,342.87,342.87,0.005699999999999999,1945339
CB,"Aug 19, 2026",344.46,348.45,340.69,340.92,340.92,-0.0127,1659245
CB,"Aug 18, 2026",346.9,348.78,344.36,345.29,345.29,0.013000000000000001,1505136
CB,"Aug 17, 2026",344.95,347.49,340.73,340.86,340.86,-0.008100000000000001,1285116
CB,"Aug 14, 2026",344.5,345.7,342.7,343.64,343.64,-0.0025,2076606
CB,"Aug 13, 2026",345.33,347.0,342.61,344.5,344.5,0.0034000000000000002,1657593
CB,"Aug 12, 2026",344.17,348.7,342.78,343.33,343.33,-0.0108,1172028
CB,"Aug 11, 2026",346.7,349.64,346.56,347.07,347.07,-0.0034999999999999996,1102541
CB,"Aug 10, 2026",350.1,351.25,345.5,348.3,348.3,-0.005699999999999999,1277868
CB,"Aug 7, 2026",350.88,352.62,348.2,350.31,350.31,-0.0105,1349314
CB,"Aug 6, 2026",356.23,356.85,351.37,354.03,354.03,0.0042,1629700
CB,"Aug 5, 2026",349.34,352.7,348.0,352.54,352.54,0.012199999999999999,1364011
CB,"Aug 4, 2026",344.44,349.05,342.22,348.3,348.3,0.0002,1497355
CB,"Aug 3, 2026",350.99,353.61,346.7,348.23,348.23,-0.006999999999999999,1582285
CB,"Jul 31, 2026",349.59,354.05,347.01,350.68,350.68,0.0015,1354969
CB,"Jul 30, 2026",358.36,359.35,347.0,350.15,350.15,-0.0325,1585371
CB,"Jul 29, 2026",365.0,365.91,360.59,361.9,361.9,-0.0044,1765829
CB,"Jul 28, 2026",361.53,365.17,360.35,363.5,363.5,0.0128,2089295
CB,"Jul 27, 2026",358.98,362.09,357.23,358.91,358.91,-0.0023,1748735
CB,"Jul 24, 2026",355.63,360.25,353.98,359.75,359.75,0.0184,2204073
CB,"Jul 23, 2026",343.39,353.38,341.78,353.25,353.25,0.0292,2596500
CB,"Jul 22, 2026",345.5,349.97,338.05,343.23,343.23,-0.0326,4618518
CB,"Jul 21, 2026",348.92,355.52,348.27,354.8,354.8,0.0064,2330290
CB,"Jul 20, 2026",352.27,354.66,350.58,352.53,352.53,0.0011,1386269
CB,"Jul 17, 2026",348.6,354.61,347.45,352.16,352.16,0.0246,2970245
CB,"Jul 16, 2026",338.05,343.7,338.0,343.7,343.7,0.018600000000000002,2377803
CB,"Jul 15, 2026",341.61,341.61,334.04,337.44,337.44,-0.0254,1868774
CB,"Jul 14, 2026",351.68,354.67,346.12,346.22,346.22,-0.024,1687594
CB,"Jul 13, 2026",352.5,355.7,349.73,354.74,354.74,0.0199,1539161
CB,"Jul 10, 2026",348.76,348.87,343.08,347.83,347.83,0.0001,1698313
CB,"Jul 9, 2026",354.32,355.61,346.15,347.8,347.8,-0.020499999999999997,1707738
CB,"Jul 8, 2026",360.83,360.86,354.76,355.09,355.09,-0.011699999999999999,1253066
CB,"Jul 7, 2026",357.45,365.29,357.45,359.3,359.3,0.0078000000000000005,1518151
CB,"Jul 6, 2026",359.12,361.0,353.05,356.53,356.53,-0.0128,1890460
CB,"Jul 2, 2026",351.54,361.33,349.6,361.17,361.17,0.0268,1488322
CB,"Jul 1, 2026",343.71,352.95,342.42,351.73,351.73,0.0323,2348911
CB,"Jun 30, 2026",343.37,344.85,339.81,340.74,340.74,-0.0074,1332563
CB,"Jun 29, 2026",340.0,343.67,339.19,343.29,343.29,0.0054,1496825
CB,"Jun 26, 2026",335.02,342.71,331.42,341.44,341.44,0.0321,3298272
CB,"Jun 25, 2026",334.19,337.87,330.02,330.82,330.82,-0.0129,1143570
CB,"Jun 24, 2026",334.0,337.44,330.44,335.15,335.15,0.0092,1320007
CB,"Jun 23, 2026",330.88,333.17,326.39,332.11,332.11,0.0212,1224151
CB,"Jun 22, 2026",325.37,330.03,324.57,325.2,325.2,0.005600000000000001,1744628
CB,"Jun 18, 2026",327.99,329.95,322.0,323.4,323.4,-0.0139,2894857
CB,"Jun 17, 2026",327.56,331.2,326.14,327.96,327.96,-0.0028000000000000004,1426803
CB,"Jun 16, 2026",329.52,331.99,326.0,328.89,328.89,0.0059,1045882
CB,"Jun 15, 2026",324.96,328.45,323.7,326.95,326.95,-0.0036,1395812
CB,"Jun 12, 2026",325.62,328.65,319.71,328.14,328.14,0.0038,1587023
CB,"Jun 11, 2026",330.58,332.79,327.68,327.93,326.91,-0.008,1336635
CB,"Jun 10, 2026",328.94,333.55,326.36,330.58,329.55,0.0168,1431433
CB,"Jun 9, 2026",321.88,328.67,321.61,325.13,324.12,0.0101,1720451
CB,"Jun 8, 2026",325.78,326.31,321.85,321.88,320.88,-0.013500000000000002,1694153
CB,"Jun 5, 2026",317.59,328.6,316.31,326.27,325.26,0.0374,1910794
CB,"Jun 4, 2026",316.75,319.96,313.81,314.5,313.52,0.005600000000000001,2954352
CB,"Jun 3, 2026",312.19,316.11,311.62,312.75,311.78,0.0015,1788900
CB,"Jun 2, 2026",309.14,314.46,308.61,312.27,311.3,0.008,1401793
CB,"Jun 1, 2026",310.12,313.28,309.43,309.78,308.82,-0.0063,1745946
CB,"May 29, 2026",315.78,316.48,310.68,311.73,310.76,-0.014199999999999999,3970848
CB,"May 28, 2026",320.01,321.3,316.0,316.22,315.24,-0.0138,1714043
CB,"May 27, 2026",325.07,327.93,320.47,320.63,319.63,-0.0148,1437273
CB,"May 26, 2026",328.0,329.78,323.81,325.45,324.44,-0.0074,1509840
CB,"May 22, 2026",331.0,331.98,327.39,327.89,326.87,-0.0072,1396485
CB,"May 21, 2026",326.78,331.99,323.35,330.26,329.23,0.005699999999999999,1026145
CB,"May 20, 2026",331.6,331.6,327.49,328.38,327.36,-0.0053,1513894
CB,"May 19, 2026",330.84,334.03,327.92,330.13,329.1,-0.0006,1460237
CB,"May 18, 2026",324.42,331.44,324.15,330.33,329.3,0.0191,1581305
CB,"May 15, 2026",322.33,325.82,321.36,324.15,323.14,0.0127,1462554
CB,"May 14, 2026",317.83,320.31,317.5,320.09,319.09,0.0129,969772
CB,"May 13, 2026",320.22,324.51,315.04,316.01,315.03,-0.0187,2211319
CB,"May 12, 2026",320.61,324.92,318.59,322.04,321.04,0.005600000000000001,1605783
CB,"May 11, 2026",321.7,322.64,318.21,320.26,319.26,0.0019,1275646
CB,"May 8, 2026",322.13,323.64,318.55,319.64,318.65,-0.0051,926967
CB,"May 7, 2026",320.39,322.66,318.85,321.28,320.28,-0.0019,1079314
CB,"May 6, 2026",323.25,326.75,320.63,321.9,320.9,-0.0021,1332313
CB,"May 5, 2026",324.63,326.03,322.46,322.57,321.57,-0.0078000000000000005,1295651
CB,"May 4, 2026",324.21,328.63,322.65,325.12,324.11,-0.0034000000000000002,1761094
CB,"May 1, 2026",328.85,331.52,326.0,326.22,325.21,-0.0024,1345211
CB,"Apr 30, 2026",323.28,328.72,321.68,327.0,325.98,0.0038,2556830
CB,"Apr 29, 2026",329.74,330.5,323.56,325.75,324.74,-0.0139,2247199
CB,"Apr 28, 2026",329.26,332.65,327.29,330.34,329.31,0.0177,1619127
CB,"Apr 27, 2026",323.48,329.93,323.09,324.6,323.59,-0.004699999999999999,1534296
CB,"Apr 24, 2026",330.79,332.0,325.38,326.12,325.11,-0.0203,1885353
CB,"Apr 23, 2026",326.4,332.93,325.79,332.88,331.84,0.0229,1702886
CB,"Apr 22, 2026",321.66,328.64,320.0,325.43,324.42,-0.011699999999999999,2034529
CB,"Apr 21, 2026",328.81,331.35,326.01,329.29,328.27,-0.0021,2156690
CB,"Apr 20, 2026",331.87,334.97,328.51,329.99,328.96,-0.0025,1325505
CB,"Apr 17, 2026",326.73,332.4,326.43,330.83,329.8,0.0073,2225216
CB,"Apr 16, 2026",327.27,328.91,325.78,328.42,327.4,0.0034999999999999996,1634913
CB,"Apr 15, 2026",325.26,330.0,324.65,327.27,326.25,0.004699999999999999,1560955
CB,"Apr 14, 2026",327.5,328.43,324.5,325.74,324.73,-0.0128,1334573
CB,"Apr 13, 2026",327.91,330.04,326.65,329.98,328.95,0.0063,1638563
CB,"Apr 10, 2026",332.91,332.99,324.5,327.91,326.89,-0.0151,1258574
CB,"Apr 9, 2026",330.78,336.14,330.21,332.94,331.9,0.0009,1216723
CB,"Apr 8, 2026",325.28,332.81,323.02,332.64,331.61,0.016,1252027
CB,"Apr 7, 2026",326.6,329.58,325.37,327.4,326.38,0.0015,1093784
CB,"Apr 6, 2026",326.69,328.05,323.79,326.9,325.88,-0.0044,1273431
CB,"Apr 2, 2026",328.24,330.53,326.96,328.33,327.31,0.0036,982454
CB,"Apr 1, 2026",324.96,328.5,323.95,327.16,326.14,0.0038,1212281
CB,"Mar 31, 2026",326.67,328.44,320.97,325.93,324.92,0.0018,1866081
CB,"Mar 30, 2026",321.88,327.06,320.35,325.35,324.34,0.0196,1168389
CB,"Mar 27, 2026",324.87,326.51,318.31,319.09,318.1,-0.0161,1643671
CB,"Mar 26, 2026",323.66,326.19,323.42,324.31,323.3,0.0034000000000000002,1538612
CB,"Mar 25, 2026",326.37,327.91,322.12,323.21,322.2,-0.0074,1626271
CB,"Mar 24, 2026",326.09,329.5,325.2,325.61,324.6,-0.0023,1235678
CB,"Mar 23, 2026",326.87,329.13,324.3,326.37,325.35,0.011699999999999999,1620826
CB,"Mar 20, 2026",322.3,325.47,321.14,322.58,321.58,-0.0033,3736200
CB,"Mar 19, 2026",329.3,330.38,322.52,323.64,322.63,-0.0132,2207873
CB,"Mar 18, 2026",329.77,331.36,327.92,327.98,326.96,-0.0087,1478709
CB,"Mar 17, 2026",332.75,334.34,330.58,330.87,329.84,0.0023,1559430
CB,"Mar 16, 2026",329.82,332.43,328.05,330.12,329.09,0.0034999999999999996,1757035
CB,"Mar 13, 2026",330.42,333.44,328.07,328.97,327.95,0.0012,2018734
CB,"Mar 12, 2026",321.33,330.69,320.08,329.56,327.57,0.021099999999999997,2014441
CB,"Mar 11, 2026",323.98,326.62,322.07,322.76,320.81,-0.0076,2219299
CB,"Mar 10, 2026",323.35,328.12,322.27,325.24,323.27,0.0026,1243361
CB,"Mar 9, 2026",326.15,327.51,321.75,324.4,322.44,-0.011000000000000001,1737653
CB,"Mar 6, 2026",331.01,332.21,322.68,328.0,326.02,-0.0134,2091159
CB,"Mar 5, 2026",333.94,335.6,328.95,332.46,330.45,-0.005,1877006
CB,"Mar 4, 2026",337.52,338.0,333.82,334.14,332.12,-0.0123,1531353
CB,"Mar 3, 2026",338.9,340.89,334.45,338.3,336.26,-0.013000000000000001,2412711
CB,"Mar 2, 2026",341.75,345.67,338.82,342.76,340.69,0.005600000000000001,1886011
CB,"Feb 27, 2026",340.0,342.69,337.3,340.86,338.8,0.0087,2218011
CB,"Feb 26, 2026",335.87,338.79,335.04,337.92,335.88,0.0101,1815955
CB,"Feb 25, 2026",337.0,338.19,332.64,334.54,332.52,-0.0069,1413131
CB,"Feb 24, 2026",333.52,337.42,331.01,336.85,334.81,0.0104,1591381
CB,"Feb 23, 2026",331.5,335.23,330.18,333.39,331.37,0.0053,1864933
MFG,"Aug 21, 2026",10.29,10.32,10.24,10.28,10.28,0.0148,2612662
MFG,"Aug 20, 2026",10.15,10.25,10.12,10.13,10.13,-0.001,2502702
MFG,"Aug 19, 2026",10.39,10.42,10.11,10.14,10.14,-0.0479,4998473
MFG,"Aug 18, 2026",10.68,10.76,10.59,10.65,10.65,-0.0166,2605112
MFG,"Aug 17, 2026",10.8,10.91,10.75,10.83,10.83,-0.0037,3454753
MFG,"Aug 14, 2026",10.9,10.92,10.83,10.87,10.87,-0.0109,1827541
MFG,"Aug 13, 2026",11.0,11.06,10.95,10.99,10.99,0.0167,3197920
MFG,"Aug 12, 2026",10.78,10.85,10.76,10.81,10.81,0.0354,1971999
MFG,"Aug 11, 2026",10.51,10.57,10.42,10.44,10.44,-0.0019,1713057
MFG,"Aug 10, 2026",10.46,10.5,10.43,10.46,10.46,-0.0233,2415277
MFG,"Aug 7, 2026",10.76,10.79,10.66,10.71,10.71,0.0019,2773741
MFG,"Aug 6, 2026",10.79,10.8,10.67,10.69,10.69,-0.0009,2940557
MFG,"Aug 5, 2026",10.79,10.86,10.7,10.7,10.7,0.0348,4506214
MFG,"Aug 4, 2026",10.39,10.4,10.32,10.34,10.34,0.0078000000000000005,3018384
MFG,"Aug 3, 2026",10.27,10.3,10.19,10.26,10.26,-0.0172,3925671
MFG,"Jul 31, 2026",10.35,10.46,10.3,10.44,10.44,0.0087,3139180
MFG,"Jul 30, 2026",9.76,10.35,9.7,10.35,10.35,0.055,4429302
MFG,"Jul 29, 2026",10.01,10.03,9.8,9.81,9.81,-0.0278,7619119
MFG,"Jul 28, 2026",10.07,10.18,10.05,10.09,10.09,-0.0454,3805417
MFG,"Jul 27, 2026",10.61,10.67,10.46,10.57,10.57,-0.005600000000000001,4901088
MFG,"Jul 24, 2026",10.63,10.74,10.62,10.63,10.63,0.005699999999999999,2908254
MFG,"Jul 23, 2026",10.6,10.65,10.5,10.57,10.57,0.0067,3289762
MFG,"Jul 22, 2026",10.46,10.54,10.45,10.5,10.5,0.013500000000000002,2384323
MFG,"Jul 21, 2026",10.27,10.39,10.18,10.36,10.36,0.0528,2420441
MFG,"Jul 20, 2026",9.96,10.0,9.81,9.84,9.84,-0.003,4449656
MFG,"Jul 17, 2026",9.81,9.96,9.73,9.87,9.87,-0.0436,7492836
MFG,"Jul 16, 2026",10.39,10.43,10.31,10.32,10.32,-0.0319,3338001
MFG,"Jul 15, 2026",10.59,10.66,10.51,10.66,10.66,0.0085,2906273
MFG,"Jul 14, 2026",10.6,10.79,10.55,10.57,10.57,0.0076,3706047
MFG,"Jul 13, 2026",10.55,10.59,10.48,10.49,10.49,0.001,2980625
MFG,"Jul 10, 2026",10.39,10.54,10.38,10.48,10.48,0.014499999999999999,6786401
MFG,"Jul 9, 2026",10.25,10.4,10.2,10.33,10.33,0.0098,7875016
MFG,"Jul 8, 2026",10.11,10.23,10.06,10.23,10.23,0.0039000000000000003,4523044
MFG,"Jul 7, 2026",10.26,10.31,10.14,10.19,10.19,-0.0155,3082900
MFG,"Jul 6, 2026",10.19,10.36,10.14,10.35,10.35,0.0412,3535972
MFG,"Jul 2, 2026",10.07,10.1,9.87,9.94,9.94,0.0143,3484452
MFG,"Jul 1, 2026",9.69,9.85,9.69,9.8,9.8,0.023,3790425
MFG,"Jun 30, 2026",9.6,9.62,9.52,9.58,9.58,0.0021,3863987
MFG,"Jun 29, 2026",9.57,9.61,9.48,9.56,9.56,-0.0154,2906836
MFG,"Jun 26, 2026",9.63,9.79,9.63,9.71,9.71,0.0125,2476641
MFG,"Jun 25, 2026",9.69,9.75,9.59,9.59,9.59,0.001,3160806
MFG,"Jun 24, 2026",9.57,9.64,9.53,9.58,9.58,-0.0103,3977557
MFG,"Jun 23, 2026",9.69,9.79,9.65,9.68,9.68,-0.0463,5346076
MFG,"Jun 22, 2026",10.12,10.3,10.07,10.15,10.15,-0.0146,6251410
MFG,"Jun 18, 2026",10.34,10.38,10.28,10.3,10.3,0.0158,3488028
MFG,"Jun 17, 2026",10.03,10.39,10.03,10.14,10.14,0.038900000000000004,9692892
MFG,"Jun 16, 2026",9.77,9.82,9.73,9.76,9.76,0.0083,2513142
MFG,"Jun 15, 2026",9.81,9.81,9.65,9.68,9.68,,3425434
MFG,"Jun 12, 2026",9.6,9.7,9.53,9.68,9.68,0.0168,4049878
MFG,"Jun 11, 2026",9.3,9.54,9.24,9.52,9.52,0.0182,4431923
MFG,"Jun 10, 2026",9.47,9.6,9.35,9.35,9.35,-0.023,4036820
MFG,"Jun 9, 2026",9.7,9.73,9.4,9.57,9.57,-0.0021,5214524
MFG,"Jun 8, 2026",9.58,9.66,9.56,9.59,9.59,0.0074,2816509
MFG,"Jun 5, 2026",9.7,9.76,9.48,9.52,9.52,-0.0276,4845801
MFG,"Jun 4, 2026",9.61,9.86,9.61,9.79,9.79,0.0349,3442209
MFG,"Jun 3, 2026",9.45,9.53,9.45,9.46,9.46,0.0194,2230262
MFG,"Jun 2, 2026",9.15,9.33,9.15,9.28,9.28,0.0277,2365612
MFG,"Jun 1, 2026",8.95,9.15,8.95,9.03,9.03,0.0067,5544831
MFG,"May 29, 2026",8.98,9.06,8.96,8.97,8.97,0.0022,2486148
MFG,"May 28, 2026",8.91,9.02,8.89,8.95,8.95,-0.0121,3267078
MFG,"May 27, 2026",9.1,9.11,9.0,9.06,9.06,-0.0195,3000438
MFG,"May 26, 2026",9.32,9.34,9.22,9.24,9.24,-0.0086,3021362
MFG,"May 22, 2026",9.37,9.41,9.31,9.32,9.32,0.0054,3902897
MFG,"May 21, 2026",9.09,9.33,9.09,9.27,9.27,0.024300000000000002,4812562
MFG,"May 20, 2026",8.87,9.1,8.87,9.05,9.05,0.0414,3914799
MFG,"May 19, 2026",8.6,8.79,8.59,8.69,8.69,0.0358,4831770
MFG,"May 18, 2026",8.4,8.43,8.32,8.39,8.39,-0.0345,4928351
MFG,"May 15, 2026",8.59,8.82,8.59,8.69,8.69,-0.0192,4228039
MFG,"May 14, 2026",8.9,8.95,8.8,8.86,8.86,-0.0034000000000000002,2638726
MFG,"May 13, 2026",8.84,8.98,8.83,8.89,8.89,0.0045000000000000005,2994011
MFG,"May 12, 2026",8.78,8.89,8.75,8.85,8.85,0.0045000000000000005,2731313
MFG,"May 11, 2026",8.8,8.87,8.79,8.81,8.81,0.0138,3623959
MFG,"May 8, 2026",8.72,8.73,8.65,8.69,8.69,0.0034999999999999996,2246339
MFG,"May 7, 2026",8.82,8.82,8.64,8.66,8.66,-0.0215,3283679
MFG,"May 6, 2026",8.75,8.87,8.75,8.85,8.85,0.0375,3218886
MFG,"May 5, 2026",8.47,8.56,8.43,8.53,8.53,0.0143,2162997
MFG,"May 4, 2026",8.49,8.56,8.39,8.41,8.41,-0.0118,2152867
MFG,"May 1, 2026",8.53,8.58,8.48,8.51,8.51,-0.0105,2310978
MFG,"Apr 30, 2026",8.54,8.64,8.49,8.6,8.6,0.021400000000000002,2599171
MFG,"Apr 29, 2026",8.4,8.46,8.38,8.42,8.42,-0.0036,3211738
MFG,"Apr 28, 2026",8.5,8.6,8.43,8.45,8.45,0.0218,3723533
MFG,"Apr 27, 2026",8.3,8.34,8.24,8.27,8.27,0.0197,2969864
MFG,"Apr 24, 2026",8.08,8.14,8.05,8.11,8.11,-0.0012,3679147
MFG,"Apr 23, 2026",8.22,8.23,8.03,8.12,8.12,-0.0169,3710666
MFG,"Apr 22, 2026",8.3,8.34,8.22,8.26,8.26,0.0036,2739856
MFG,"Apr 21, 2026",8.46,8.46,8.21,8.23,8.23,-0.043,7332260
MFG,"Apr 20, 2026",8.63,8.68,8.6,8.6,8.6,-0.024900000000000002,4204268
MFG,"Apr 17, 2026",8.7,8.89,8.69,8.82,8.82,0.022000000000000002,6274977
MFG,"Apr 16, 2026",8.74,8.74,8.59,8.63,8.63,-0.019299999999999998,3663737
MFG,"Apr 15, 2026",8.75,8.81,8.74,8.8,8.8,0.0127,3797181
MFG,"Apr 14, 2026",8.64,8.7,8.62,8.69,8.69,0.0046,2727853
MFG,"Apr 13, 2026",8.47,8.66,8.44,8.65,8.65,0.0023,3661513
MFG,"Apr 10, 2026",8.62,8.65,8.57,8.63,8.63,0.0034999999999999996,3074925
MFG,"Apr 9, 2026",8.51,8.68,8.45,8.6,8.6,-0.0227,6415263
MFG,"Apr 8, 2026",8.79,8.87,8.72,8.8,8.8,0.0667,5689283
MFG,"Apr 7, 2026",8.16,8.26,8.05,8.25,8.25,0.0060999999999999995,5946164
MFG,"Apr 6, 2026",8.16,8.23,8.15,8.2,8.2,0.0049,3268172
MFG,"Apr 2, 2026",7.91,8.23,7.91,8.16,8.16,-0.0263,5314996
MFG,"Apr 1, 2026",8.27,8.43,8.27,8.38,8.38,0.0554,10111024
MFG,"Mar 31, 2026",7.75,7.97,7.71,7.94,7.94,0.050300000000000004,5423434
MFG,"Mar 30, 2026",7.69,7.74,7.58,7.63,7.56,,5121905
MFG,"Mar 27, 2026",7.75,7.78,7.6,7.63,7.56,-0.019299999999999998,5168809
MFG,"Mar 26, 2026",7.83,7.9,7.76,7.78,7.71,-0.0226,3651521
MFG,"Mar 25, 2026",8.03,8.08,7.9,7.96,7.89,0.0192,5292999
MFG,"Mar 24, 2026",7.7,7.89,7.7,7.81,7.74,0.0077,7318285
MFG,"Mar 23, 2026",7.84,7.87,7.69,7.75,7.68,0.021099999999999997,7209867
MFG,"Mar 20, 2026",7.78,7.79,7.54,7.59,7.52,-0.0219,6898640
MFG,"Mar 19, 2026",7.62,7.83,7.61,7.76,7.69,0.0026,4605393
MFG,"Mar 18, 2026",7.81,7.84,7.73,7.74,7.67,-0.0077,4083827
MFG,"Mar 17, 2026",7.88,7.91,7.8,7.8,7.73,,2770459
MFG,"Mar 16, 2026",7.74,7.86,7.74,7.8,7.73,0.0223,4733362
MFG,"Mar 13, 2026",7.77,7.8,7.61,7.63,7.56,-0.011699999999999999,4541097
MFG,"Mar 12, 2026",7.79,7.82,7.64,7.72,7.65,-0.0374,5459790
MFG,"Mar 11, 2026",8.0,8.06,7.94,8.02,7.95,-0.031400000000000004,5004481
MFG,"Mar 10, 2026",8.26,8.47,8.23,8.28,8.2,0.021,6449527
MFG,"Mar 9, 2026",7.85,8.14,7.8,8.11,8.04,0.0062,6331020
MFG,"Mar 6, 2026",7.99,8.1,7.92,8.06,7.99,-0.0098,4564309
MFG,"Mar 5, 2026",8.21,8.3,8.03,8.14,8.06,-0.0085,4423334
MFG,"Mar 4, 2026",8.12,8.22,8.09,8.21,8.13,-0.0012,4516432
MFG,"Mar 3, 2026",7.99,8.25,7.93,8.22,8.14,-0.0519,7944480
MFG,"Mar 2, 2026",8.5,8.72,8.43,8.67,8.59,-0.0225,6305000
MFG,"Feb 27, 2026",9.02,9.09,8.78,8.87,8.79,-0.0155,4308876
MFG,"Feb 26, 2026",8.99,9.04,8.91,9.01,8.93,0.0285,3069498
MFG,"Feb 25, 2026",8.63,8.79,8.58,8.76,8.68,-0.019,6377444
MFG,"Feb 24, 2026",8.83,8.99,8.78,8.93,8.85,-0.028300000000000002,4216238
MFG,"Feb 23, 2026",9.4,9.45,9.18,9.19,9.11,-0.0171,4275792
BMO,"Aug 21, 2026",174.4,176.19,173.47,174.43,174.43,0.0088,512822
BMO,"Aug 20, 2026",175.7,175.77,171.77,172.9,172.9,-0.0161,1024156
BMO,"Aug 19, 2026",183.03,184.26,175.57,175.73,175.73,-0.0375,1784347
BMO,"Aug 18, 2026",185.25,185.82,181.45,182.57,182.57,-0.0146,363051
BMO,"Aug 17, 2026",186.0,187.22,185.24,185.28,185.28,-0.0029,356842
BMO,"Aug 14, 2026",184.25,185.86,184.0,185.81,185.81,0.009000000000000001,331344
BMO,"Aug 13, 2026",184.44,184.82,182.7,184.16,184.16,0.0032,1108622
BMO,"Aug 12, 2026",182.43,184.11,182.04,183.57,183.57,0.0132,498025
BMO,"Aug 11, 2026",182.46,183.65,181.13,181.17,181.17,-0.0040999999999999995,354511
BMO,"Aug 10, 2026",180.44,183.22,180.44,181.91,181.91,0.002,337620
BMO,"Aug 7, 2026",183.29,183.31,180.37,181.55,181.55,0.004,368619
BMO,"Aug 6, 2026",182.33,182.66,180.19,180.82,180.82,-0.0007000000000000001,372265
BMO,"Aug 5, 2026",179.98,182.59,179.85,180.94,180.94,0.0064,478380
BMO,"Aug 4, 2026",178.73,181.74,178.73,179.79,179.79,0.0004,574017
BMO,"Aug 3, 2026",179.79,180.8,179.1,179.72,179.72,0.0015,211012
BMO,"Jul 31, 2026",178.96,180.43,178.36,179.45,179.45,0.0046,527953
BMO,"Jul 30, 2026",175.5,179.27,175.5,178.62,178.62,0.026099999999999998,1425576
BMO,"Jul 29, 2026",180.0,180.08,175.19,175.29,174.08,-0.0296,3236456
BMO,"Jul 28, 2026",177.57,180.79,176.35,180.63,179.38,0.011899999999999999,491164
BMO,"Jul 27, 2026",179.05,179.95,176.98,178.51,177.27,0.0042,392161
BMO,"Jul 24, 2026",177.67,178.79,176.49,177.77,176.54,0.006500000000000001,451981
BMO,"Jul 23, 2026",180.8,180.8,175.3,176.63,175.41,-0.013600000000000001,663164
BMO,"Jul 22, 2026",180.66,180.66,178.77,179.06,177.82,0.0017000000000000001,357020
BMO,"Jul 21, 2026",179.2,179.56,177.39,178.76,177.52,0.0043,1228130
BMO,"Jul 20, 2026",181.8,182.68,177.92,178.0,176.77,-0.0218,629492
BMO,"Jul 17, 2026",181.03,184.21,180.47,181.97,180.71,-0.0036,717227
BMO,"Jul 16, 2026",183.26,183.9,181.71,182.62,181.36,-0.005600000000000001,595426
BMO,"Jul 15, 2026",181.82,183.74,181.36,183.65,182.38,0.0154,529137
BMO,"Jul 14, 2026",180.05,181.91,179.66,180.86,179.61,0.0121,505039
BMO,"Jul 13, 2026",179.55,180.09,177.82,178.69,177.45,-0.0015,522763
BMO,"Jul 10, 2026",177.23,179.19,176.91,178.96,177.72,0.013000000000000001,474834
BMO,"Jul 9, 2026",175.24,177.58,175.24,176.66,175.44,0.0123,981604
BMO,"Jul 8, 2026",177.73,178.12,173.2,174.51,173.3,-0.021,1269195
BMO,"Jul 7, 2026",176.12,179.33,175.58,178.25,177.02,0.012199999999999999,1211982
BMO,"Jul 6, 2026",174.82,176.38,174.27,176.1,174.88,0.0113,1066292
BMO,"Jul 2, 2026",177.76,178.6,172.79,174.13,172.92,-0.0194,828344
BMO,"Jul 1, 2026",174.59,178.7,174.59,177.57,176.34,0.0049,194073
BMO,"Jun 30, 2026",175.74,177.0,175.17,176.7,175.48,0.0034999999999999996,416417
BMO,"Jun 29, 2026",175.76,176.38,174.44,176.08,174.86,0.005600000000000001,910497
BMO,"Jun 26, 2026",174.72,175.54,173.42,175.1,173.89,0.0017000000000000001,1477380
BMO,"Jun 25, 2026",173.5,175.21,173.31,174.8,173.59,0.0141,712886
BMO,"Jun 24, 2026",173.16,173.5,171.84,172.37,171.18,-0.0060999999999999995,612465
BMO,"Jun 23, 2026",171.26,174.1,170.58,173.42,172.22,0.0014000000000000002,652279
BMO,"Jun 22, 2026",171.23,173.93,171.23,173.18,171.98,0.0138,576043
BMO,"Jun 18, 2026",172.34,173.2,170.46,170.82,169.64,0.0058,1300294
BMO,"Jun 17, 2026",170.29,171.69,169.57,169.84,168.66,0.0018,1002315
BMO,"Jun 16, 2026",169.14,170.98,168.94,169.54,168.37,0.0068000000000000005,816895
BMO,"Jun 15, 2026",166.46,170.49,166.32,168.4,167.23,0.0006,483565
BMO,"Jun 12, 2026",167.0,169.35,167.0,168.3,167.13,0.0102,666437
BMO,"Jun 11, 2026",165.0,167.1,163.78,166.6,165.45,0.0134,728225
BMO,"Jun 10, 2026",166.04,166.46,164.32,164.39,163.25,-0.005,996399
BMO,"Jun 9, 2026",166.34,167.07,163.14,165.22,164.08,0.0038,692035
BMO,"Jun 8, 2026",165.44,166.55,163.79,164.59,163.45,0.0013,427462
BMO,"Jun 5, 2026",164.32,165.8,164.14,164.37,163.23,-0.0051,603007
BMO,"Jun 4, 2026",160.6,165.73,160.6,165.21,164.07,0.0177,506125
BMO,"Jun 3, 2026",164.72,165.34,162.24,162.33,161.21,-0.0184,607035
BMO,"Jun 2, 2026",162.62,165.92,162.5,165.38,164.24,0.017,544578
BMO,"Jun 1, 2026",163.05,164.5,162.02,162.62,161.49,0.0038,746555
BMO,"May 29, 2026",162.55,163.75,160.55,162.01,160.89,0.0011,643724
BMO,"May 28, 2026",162.48,162.85,160.39,161.84,160.72,-0.0079,802919
BMO,"May 27, 2026",160.72,163.44,160.72,163.13,162.0,0.008,966394
BMO,"May 26, 2026",162.96,163.12,160.91,161.84,160.72,0.005699999999999999,849685
BMO,"May 22, 2026",161.18,161.55,160.06,160.93,159.82,0.0075,635126
BMO,"May 21, 2026",157.08,160.29,156.74,159.73,158.62,0.012199999999999999,639167
BMO,"May 20, 2026",155.0,158.64,154.44,157.81,156.72,0.0241,851640
BMO,"May 19, 2026",152.61,154.77,152.14,154.1,153.03,0.002,715572
BMO,"May 18, 2026",152.74,154.21,152.74,153.8,152.74,0.0087,335925
BMO,"May 15, 2026",151.68,152.56,150.51,152.48,151.42,-0.0032,594621
BMO,"May 14, 2026",150.52,153.03,150.36,152.97,151.91,0.0182,512546
BMO,"May 13, 2026",151.56,152.93,149.07,150.23,149.19,-0.015,2557351
BMO,"May 12, 2026",152.25,152.57,150.74,152.52,151.46,-0.0037,1427313
BMO,"May 11, 2026",152.1,154.04,152.1,153.08,152.02,0.0012,726539
BMO,"May 8, 2026",152.82,153.85,151.65,152.9,151.84,0.0028000000000000004,1795506
BMO,"May 7, 2026",155.03,156.0,151.99,152.48,151.42,-0.016399999999999998,1105667
BMO,"May 6, 2026",152.52,155.67,152.52,155.02,153.95,0.0265,776609
BMO,"May 5, 2026",151.17,151.44,149.72,151.02,149.97,0.0070999999999999995,280123
BMO,"May 4, 2026",151.53,151.9,149.6,149.96,148.92,-0.0166,455476
BMO,"May 1, 2026",150.75,153.62,150.75,152.49,151.43,0.0026,471159
BMO,"Apr 30, 2026",146.58,152.47,146.35,152.1,151.05,0.0264,677698
BMO,"Apr 29, 2026",150.15,150.29,147.8,148.19,147.16,-0.013600000000000001,650803
BMO,"Apr 28, 2026",152.3,152.85,150.65,151.46,149.2,-0.006,3531774
BMO,"Apr 27, 2026",152.14,152.47,151.05,152.37,150.1,0.0014000000000000002,757584
BMO,"Apr 24, 2026",151.19,153.01,150.46,152.15,149.88,0.0034000000000000002,567847
BMO,"Apr 23, 2026",150.5,151.98,150.1,151.63,149.37,0.0054,768739
BMO,"Apr 22, 2026",152.5,152.5,150.57,150.82,148.57,-0.0042,418602
BMO,"Apr 21, 2026",153.39,154.48,151.38,151.46,149.2,-0.0126,594317
BMO,"Apr 20, 2026",151.57,153.92,151.4,153.39,151.1,0.0095,529611
BMO,"Apr 17, 2026",150.48,153.67,150.18,151.95,149.68,0.0177,681811
BMO,"Apr 16, 2026",149.81,150.21,148.56,149.3,147.07,-0.0013,398746
BMO,"Apr 15, 2026",148.5,149.6,148.5,149.49,147.26,0.0074,358466
BMO,"Apr 14, 2026",146.9,148.6,146.39,148.39,146.17,0.0149,589642
BMO,"Apr 13, 2026",143.98,146.22,142.9,146.21,144.03,0.0132,1285387
BMO,"Apr 10, 2026",143.06,145.09,143.04,144.31,142.16,0.0108,502456
BMO,"Apr 9, 2026",140.49,142.79,140.26,142.77,140.64,0.0126,778496
BMO,"Apr 8, 2026",142.66,142.66,140.25,141.0,138.9,0.020499999999999997,621957
BMO,"Apr 7, 2026",136.74,138.29,136.11,138.17,136.11,0.0059,393366
BMO,"Apr 6, 2026",136.41,137.75,136.38,137.36,135.31,0.0083,386397
BMO,"Apr 2, 2026",134.7,136.94,134.69,136.23,134.2,-0.0059,604845
BMO,"Apr 1, 2026",136.82,137.95,136.6,137.04,134.99,0.0126,588792
BMO,"Mar 31, 2026",132.85,135.48,132.56,135.34,133.32,0.0287,699082
BMO,"Mar 30, 2026",132.56,133.07,130.73,131.56,129.6,-0.0015,827291
BMO,"Mar 27, 2026",131.35,131.93,130.09,131.76,129.79,-0.0045000000000000005,1692322
BMO,"Mar 26, 2026",135.94,137.23,132.25,132.35,130.37,-0.0352,1951929
BMO,"Mar 25, 2026",137.71,138.25,136.86,137.18,135.13,0.0058,1131729
BMO,"Mar 24, 2026",135.27,138.34,135.27,136.39,134.35,-0.0053,552339
BMO,"Mar 23, 2026",136.83,138.34,135.64,137.12,135.07,0.0246,616375
BMO,"Mar 20, 2026",136.6,136.6,132.97,133.83,131.83,-0.0204,931061
BMO,"Mar 19, 2026",136.2,137.51,135.77,136.62,134.58,-0.01,581082
BMO,"Mar 18, 2026",139.9,140.23,138.0,138.0,135.94,-0.013999999999999999,558850
BMO,"Mar 17, 2026",141.01,141.04,139.86,139.96,137.87,0.0013,439122
BMO,"Mar 16, 2026",137.31,140.52,137.31,139.78,137.69,0.031200000000000002,873976
BMO,"Mar 13, 2026",140.1,140.1,135.46,135.55,133.53,-0.0242,708474
BMO,"Mar 12, 2026",140.5,140.81,138.68,138.91,136.84,-0.022000000000000002,775071
BMO,"Mar 11, 2026",144.74,144.74,141.77,142.04,139.92,-0.0073,585028
BMO,"Mar 10, 2026",143.65,144.34,141.51,143.08,140.94,0.0077,582834
BMO,"Mar 9, 2026",140.08,142.64,138.9,141.98,139.86,-0.001,977803
BMO,"Mar 6, 2026",143.22,143.22,140.28,142.12,140.0,-0.0131,1069823
BMO,"Mar 5, 2026",144.65,145.47,142.44,144.0,141.85,-0.0139,830604
BMO,"Mar 4, 2026",143.72,146.1,143.72,146.03,143.85,0.0155,507574
BMO,"Mar 3, 2026",142.7,144.86,141.25,143.8,141.65,-0.0115,806773
BMO,"Mar 2, 2026",141.67,146.2,141.0,145.48,143.31,0.0108,929442
BMO,"Feb 27, 2026",147.15,147.95,143.57,143.93,141.78,-0.0331,1203610
BMO,"Feb 26, 2026",147.95,148.97,147.01,148.85,146.63,0.0049,960337
BMO,"Feb 25, 2026",144.79,149.01,144.38,148.13,145.92,0.040999999999999995,1338936
BMO,"Feb 24, 2026",141.96,142.86,141.57,142.3,140.18,0.0001,765401
BMO,"Feb 23, 2026",146.09,147.04,141.57,142.29,140.17,-0.0254,889657
SPGI,"Aug 21, 2026",433.41,435.26,428.45,431.29,431.29,-0.002,1706936
SPGI,"Aug 20, 2026",426.0,433.83,425.67,432.16,432.16,0.0129,2112415
SPGI,"Aug 19, 2026",418.97,433.55,418.96,426.66,426.66,0.0206,1515078
SPGI,"Aug 18, 2026",414.34,422.97,412.03,418.04,418.04,0.0183,1796346
SPGI,"Aug 17, 2026",416.09,419.76,409.85,410.53,410.53,-0.0197,1402198
SPGI,"Aug 14, 2026",422.01,423.22,414.22,418.8,418.8,-0.0092,1553716
SPGI,"Aug 13, 2026",414.0,424.34,411.11,422.67,422.67,0.030699999999999998,2239414
SPGI,"Aug 12, 2026",407.17,411.25,404.47,410.1,410.1,0.0034999999999999996,1529995
SPGI,"Aug 11, 2026",410.74,412.46,407.62,408.69,408.69,-0.0055000000000000005,1377600
SPGI,"Aug 10, 2026",406.9,412.71,405.26,410.94,410.94,0.0067,1733726
SPGI,"Aug 7, 2026",405.0,413.2,404.2,408.19,408.19,0.0073,1548375
SPGI,"Aug 6, 2026",408.11,411.32,403.45,405.24,405.24,-0.011699999999999999,1559244
SPGI,"Aug 5, 2026",418.64,421.18,408.61,410.03,410.03,-0.0060999999999999995,1622602
SPGI,"Aug 4, 2026",411.93,418.81,411.85,412.53,412.53,-0.0089,2558998
SPGI,"Aug 3, 2026",415.23,421.99,409.65,416.25,416.25,0.0105,1953870
SPGI,"Jul 31, 2026",415.74,417.29,409.39,411.93,411.93,-0.0074,2102746
SPGI,"Jul 30, 2026",415.34,418.95,404.54,415.0,415.0,-0.0111,3426897
SPGI,"Jul 29, 2026",420.91,424.3,414.98,419.64,419.64,-0.0111,2886650
SPGI,"Jul 28, 2026",418.72,435.96,406.0,424.36,424.36,-0.0352,4005421
SPGI,"Jul 27, 2026",433.0,442.99,431.8,439.83,439.83,0.0315,2619118
SPGI,"Jul 24, 2026",424.51,427.67,420.01,426.4,426.4,0.0152,1496041
SPGI,"Jul 23, 2026",424.69,425.48,418.69,420.0,420.0,-0.021099999999999997,1619132
SPGI,"Jul 22, 2026",435.59,435.72,428.55,429.06,429.06,-0.0051,1180583
SPGI,"Jul 21, 2026",433.54,441.23,427.63,431.26,431.26,-0.0381,1621507
SPGI,"Jul 20, 2026",452.94,453.07,442.81,448.35,448.35,-0.0055000000000000005,1124455
SPGI,"Jul 17, 2026",456.25,462.02,448.49,450.84,450.84,-0.0143,1732114
SPGI,"Jul 16, 2026",447.59,457.55,444.6,457.38,457.38,0.028999999999999998,1602331
SPGI,"Jul 15, 2026",442.21,450.62,439.2,444.48,444.48,0.0128,1518107
SPGI,"Jul 14, 2026",428.5,439.75,425.74,438.87,438.87,0.0024,1107043
SPGI,"Jul 13, 2026",433.46,439.71,433.0,437.84,437.84,0.017,1170956
SPGI,"Jul 10, 2026",438.34,440.61,427.06,430.5,430.5,-0.005699999999999999,1307710
SPGI,"Jul 9, 2026",426.65,433.34,422.71,432.96,432.96,0.005,1581802
SPGI,"Jul 8, 2026",441.99,442.91,430.57,430.79,430.79,-0.0286,2067922
SPGI,"Jul 7, 2026",447.3,450.32,440.58,443.46,443.46,-0.0084,2815525
SPGI,"Jul 6, 2026",439.57,447.7,427.75,447.22,447.22,0.0167,2517578
SPGI,"Jul 2, 2026",423.26,440.01,422.59,439.89,439.89,0.0601,3306632
SPGI,"Jul 1, 2026",399.58,419.76,397.0,414.97,414.97,0.07730000000000001,3911169
SPGI,"Jun 30, 2026",406.58,412.51,402.59,407.26,385.21,-0.0032,2408847
SPGI,"Jun 29, 2026",412.48,414.19,405.18,408.56,386.44,0.001,2577394
SPGI,"Jun 26, 2026",395.15,416.04,393.03,408.16,386.06,0.033,4606879
SPGI,"Jun 25, 2026",402.53,413.0,395.0,395.14,373.75,-0.0179,2962210
SPGI,"Jun 24, 2026",402.38,404.97,395.67,402.35,380.57,0.0055000000000000005,5001005
SPGI,"Jun 23, 2026",412.12,415.0,399.88,400.16,378.49,-0.0177,1845042
SPGI,"Jun 22, 2026",406.85,411.7,403.16,407.39,385.33,-0.0086,2925921
SPGI,"Jun 18, 2026",418.0,418.0,407.98,410.92,388.67,-0.017,2860384
SPGI,"Jun 17, 2026",428.47,434.08,417.09,418.02,395.39,-0.0352,2082558
SPGI,"Jun 16, 2026",429.95,436.37,428.01,433.25,409.79,0.0216,1967074
SPGI,"Jun 15, 2026",418.26,429.39,418.0,424.07,401.11,0.0123,1650268
SPGI,"Jun 12, 2026",415.23,419.98,409.33,418.91,396.23,0.013500000000000002,1762087
SPGI,"Jun 11, 2026",424.72,426.0,411.51,413.34,390.96,-0.030600000000000002,2126582
SPGI,"Jun 10, 2026",423.66,430.27,421.05,426.38,403.29,0.0037,1829247
SPGI,"Jun 9, 2026",415.13,426.67,412.8,424.82,401.82,0.018500000000000003,1888698
SPGI,"Jun 8, 2026",421.57,423.73,416.12,417.09,394.51,-0.0173,2120229
SPGI,"Jun 5, 2026",422.88,427.24,420.55,424.44,401.46,0.0103,2259863
SPGI,"Jun 4, 2026",418.0,425.9,418.0,420.12,397.37,0.019,2133422
SPGI,"Jun 3, 2026",414.3,416.31,407.31,412.29,389.97,-0.0124,1619330
SPGI,"Jun 2, 2026",427.08,427.08,412.87,417.46,394.86,-0.0259,1936686
SPGI,"Jun 1, 2026",425.74,430.91,420.87,428.56,405.36,0.0108,2101259
SPGI,"May 29, 2026",415.2,428.46,415.17,424.0,401.04,0.0175,3294871
SPGI,"May 28, 2026",414.0,421.19,413.35,417.68,394.15,0.0045000000000000005,2404752
SPGI,"May 27, 2026",412.01,419.05,411.33,415.8,392.37,0.008,1975146
SPGI,"May 26, 2026",412.55,416.66,408.66,412.48,389.24,-0.0123,2378833
SPGI,"May 22, 2026",416.52,421.6,415.0,417.6,394.07,0.0045000000000000005,2188311
SPGI,"May 21, 2026",410.85,417.42,408.4,415.73,392.31,-0.0031,2062580
SPGI,"May 20, 2026",408.15,417.23,403.8,417.01,393.52,0.0161,2084776
SPGI,"May 19, 2026",419.32,422.5,408.84,410.4,387.28,-0.0168,2883027
SPGI,"May 18, 2026",404.0,419.59,403.2,417.41,393.89,0.0354,1741173
SPGI,"May 15, 2026",406.0,411.57,401.48,403.15,380.44,-0.0019,1600738
SPGI,"May 14, 2026",409.03,413.57,402.46,403.92,381.16,-0.006500000000000001,2238489
SPGI,"May 13, 2026",419.44,420.07,401.0,406.55,383.65,-0.0415,2603757
SPGI,"May 12, 2026",422.56,430.13,421.16,424.17,400.27,0.0075,2212209
SPGI,"May 11, 2026",417.95,422.7,416.89,421.0,397.28,0.0021,2201913
SPGI,"May 8, 2026",425.49,427.46,416.26,420.12,396.45,-0.02,1975083
SPGI,"May 7, 2026",422.51,433.08,421.14,428.68,404.53,0.0121,1840977
SPGI,"May 6, 2026",422.21,426.94,418.4,423.57,399.71,-0.0007000000000000001,1978785
SPGI,"May 5, 2026",425.24,430.4,416.2,423.87,399.99,-0.0021,2255220
SPGI,"May 4, 2026",424.26,431.33,423.3,424.75,400.82,-0.0031,1507082
SPGI,"May 1, 2026",435.46,438.88,425.6,426.06,402.06,-0.012,1058187
SPGI,"Apr 30, 2026",431.0,434.07,426.66,431.23,406.93,-0.0045000000000000005,1675144
SPGI,"Apr 29, 2026",430.89,435.02,424.14,433.19,408.78,-0.0006,1844954
SPGI,"Apr 28, 2026",442.15,453.95,433.09,433.47,409.05,-0.0086,2492622
SPGI,"Apr 27, 2026",436.75,439.82,433.65,437.22,412.59,0.001,2235585
SPGI,"Apr 24, 2026",440.0,441.65,434.17,436.79,412.18,-0.0051,1782035
SPGI,"Apr 23, 2026",444.99,447.28,433.0,439.03,414.3,-0.0223,1291609
SPGI,"Apr 22, 2026",450.2,456.7,446.55,449.06,423.76,0.009899999999999999,1287654
SPGI,"Apr 21, 2026",444.03,453.61,443.13,444.67,419.62,0.0044,1535697
SPGI,"Apr 20, 2026",442.4,443.68,439.01,442.74,417.8,0.0004,1479452
SPGI,"Apr 17, 2026",442.88,445.25,437.5,442.57,417.64,0.0132,1679766
SPGI,"Apr 16, 2026",437.48,440.45,435.31,436.79,412.18,0.0144,1542338
SPGI,"Apr 15, 2026",427.0,435.0,427.0,430.58,406.32,0.0126,2380935
SPGI,"Apr 14, 2026",431.09,435.29,424.44,425.24,401.28,-0.0113,2455566
SPGI,"Apr 13, 2026",416.8,430.2,416.01,430.08,405.85,0.0353,1777979
SPGI,"Apr 10, 2026",421.93,423.97,408.74,415.42,392.02,-0.021,2015930
SPGI,"Apr 9, 2026",433.16,435.29,416.43,424.32,400.41,-0.028900000000000002,2094671
SPGI,"Apr 8, 2026",437.61,442.0,435.6,436.96,412.34,0.016,1260484
SPGI,"Apr 7, 2026",433.0,436.97,427.36,430.06,405.83,-0.009300000000000001,1543111
SPGI,"Apr 6, 2026",429.68,435.68,429.19,434.11,409.65,0.0068000000000000005,993622
SPGI,"Apr 2, 2026",421.51,433.53,420.1,431.16,406.87,0.0141,1405523
SPGI,"Apr 1, 2026",425.62,427.66,416.03,425.17,401.22,-0.0004,1877551
SPGI,"Mar 31, 2026",422.71,426.91,417.01,425.34,401.38,0.018600000000000002,2012991
SPGI,"Mar 30, 2026",410.9,418.9,408.96,417.59,394.06,0.0279,1665027
SPGI,"Mar 27, 2026",407.99,410.25,403.37,406.24,383.35,-0.0151,1638483
SPGI,"Mar 26, 2026",406.78,415.35,406.2,412.45,389.21,0.0097,2363092
SPGI,"Mar 25, 2026",417.73,419.36,405.0,408.48,385.47,-0.0066,3002589
SPGI,"Mar 24, 2026",424.98,426.01,411.1,411.2,388.03,-0.0412,2627982
SPGI,"Mar 23, 2026",429.51,433.6,425.11,428.87,404.71,0.0105,1954462
SPGI,"Mar 20, 2026",426.36,428.27,421.34,424.43,400.52,-0.004,3444730
SPGI,"Mar 19, 2026",422.09,427.98,419.0,426.14,402.13,-0.0012,1953991
SPGI,"Mar 18, 2026",428.68,430.85,426.0,426.64,402.6,-0.0146,1909962
SPGI,"Mar 17, 2026",431.17,435.97,429.08,432.94,408.55,0.0149,1492737
SPGI,"Mar 16, 2026",424.7,428.78,424.7,426.59,402.56,0.0097,1853132
SPGI,"Mar 13, 2026",423.89,427.55,419.11,422.49,398.69,0.0066,1790625
SPGI,"Mar 12, 2026",428.5,428.75,418.33,419.7,396.05,-0.0216,2326074
SPGI,"Mar 11, 2026",435.5,439.31,415.92,428.96,404.79,-0.0149,2118816
SPGI,"Mar 10, 2026",444.29,445.02,432.0,435.44,410.91,-0.022099999999999998,1839410
SPGI,"Mar 9, 2026",448.59,449.59,431.42,445.28,420.19,-0.015700000000000002,2154876
SPGI,"Mar 6, 2026",447.41,452.69,443.73,452.36,426.87,0.0028000000000000004,1869258
SPGI,"Mar 5, 2026",443.23,451.66,442.81,451.11,425.69,0.0126,2611416
SPGI,"Mar 4, 2026",443.76,450.21,441.31,445.5,420.4,0.0034000000000000002,2054802
SPGI,"Mar 3, 2026",437.0,447.62,435.75,443.99,418.98,0.0021,3264291
SPGI,"Mar 2, 2026",433.01,444.5,433.01,443.08,418.12,0.0027,2837197
SPGI,"Feb 27, 2026",434.87,443.49,433.57,441.88,416.98,0.01,3176513
SPGI,"Feb 26, 2026",426.6,439.19,426.6,437.49,412.84,0.032799999999999996,2513889
SPGI,"Feb 25, 2026",419.41,426.37,418.55,423.61,399.74,0.0151,3237771
SPGI,"Feb 24, 2026",402.3,419.66,400.52,418.27,393.79,0.0333,3305859
SPGI,"Feb 23, 2026",413.47,417.55,404.24,404.78,381.09,-0.0304,2554037
PGR,"Aug 21, 2026",221.27,221.54,218.16,219.28,219.28,-0.0048,1866462
PGR,"Aug 20, 2026",218.8,223.8,217.56,220.34,220.34,0.0141,3850219
PGR,"Aug 19, 2026",207.57,217.66,207.57,217.27,217.27,0.0484,4870197
PGR,"Aug 18, 2026",207.7,208.07,205.64,207.23,207.23,0.0166,3335197
PGR,"Aug 17, 2026",208.78,209.7,203.18,203.84,203.84,-0.0275,2733604
PGR,"Aug 14, 2026",208.01,210.92,207.31,209.6,209.6,0.0034999999999999996,2787930
PGR,"Aug 13, 2026",208.56,210.5,207.87,208.87,208.87,0.0072,2993801
PGR,"Aug 12, 2026",209.25,212.73,207.01,207.37,207.37,-0.0235,1870454
PGR,"Aug 11, 2026",212.67,214.78,212.04,212.35,212.35,-0.0075,1412060
PGR,"Aug 10, 2026",212.94,215.99,210.78,213.95,213.95,-0.0064,2269224
PGR,"Aug 7, 2026",213.53,215.41,211.8,215.33,215.33,,1735939
PGR,"Aug 6, 2026",214.4,215.38,212.62,215.34,215.34,0.0121,1651835
PGR,"Aug 5, 2026",212.45,213.95,210.97,212.76,212.76,0.0095,1945082
PGR,"Aug 4, 2026",207.27,211.0,205.9,210.75,210.75,0.0014000000000000002,2271604
PGR,"Aug 3, 2026",212.03,214.28,209.56,210.46,210.46,-0.0045000000000000005,1994147
PGR,"Jul 31, 2026",210.5,213.82,210.29,211.42,211.42,-0.0087,2357344
PGR,"Jul 30, 2026",217.94,217.94,211.03,213.28,213.28,-0.0305,2461623
PGR,"Jul 29, 2026",218.65,223.1,217.67,219.99,219.99,0.0021,2900933
PGR,"Jul 28, 2026",218.07,222.66,215.73,219.52,219.52,0.0174,2478567
PGR,"Jul 27, 2026",212.71,216.68,212.15,215.76,215.76,0.009000000000000001,2140689
PGR,"Jul 24, 2026",210.62,214.78,209.02,213.83,213.83,0.0326,2348600
PGR,"Jul 23, 2026",205.17,207.27,203.11,207.07,207.07,0.0124,2904448
PGR,"Jul 22, 2026",205.49,206.9,203.8,204.54,204.54,-0.0066,2513921
PGR,"Jul 21, 2026",209.8,211.33,205.37,205.9,205.9,-0.0298,3252151
PGR,"Jul 20, 2026",207.0,212.26,205.56,212.23,212.23,0.0206,2530363
PGR,"Jul 17, 2026",208.99,211.99,206.94,207.95,207.95,0.0104,3797813
PGR,"Jul 16, 2026",205.5,209.19,203.08,205.8,205.8,0.0028000000000000004,5667228
PGR,"Jul 15, 2026",208.02,211.94,203.58,205.22,205.22,-0.0943,7220405
PGR,"Jul 14, 2026",229.5,231.59,225.77,226.58,226.58,-0.0337,2968459
PGR,"Jul 13, 2026",232.28,235.0,230.93,234.48,234.48,0.0163,2522668
PGR,"Jul 10, 2026",230.49,231.0,228.47,230.72,230.72,0.0052,1470552
PGR,"Jul 9, 2026",231.68,232.21,228.83,229.52,229.52,-0.014499999999999999,1898240
PGR,"Jul 8, 2026",237.31,237.58,231.86,232.9,232.9,-0.0064,2775950
PGR,"Jul 7, 2026",235.47,239.38,234.19,234.4,234.4,0.0118,3192828
PGR,"Jul 6, 2026",232.0,232.05,228.99,231.67,231.67,-0.0024,2780443
PGR,"Jul 2, 2026",225.99,232.3,222.42,232.22,232.22,0.031200000000000002,3074275
PGR,"Jul 1, 2026",220.32,226.46,219.9,225.3,225.2,0.031400000000000004,3619664
PGR,"Jun 30, 2026",219.81,221.76,218.0,218.45,218.35,-0.0064,2877417
PGR,"Jun 29, 2026",221.31,223.34,218.6,219.86,219.76,-0.02,3572005
PGR,"Jun 26, 2026",218.5,224.53,215.63,224.34,224.24,0.0408,6015837
PGR,"Jun 25, 2026",218.76,222.45,215.39,215.54,215.44,-0.0225,3885579
PGR,"Jun 24, 2026",217.6,221.44,215.52,220.5,220.4,0.0223,5384979
PGR,"Jun 23, 2026",211.52,216.43,210.19,215.69,215.59,0.0401,5353370
PGR,"Jun 22, 2026",204.76,210.28,203.43,207.38,207.29,0.0123,3752029
PGR,"Jun 18, 2026",207.95,208.14,201.83,204.87,204.78,0.0022,9986584
PGR,"Jun 17, 2026",204.08,207.49,203.18,204.42,204.33,-0.0012,3371240
PGR,"Jun 16, 2026",204.58,206.39,202.79,204.66,204.57,0.005699999999999999,2248467
PGR,"Jun 15, 2026",201.29,205.38,200.36,203.5,203.41,0.0019,2565548
PGR,"Jun 12, 2026",203.22,203.61,200.0,203.11,203.02,0.0042,1994266
PGR,"Jun 11, 2026",206.22,206.22,202.15,202.26,202.17,-0.0095,2631449
PGR,"Jun 10, 2026",203.0,205.74,200.21,204.2,204.11,0.0203,2507252
PGR,"Jun 9, 2026",200.02,202.88,198.9,200.13,200.04,-0.0006,3567079
PGR,"Jun 8, 2026",200.95,202.0,199.08,200.26,200.17,-0.0184,1932500
PGR,"Jun 5, 2026",198.28,204.51,197.0,204.02,203.93,0.044199999999999996,2746332
PGR,"Jun 4, 2026",195.25,198.63,194.24,195.38,195.29,0.009899999999999999,2927166
PGR,"Jun 3, 2026",195.79,199.18,193.0,193.46,193.37,-0.0171,3124879
PGR,"Jun 2, 2026",192.68,197.45,192.3,196.82,196.73,0.0215,2886234
PGR,"Jun 1, 2026",190.2,195.07,189.69,192.67,192.58,0.011899999999999999,4898211
PGR,"May 29, 2026",194.44,194.93,189.2,190.4,190.32,-0.021099999999999997,6597517
PGR,"May 28, 2026",196.72,199.77,194.5,194.51,194.42,-0.012199999999999999,3155274
PGR,"May 27, 2026",199.0,202.44,196.48,196.91,196.82,-0.009399999999999999,2954074
PGR,"May 26, 2026",199.05,200.19,197.2,198.78,198.69,-0.0037,2869581
PGR,"May 22, 2026",198.15,199.66,197.04,199.51,199.42,0.0027,5461087
PGR,"May 21, 2026",201.99,203.15,198.88,198.97,198.88,-0.0179,3437928
PGR,"May 20, 2026",202.08,203.84,200.41,202.6,202.51,-0.0013,2884437
PGR,"May 19, 2026",204.57,206.84,202.65,202.87,202.78,-0.0055000000000000005,2577244
PGR,"May 18, 2026",199.2,204.03,198.91,204.0,203.91,0.021400000000000002,2414306
PGR,"May 15, 2026",199.12,202.66,198.79,199.73,199.64,0.014499999999999999,3297683
PGR,"May 14, 2026",196.76,198.85,196.48,196.88,196.79,0.004699999999999999,2074565
PGR,"May 13, 2026",196.64,200.58,195.69,195.96,195.87,-0.0124,2559842
PGR,"May 12, 2026",196.79,200.39,195.74,198.42,198.33,0.0077,2492568
PGR,"May 11, 2026",195.62,196.98,194.0,196.91,196.82,0.015,2387555
PGR,"May 8, 2026",195.68,196.59,191.75,194.0,193.91,-0.0089,3308998
PGR,"May 7, 2026",195.66,197.86,194.2,195.75,195.66,-0.0053,3226019
PGR,"May 6, 2026",197.84,200.65,196.78,196.8,196.71,-0.0048,3063303
PGR,"May 5, 2026",198.63,199.8,196.25,197.74,197.65,-0.0075,2860957
PGR,"May 4, 2026",199.0,201.63,197.72,199.24,199.15,-0.0004,2296328
PGR,"May 1, 2026",202.99,203.3,199.3,199.31,199.22,-0.0098,1670206
PGR,"Apr 30, 2026",198.24,201.56,196.15,201.28,201.19,0.0031,2467687
PGR,"Apr 29, 2026",203.09,203.71,200.06,200.66,200.57,-0.011699999999999999,1886547
PGR,"Apr 28, 2026",204.37,204.76,200.93,203.03,202.94,0.0052,1879148
PGR,"Apr 27, 2026",199.37,204.42,199.37,201.98,201.89,0.0054,2090648
PGR,"Apr 24, 2026",203.75,204.98,200.27,200.89,200.8,-0.0216,1916523
PGR,"Apr 23, 2026",202.86,206.86,202.0,205.33,205.24,0.0129,2041024
PGR,"Apr 22, 2026",206.72,207.95,202.31,202.71,202.62,-0.0231,2427428
PGR,"Apr 21, 2026",204.18,208.46,203.0,207.5,207.41,0.0183,2900729
PGR,"Apr 20, 2026",202.82,206.21,201.95,203.78,203.69,0.0059,2541144
PGR,"Apr 17, 2026",203.41,206.12,202.43,202.58,202.49,-0.0044,3150512
PGR,"Apr 16, 2026",201.01,205.29,200.25,203.47,203.38,0.0111,2914118
PGR,"Apr 15, 2026",199.16,203.12,195.51,201.23,201.14,0.0236,4866104
PGR,"Apr 14, 2026",198.14,199.58,196.57,196.59,196.5,-0.0149,3276352
PGR,"Apr 13, 2026",194.0,199.8,193.84,199.57,199.48,0.027999999999999997,2844243
PGR,"Apr 10, 2026",199.68,200.26,193.06,194.13,194.04,-0.0288,3126501
PGR,"Apr 9, 2026",196.51,200.33,196.21,199.88,199.79,0.009000000000000001,2398467
PGR,"Apr 8, 2026",197.12,199.53,195.38,198.09,198.0,0.0063,1883151
PGR,"Apr 7, 2026",196.63,198.32,194.59,196.85,196.76,0.0024,2877407
PGR,"Apr 6, 2026",194.66,196.48,194.16,196.38,196.29,0.0058,1608900
PGR,"Apr 2, 2026",193.75,195.64,192.18,195.25,195.16,0.0103,2177466
PGR,"Apr 1, 2026",197.16,197.7,192.02,193.36,193.17,-0.0246,3182762
PGR,"Mar 31, 2026",201.74,201.74,196.38,198.24,198.05,-0.015600000000000001,3161702
PGR,"Mar 30, 2026",199.57,203.57,199.11,201.39,201.2,0.0128,2687622
PGR,"Mar 27, 2026",203.25,203.74,198.05,198.84,198.65,-0.02,2218806
PGR,"Mar 26, 2026",204.35,206.31,202.71,202.9,202.71,0.0003,2079791
PGR,"Mar 25, 2026",204.93,207.7,202.19,202.84,202.65,-0.0163,2932044
PGR,"Mar 24, 2026",205.24,208.1,204.51,206.21,206.01,0.0054,3521502
PGR,"Mar 23, 2026",206.09,207.67,202.81,205.1,204.9,-0.0044,3793423
PGR,"Mar 20, 2026",202.39,207.01,202.26,206.0,205.8,0.016399999999999998,7866359
PGR,"Mar 19, 2026",203.54,204.66,198.75,202.68,202.49,0.0075,3158636
PGR,"Mar 18, 2026",203.64,206.37,200.82,201.17,200.98,-0.0129,2887804
PGR,"Mar 17, 2026",206.37,208.38,203.41,203.79,203.59,-0.0045000000000000005,2831934
PGR,"Mar 16, 2026",205.37,207.67,204.41,204.71,204.51,-0.0022,2715273
PGR,"Mar 13, 2026",206.47,207.6,204.84,205.17,204.97,,2553200
PGR,"Mar 12, 2026",202.33,205.29,200.01,205.18,204.98,0.0197,3680413
PGR,"Mar 11, 2026",206.65,207.88,200.12,201.22,201.03,-0.0277,3019584
PGR,"Mar 10, 2026",207.29,209.32,205.93,206.96,206.76,0.0008,2996870
PGR,"Mar 9, 2026",209.81,210.84,205.05,206.8,206.6,-0.018000000000000002,2596017
PGR,"Mar 6, 2026",210.7,211.54,207.52,210.6,210.4,0.0001,2698939
PGR,"Mar 5, 2026",210.4,213.24,209.48,210.58,210.38,-0.0039000000000000003,3376224
PGR,"Mar 4, 2026",212.44,213.22,209.99,211.4,211.2,-0.0091,3300828
PGR,"Mar 3, 2026",211.64,214.33,209.47,213.35,213.15,-0.0003,2960116
PGR,"Mar 2, 2026",213.77,214.97,211.97,213.41,213.2,-0.0012,2594649
PGR,"Feb 27, 2026",211.38,214.37,211.03,213.66,213.45,0.0091,3364994
PGR,"Feb 26, 2026",206.6,212.15,205.05,211.73,211.53,0.0352,3088994
PGR,"Feb 25, 2026",205.75,207.27,202.89,204.54,204.34,-0.0075,3047771
PGR,"Feb 24, 2026",203.02,206.33,201.05,206.08,205.88,0.011699999999999999,2917044
PGR,"Feb 23, 2026",203.05,205.0,201.98,203.69,203.49,-0.0019,2869033
HDB,"Aug 21, 2026",23.5,23.7,23.49,23.6,23.6,0.0111,4665170
HDB,"Aug 20, 2026",23.23,23.44,23.13,23.34,23.34,0.0078000000000000005,6743741
HDB,"Aug 19, 2026",23.08,23.41,22.95,23.16,23.16,-0.0004,6585923
HDB,"Aug 18, 2026",23.0,23.22,22.96,23.17,23.17,0.0009,5073455
HDB,"Aug 17, 2026",23.24,23.31,23.04,23.15,23.15,-0.009399999999999999,5925957
HDB,"Aug 14, 2026",23.15,23.41,23.15,23.37,23.37,0.011699999999999999,5398862
HDB,"Aug 13, 2026",23.13,23.29,23.08,23.1,23.1,-0.0004,5039590
HDB,"Aug 12, 2026",23.32,23.37,23.03,23.11,23.11,-0.0077,6052411
HDB,"Aug 11, 2026",23.55,23.72,23.29,23.29,23.29,-0.0068000000000000005,5125401
HDB,"Aug 10, 2026",23.41,23.57,23.35,23.45,23.45,-0.0076,3313116
HDB,"Aug 7, 2026",23.51,23.72,23.44,23.63,23.63,0.0085,4637518
HDB,"Aug 6, 2026",23.84,23.95,23.68,23.77,23.43,-0.0034000000000000002,14363903
HDB,"Aug 5, 2026",23.89,23.92,23.67,23.85,23.51,-0.0017000000000000001,8861590
HDB,"Aug 4, 2026",23.65,23.99,23.65,23.89,23.55,-0.0087,5476955
HDB,"Aug 3, 2026",24.16,24.38,23.92,24.1,23.76,0.0070999999999999995,4697871
HDB,"Jul 31, 2026",23.93,24.04,23.8,23.93,23.59,-0.0087,7161544
HDB,"Jul 30, 2026",24.34,24.4,24.0,24.14,23.79,0.0046,5396851
HDB,"Jul 29, 2026",23.5,24.06,23.5,24.03,23.69,0.0191,11634511
HDB,"Jul 28, 2026",23.3,23.97,23.27,23.58,23.24,0.0155,12721407
HDB,"Jul 27, 2026",23.28,23.38,23.11,23.22,22.89,-0.0004,13591946
HDB,"Jul 24, 2026",23.43,23.65,23.23,23.23,22.9,0.0043,14143252
HDB,"Jul 23, 2026",22.91,23.19,22.66,23.13,22.8,-0.0022,8953879
HDB,"Jul 22, 2026",23.6,23.77,23.07,23.18,22.85,-0.0232,9982243
HDB,"Jul 21, 2026",23.55,23.94,23.55,23.73,23.39,0.0055000000000000005,11441813
HDB,"Jul 20, 2026",24.76,24.91,23.29,23.6,23.26,-0.1054,26361727
HDB,"Jul 17, 2026",26.48,26.7,26.19,26.38,26.0,0.0027,5158442
HDB,"Jul 16, 2026",26.12,26.47,26.0,26.31,25.93,0.0046,7701398
HDB,"Jul 15, 2026",26.07,26.42,26.04,26.19,25.82,0.0085,6030412
HDB,"Jul 14, 2026",26.15,26.18,25.91,25.97,25.6,-0.0167,5327517
HDB,"Jul 13, 2026",26.65,26.75,26.32,26.41,26.03,-0.0038,8003185
HDB,"Jul 10, 2026",26.78,26.88,26.47,26.51,26.13,-0.0004,4656602
HDB,"Jul 9, 2026",26.48,26.59,26.35,26.52,26.14,0.0141,6800096
HDB,"Jul 8, 2026",26.52,26.65,26.15,26.15,25.78,-0.0361,7138132
HDB,"Jul 7, 2026",27.39,27.5,27.1,27.13,26.74,-0.009899999999999999,10943963
HDB,"Jul 6, 2026",26.6,27.49,26.6,27.4,27.01,0.0633,12843189
HDB,"Jul 2, 2026",25.78,25.87,25.43,25.77,25.4,0.0086,5609947
HDB,"Jul 1, 2026",25.43,25.99,25.33,25.55,25.18,-0.0108,9697394
HDB,"Jun 30, 2026",25.69,25.96,25.56,25.83,25.46,-0.0031,7546697
HDB,"Jun 29, 2026",25.73,25.91,25.53,25.91,25.54,0.0066,7562770
HDB,"Jun 26, 2026",25.42,25.9,25.39,25.74,25.37,0.0146,6116584
HDB,"Jun 25, 2026",25.5,25.8,25.34,25.37,25.01,-0.0074,7878145
HDB,"Jun 24, 2026",25.4,25.72,25.23,25.56,25.19,0.0216,5788432
HDB,"Jun 23, 2026",24.62,25.05,24.5,25.02,24.66,-0.0028000000000000004,6219310
HDB,"Jun 22, 2026",25.1,25.31,24.8,25.09,24.73,0.0012,10807684
HDB,"Jun 18, 2026",25.26,25.4,24.83,25.06,24.7,0.0121,8683659
HDB,"Jun 17, 2026",25.32,25.49,24.69,24.76,24.41,-0.0202,6302510
HDB,"Jun 16, 2026",24.95,25.35,24.88,25.27,24.91,0.021400000000000002,8632713
HDB,"Jun 15, 2026",24.52,25.18,24.52,24.74,24.39,0.0236,10040740
HDB,"Jun 12, 2026",24.38,24.64,24.03,24.17,23.82,0.0151,7574280
HDB,"Jun 11, 2026",23.29,23.82,23.23,23.81,23.47,0.0263,15318055
HDB,"Jun 10, 2026",23.51,23.7,23.19,23.2,22.87,-0.0039000000000000003,13223841
HDB,"Jun 9, 2026",23.31,23.42,23.2,23.29,22.96,0.012199999999999999,20862231
HDB,"Jun 8, 2026",23.29,23.41,22.91,23.01,22.68,-0.0171,12181898
HDB,"Jun 5, 2026",23.85,23.86,23.34,23.41,23.08,-0.0258,9124860
HDB,"Jun 4, 2026",23.86,24.36,23.86,24.03,23.69,0.0204,9322434
HDB,"Jun 3, 2026",23.6,23.95,23.5,23.55,23.21,0.0004,8281420
HDB,"Jun 2, 2026",23.66,23.81,23.44,23.54,23.2,-0.0025,7663399
HDB,"Jun 1, 2026",23.5,23.7,23.42,23.6,23.26,-0.0076,6999064
HDB,"May 29, 2026",23.78,24.05,23.71,23.78,23.44,0.0051,9220569
HDB,"May 28, 2026",23.64,23.78,23.31,23.66,23.32,-0.005,9584902
HDB,"May 27, 2026",24.32,24.54,23.66,23.78,23.44,-0.041100000000000005,10388785
HDB,"May 26, 2026",25.08,25.3,24.75,24.8,24.45,0.0024,7250441
HDB,"May 22, 2026",24.9,25.08,24.59,24.74,24.39,0.0049,7095833
HDB,"May 21, 2026",24.47,24.72,24.08,24.62,24.27,-0.0004,11836593
HDB,"May 20, 2026",24.26,24.69,24.15,24.63,24.28,0.015300000000000001,15002323
HDB,"May 19, 2026",24.2,24.34,23.94,24.26,23.91,-0.015,13512072
HDB,"May 18, 2026",24.47,24.89,24.45,24.63,24.28,0.0074,7379975
HDB,"May 15, 2026",24.61,24.65,24.31,24.45,24.1,-0.015700000000000002,8695060
HDB,"May 14, 2026",24.35,25.01,24.35,24.84,24.48,0.04019999999999999,6137449
HDB,"May 13, 2026",23.79,24.11,23.75,23.88,23.54,-0.0067,11568316
HDB,"May 12, 2026",23.95,24.18,23.82,24.04,23.7,-0.0066,8419528
HDB,"May 11, 2026",24.74,24.8,24.17,24.2,23.85,-0.032799999999999996,7490820
HDB,"May 8, 2026",25.45,25.52,24.94,25.02,24.66,-0.0253,6231539
HDB,"May 7, 2026",25.77,25.94,25.65,25.67,25.3,0.0016,6424069
HDB,"May 6, 2026",25.96,25.98,25.47,25.63,25.26,0.0322,10215357
HDB,"May 5, 2026",24.97,25.03,24.82,24.83,24.48,-0.0008,4403965
HDB,"May 4, 2026",25.16,25.28,24.84,24.85,24.49,-0.0131,7549623
HDB,"May 1, 2026",25.55,25.55,25.15,25.18,24.82,-0.0091,2623415
HDB,"Apr 30, 2026",25.21,25.45,25.11,25.41,25.05,0.0059,7640044
HDB,"Apr 29, 2026",25.27,25.47,25.19,25.26,24.9,-0.0036,5528561
HDB,"Apr 28, 2026",25.61,25.66,25.34,25.35,24.99,-0.013999999999999999,5629193
HDB,"Apr 27, 2026",25.77,26.0,25.71,25.71,25.34,0.0023,5958713
HDB,"Apr 24, 2026",25.61,25.72,25.47,25.65,25.28,0.0055000000000000005,5490710
HDB,"Apr 23, 2026",25.75,25.76,25.38,25.51,25.15,-0.0226,9376636
HDB,"Apr 22, 2026",26.25,26.38,26.01,26.1,25.73,-0.0132,8222487
HDB,"Apr 21, 2026",27.1,27.12,26.45,26.45,26.07,-0.0049,8475256
HDB,"Apr 20, 2026",26.72,26.8,26.25,26.58,26.2,-0.0338,12583456
HDB,"Apr 17, 2026",27.31,28.0,27.25,27.51,27.12,0.0409,9091277
HDB,"Apr 16, 2026",26.69,26.79,26.41,26.43,26.05,-0.0262,6177617
HDB,"Apr 15, 2026",26.98,27.37,26.9,27.14,26.75,0.0131,6319320
HDB,"Apr 14, 2026",26.93,27.04,26.67,26.79,26.41,-0.0004,7681021
HDB,"Apr 13, 2026",26.5,26.83,26.08,26.8,26.42,0.0026,8830685
HDB,"Apr 10, 2026",26.88,27.16,26.72,26.73,26.35,-0.0019,5137284
HDB,"Apr 9, 2026",26.65,26.99,26.43,26.78,26.4,-0.012199999999999999,8187182
HDB,"Apr 8, 2026",27.33,27.58,26.98,27.11,26.72,0.06269999999999999,12967448
HDB,"Apr 7, 2026",25.65,25.78,25.32,25.51,25.15,-0.0062,11087486
HDB,"Apr 6, 2026",25.28,25.67,25.04,25.67,25.3,0.0338,6946330
HDB,"Apr 2, 2026",24.55,25.24,24.55,24.83,24.48,-0.0028000000000000004,6940269
HDB,"Apr 1, 2026",24.93,25.21,24.63,24.9,24.54,0.0008,13792756
HDB,"Mar 31, 2026",24.35,24.89,24.16,24.88,24.52,0.032400000000000005,13964412
HDB,"Mar 30, 2026",24.11,24.42,23.91,24.1,23.76,-0.0103,15006595
HDB,"Mar 27, 2026",25.0,25.04,24.3,24.35,24.0,-0.030299999999999997,16419846
HDB,"Mar 26, 2026",25.6,25.71,25.1,25.11,24.75,-0.0271,10598821
HDB,"Mar 25, 2026",26.0,26.38,25.75,25.81,25.44,0.0275,20723415
HDB,"Mar 24, 2026",25.23,25.53,25.08,25.12,24.76,-0.011000000000000001,13980404
HDB,"Mar 23, 2026",25.16,25.69,24.74,25.4,25.04,0.0004,19046686
HDB,"Mar 20, 2026",26.11,26.14,25.39,25.39,25.03,-0.0287,14991502
HDB,"Mar 19, 2026",25.9,27.0,25.48,26.14,25.77,-0.018000000000000002,32970355
HDB,"Mar 18, 2026",28.46,28.69,26.42,26.62,26.24,-0.0728,18213000
HDB,"Mar 17, 2026",29.06,29.13,28.65,28.71,28.3,-0.0097,6511075
HDB,"Mar 16, 2026",28.84,29.29,28.84,28.99,28.58,0.0269,7707381
HDB,"Mar 13, 2026",28.35,28.51,28.19,28.23,27.83,-0.005600000000000001,8735994
HDB,"Mar 12, 2026",28.46,28.6,28.05,28.39,27.98,-0.0039000000000000003,12057912
HDB,"Mar 11, 2026",29.04,29.13,28.32,28.5,28.09,-0.0332,11629868
HDB,"Mar 10, 2026",29.72,29.98,29.45,29.48,29.06,-0.008100000000000001,5913401
HDB,"Mar 9, 2026",28.93,29.82,28.65,29.72,29.3,0.0085,8140897
HDB,"Mar 6, 2026",30.01,30.01,29.43,29.47,29.05,-0.030299999999999997,10790530
HDB,"Mar 5, 2026",30.64,30.85,30.24,30.39,29.96,-0.013000000000000001,10444843
HDB,"Mar 4, 2026",30.84,30.99,30.66,30.79,30.35,-0.0019,6116236
HDB,"Mar 3, 2026",30.51,30.98,30.45,30.85,30.41,-0.0225,9262957
HDB,"Mar 2, 2026",31.27,31.82,31.04,31.56,31.11,-0.0091,6003121
HDB,"Feb 27, 2026",31.78,31.87,31.53,31.85,31.39,-0.004699999999999999,5256281
HDB,"Feb 26, 2026",32.15,32.23,31.92,32.0,31.54,-0.004699999999999999,4207786
HDB,"Feb 25, 2026",32.19,32.55,32.02,32.15,31.69,-0.0025,5677980
HDB,"Feb 24, 2026",32.4,32.42,31.56,32.23,31.77,-0.0141,8442876
HDB,"Feb 23, 2026",33.22,33.41,32.67,32.69,32.22,-0.0121,4795630
CM,"Aug 21, 2026",116.74,117.98,116.14,116.49,116.49,0.0069,664533
CM,"Aug 20, 2026",117.7,118.12,115.24,115.69,115.69,-0.0182,1001956
CM,"Aug 19, 2026",122.25,122.9,117.73,117.84,117.84,-0.031200000000000002,1775030
CM,"Aug 18, 2026",123.83,123.86,120.72,121.64,121.64,-0.0147,580379
CM,"Aug 17, 2026",123.74,124.86,123.36,123.45,123.45,-0.0023,398555
CM,"Aug 14, 2026",122.69,123.76,122.69,123.74,123.74,0.0109,525085
CM,"Aug 13, 2026",121.77,122.52,121.18,122.4,122.4,0.0124,564741
CM,"Aug 12, 2026",119.84,121.22,119.39,120.9,120.9,0.0163,518799
CM,"Aug 11, 2026",119.72,120.63,118.8,118.96,118.96,-0.0028000000000000004,472622
CM,"Aug 10, 2026",118.79,120.19,118.53,119.29,119.29,0.005,508563
CM,"Aug 7, 2026",119.49,119.5,117.56,118.7,118.7,0.0022,654950
CM,"Aug 6, 2026",119.51,119.96,118.03,118.44,118.44,-0.002,606877
CM,"Aug 5, 2026",117.89,119.58,117.15,118.68,118.68,0.0062,705662
CM,"Aug 4, 2026",118.86,120.2,117.81,117.95,117.95,-0.0111,892933
CM,"Aug 3, 2026",118.88,119.49,118.28,119.27,119.27,0.0060999999999999995,256029
CM,"Jul 31, 2026",117.96,119.35,117.87,118.55,118.55,0.0024,456371
CM,"Jul 30, 2026",117.83,119.16,117.47,118.27,118.27,0.0176,615326
CM,"Jul 29, 2026",119.3,119.39,115.9,116.23,116.23,-0.03,1272060
CM,"Jul 28, 2026",117.94,120.07,116.66,119.82,119.82,0.013300000000000001,894847
CM,"Jul 27, 2026",119.0,119.12,117.31,118.25,118.25,0.0069,703431
CM,"Jul 24, 2026",117.13,117.85,116.27,117.44,117.44,0.0078000000000000005,644114
CM,"Jul 23, 2026",116.66,117.3,115.75,116.53,116.53,-0.0103,825688
CM,"Jul 22, 2026",117.66,118.69,116.89,117.74,117.74,0.0032,810077
CM,"Jul 21, 2026",118.23,118.23,116.99,117.37,117.37,-0.0037,894239
CM,"Jul 20, 2026",121.18,121.64,117.54,117.8,117.8,-0.028399999999999998,1378857
CM,"Jul 17, 2026",119.64,122.5,119.43,121.24,121.24,0.0040999999999999995,1021317
CM,"Jul 16, 2026",120.88,121.19,119.55,120.74,120.74,-0.0002,1065830
CM,"Jul 15, 2026",119.35,120.82,118.73,120.76,120.76,0.018500000000000003,1748646
CM,"Jul 14, 2026",118.12,119.66,118.1,118.57,118.57,0.0102,630304
CM,"Jul 13, 2026",118.37,118.66,116.93,117.37,117.37,-0.0034999999999999996,857012
CM,"Jul 10, 2026",115.37,118.08,115.37,117.78,117.78,0.021099999999999997,1074480
CM,"Jul 9, 2026",114.74,115.95,114.42,115.35,115.35,0.0121,917831
CM,"Jul 8, 2026",115.84,115.84,112.8,113.97,113.97,-0.0167,1063196
CM,"Jul 7, 2026",116.23,116.31,114.84,115.91,115.91,0.0048,928186
CM,"Jul 6, 2026",114.38,115.47,114.19,115.36,115.36,0.0128,945510
CM,"Jul 2, 2026",116.51,116.71,113.22,113.9,113.9,-0.0187,1336584
CM,"Jul 1, 2026",114.79,116.81,114.04,116.07,116.07,0.009300000000000001,670242
CM,"Jun 30, 2026",113.85,115.11,113.38,115.0,115.0,0.0126,892235
CM,"Jun 29, 2026",113.27,113.86,112.46,113.57,113.57,0.005,1841406
CM,"Jun 26, 2026",114.41,114.75,113.08,113.76,113.01,-0.0053,7258674
CM,"Jun 25, 2026",114.59,114.83,113.98,114.37,113.61,0.005,1772016
CM,"Jun 24, 2026",114.99,114.99,113.19,113.8,113.05,-0.0091,2231656
CM,"Jun 23, 2026",111.85,114.98,111.85,114.84,114.08,0.0074,1780668
CM,"Jun 22, 2026",112.55,114.24,112.55,114.0,113.24,0.0207,1486436
CM,"Jun 18, 2026",113.77,114.22,110.9,111.69,110.95,-0.0105,2254476
CM,"Jun 17, 2026",114.3,114.58,112.28,112.87,112.12,-0.0115,2555485
CM,"Jun 16, 2026",114.57,114.84,113.58,114.18,113.42,0.0045000000000000005,905163
CM,"Jun 15, 2026",114.87,115.2,112.93,113.67,112.92,0.0019,693098
CM,"Jun 12, 2026",112.37,114.06,112.07,113.46,112.71,0.014499999999999999,1059742
CM,"Jun 11, 2026",110.97,112.19,109.94,111.84,111.1,0.0154,2692858
CM,"Jun 10, 2026",111.08,111.97,110.09,110.14,109.41,-0.0055000000000000005,934829
CM,"Jun 9, 2026",110.57,111.18,109.63,110.75,110.02,0.011200000000000002,813768
CM,"Jun 8, 2026",109.33,110.43,109.12,109.52,108.79,0.0062,470065
CM,"Jun 5, 2026",108.59,109.4,108.43,108.84,108.12,-0.0025,1059843
CM,"Jun 4, 2026",108.19,109.56,107.81,109.11,108.39,0.0158,1065179
CM,"Jun 3, 2026",108.34,108.86,107.29,107.41,106.7,-0.0108,1019108
CM,"Jun 2, 2026",105.93,108.65,105.9,108.58,107.86,0.0245,1502827
CM,"Jun 1, 2026",106.47,107.4,105.86,105.98,105.28,-0.0254,1452554
CM,"May 29, 2026",109.51,110.01,106.49,108.74,108.02,-0.0069,2225880
CM,"May 28, 2026",115.8,115.8,109.05,109.5,108.77,-0.051399999999999994,2280261
CM,"May 27, 2026",117.05,117.05,114.98,115.43,114.66,-0.003,1023624
CM,"May 26, 2026",116.65,116.89,114.99,115.78,115.01,0.0025,861250
CM,"May 22, 2026",115.59,116.12,115.21,115.49,114.72,0.0055000000000000005,593963
CM,"May 21, 2026",113.79,115.61,113.57,114.86,114.1,0.0044,672599
CM,"May 20, 2026",112.96,114.73,112.66,114.36,113.6,0.019,817656
CM,"May 19, 2026",111.74,112.69,111.29,112.23,111.49,0.0014000000000000002,801138
CM,"May 18, 2026",111.74,112.34,111.38,112.07,111.33,0.0069,349682
CM,"May 15, 2026",110.99,111.68,110.62,111.3,110.56,-0.0062,834465
CM,"May 14, 2026",110.5,112.03,110.44,111.99,111.25,0.0174,563686
CM,"May 13, 2026",111.41,112.21,109.7,110.07,109.34,-0.0129,673646
CM,"May 12, 2026",110.32,111.62,110.21,111.51,110.77,0.0052,1210050
CM,"May 11, 2026",109.75,110.95,109.52,110.93,110.19,0.0084,710225
CM,"May 8, 2026",111.16,111.49,109.44,110.01,109.28,-0.0045000000000000005,919203
CM,"May 7, 2026",112.38,112.79,110.02,110.51,109.78,-0.0152,861349
CM,"May 6, 2026",111.4,113.21,111.4,112.22,111.48,0.0192,1106664
CM,"May 5, 2026",110.26,111.07,110.01,110.11,109.38,0.0015,853324
CM,"May 4, 2026",111.55,111.79,109.87,109.94,109.21,-0.0197,1439640
CM,"May 1, 2026",110.39,113.28,110.34,112.15,111.41,0.0064,1315580
CM,"Apr 30, 2026",108.25,111.93,108.25,111.44,110.7,0.0345,1453332
CM,"Apr 29, 2026",109.25,109.68,107.35,107.72,107.01,-0.0169,1219222
CM,"Apr 28, 2026",110.43,110.64,109.29,109.57,108.84,-0.0072,1865635
CM,"Apr 27, 2026",109.64,110.91,109.56,110.36,109.63,0.0077,1980769
CM,"Apr 24, 2026",108.43,109.83,108.09,109.52,108.79,0.0089,843961
CM,"Apr 23, 2026",108.04,109.09,107.19,108.55,107.83,-0.0005,1829571
CM,"Apr 22, 2026",109.15,109.59,108.51,108.6,107.88,0.0006,1027693
CM,"Apr 21, 2026",110.07,110.65,108.49,108.54,107.82,-0.0132,1831781
CM,"Apr 20, 2026",109.17,110.39,109.17,109.99,109.26,0.0067,3349174
CM,"Apr 17, 2026",108.24,110.27,108.11,109.26,108.54,0.0165,2458522
CM,"Apr 16, 2026",107.2,107.7,106.9,107.49,106.78,0.0019,1054951
CM,"Apr 15, 2026",106.24,107.52,106.24,107.29,106.58,0.0108,787370
CM,"Apr 14, 2026",104.76,106.19,104.75,106.14,105.44,0.0131,1049112
CM,"Apr 13, 2026",102.89,104.77,102.32,104.77,104.08,0.015600000000000001,899288
CM,"Apr 10, 2026",103.12,103.8,102.68,103.16,102.48,0.0066,683280
CM,"Apr 9, 2026",100.36,102.65,100.36,102.48,101.8,0.015,985232
CM,"Apr 8, 2026",101.12,101.42,100.07,100.97,100.3,0.0277,1058695
CM,"Apr 7, 2026",96.59,98.3,96.59,98.25,97.6,0.0111,1925261
CM,"Apr 6, 2026",96.23,97.19,96.02,97.17,96.53,0.0097,1905724
CM,"Apr 2, 2026",94.3,96.43,94.3,96.24,95.6,0.0001,984275
CM,"Apr 1, 2026",95.76,96.72,95.52,96.23,95.59,0.015600000000000001,2837188
CM,"Mar 31, 2026",93.11,94.81,92.3,94.75,94.12,0.0321,2449482
CM,"Mar 30, 2026",92.89,93.54,91.26,91.8,91.19,-0.0103,1643047
CM,"Mar 27, 2026",93.23,93.23,92.34,92.76,92.15,-0.0084,2154613
CM,"Mar 26, 2026",96.5,97.31,94.26,94.32,92.93,-0.0315,6493853
CM,"Mar 25, 2026",98.06,98.06,97.02,97.39,95.95,0.0076,1089585
CM,"Mar 24, 2026",95.75,97.35,95.01,96.66,95.23,0.0002,1313445
CM,"Mar 23, 2026",95.98,97.26,95.62,96.64,95.21,0.025,1693120
CM,"Mar 20, 2026",95.32,95.87,93.78,94.28,92.89,-0.0131,1507745
CM,"Mar 19, 2026",95.45,96.1,94.87,95.53,94.12,-0.0095,1321928
CM,"Mar 18, 2026",97.7,98.25,96.35,96.45,95.03,-0.0131,1376276
CM,"Mar 17, 2026",98.34,98.55,97.61,97.73,96.29,0.0021,1083780
CM,"Mar 16, 2026",96.25,97.64,95.83,97.53,96.09,0.0235,1257820
CM,"Mar 13, 2026",96.95,97.69,95.14,95.29,93.88,-0.0165,1086343
CM,"Mar 12, 2026",98.19,98.68,96.55,96.89,95.46,-0.022000000000000002,1247970
CM,"Mar 11, 2026",99.19,99.98,98.63,99.07,97.61,-0.0031,1196354
CM,"Mar 10, 2026",98.59,100.21,98.1,99.38,97.91,0.015300000000000001,1533238
CM,"Mar 9, 2026",98.01,98.31,96.69,97.88,96.43,-0.0163,1833258
CM,"Mar 6, 2026",99.4,99.89,98.51,99.5,98.03,-0.008100000000000001,1302174
CM,"Mar 5, 2026",99.86,101.06,99.42,100.31,98.83,-0.0086,1671805
CM,"Mar 4, 2026",100.34,101.99,100.34,101.18,99.69,0.0074,870684
CM,"Mar 3, 2026",99.7,100.87,98.27,100.44,98.96,-0.0096,1156542
CM,"Mar 2, 2026",99.75,101.91,98.91,101.41,99.91,0.0045000000000000005,910596
CM,"Feb 27, 2026",103.63,104.22,100.64,100.96,99.47,-0.0269,1266287
CM,"Feb 26, 2026",103.5,105.0,102.58,103.75,102.22,0.0296,1245995
CM,"Feb 25, 2026",98.33,101.01,98.08,100.77,99.28,0.0269,1229596
CM,"Feb 24, 2026",98.54,98.85,97.74,98.13,96.68,-0.0103,860678
CM,"Feb 23, 2026",99.62,100.39,98.19,99.15,97.69,-0.004,2652041
BNS,"Aug 21, 2026",87.5,88.24,87.04,87.57,87.57,0.0131,939397
BNS,"Aug 20, 2026",87.74,87.75,86.06,86.44,86.44,-0.0143,1331124
BNS,"Aug 19, 2026",90.63,90.99,87.68,87.69,87.69,-0.0271,1928349
BNS,"Aug 18, 2026",91.26,91.32,89.5,90.13,90.13,-0.0134,1125172
BNS,"Aug 17, 2026",91.58,92.04,91.29,91.35,91.35,-0.0021,965310
BNS,"Aug 14, 2026",90.81,91.55,90.78,91.54,91.54,0.0098,1013420
BNS,"Aug 13, 2026",90.5,90.89,89.96,90.65,90.65,0.0034999999999999996,841123
BNS,"Aug 12, 2026",89.5,90.4,89.12,90.33,90.33,0.0165,2373536
BNS,"Aug 11, 2026",88.7,89.45,88.68,88.86,88.86,0.0034000000000000002,1679533
BNS,"Aug 10, 2026",88.67,89.39,88.51,88.56,88.56,-0.0033,1028389
BNS,"Aug 7, 2026",88.74,88.97,88.09,88.85,88.85,0.006,1097854
BNS,"Aug 6, 2026",88.87,89.31,88.05,88.32,88.32,-0.0026,1118080
BNS,"Aug 5, 2026",87.43,88.83,87.31,88.55,88.55,0.0163,2723497
BNS,"Aug 4, 2026",88.34,88.34,87.04,87.13,87.13,-0.013300000000000001,4183963
BNS,"Aug 3, 2026",88.06,88.57,87.56,88.3,88.3,0.006,966181
BNS,"Jul 31, 2026",87.94,88.34,87.54,87.77,87.77,-0.0008,1122524
BNS,"Jul 30, 2026",86.95,87.96,86.83,87.84,87.84,0.0209,1673912
BNS,"Jul 29, 2026",88.26,88.26,85.95,86.04,86.04,-0.026000000000000002,1634678
BNS,"Jul 28, 2026",86.69,88.52,86.22,88.34,88.34,0.0168,1514476
BNS,"Jul 27, 2026",87.17,87.76,86.36,86.88,86.88,-0.0014000000000000002,1349751
BNS,"Jul 24, 2026",86.87,87.32,86.63,87.0,87.0,0.0045000000000000005,1075021
BNS,"Jul 23, 2026",86.83,86.89,85.79,86.61,86.61,-0.011000000000000001,3885231
BNS,"Jul 22, 2026",88.24,88.28,87.12,87.57,87.57,0.0023,2262576
BNS,"Jul 21, 2026",87.54,87.71,86.69,87.37,87.37,0.0036,1652690
BNS,"Jul 20, 2026",89.33,89.7,86.8,87.06,87.06,-0.0265,2652524
BNS,"Jul 17, 2026",88.99,90.33,88.55,89.43,89.43,-0.0023,1929007
BNS,"Jul 16, 2026",90.15,90.47,88.94,89.64,89.64,-0.0072,2128803
BNS,"Jul 15, 2026",89.45,90.35,89.12,90.29,90.29,0.0146,2663441
BNS,"Jul 14, 2026",88.49,89.72,88.45,88.99,88.99,0.011200000000000002,1300781
BNS,"Jul 13, 2026",87.6,88.17,87.39,88.0,88.0,0.004699999999999999,1168486
BNS,"Jul 10, 2026",86.25,87.8,86.06,87.59,87.59,0.0178,1139679
BNS,"Jul 9, 2026",85.58,86.09,85.25,86.06,86.06,0.013500000000000002,1397503
BNS,"Jul 8, 2026",85.86,86.33,84.22,84.91,84.91,-0.015,1573881
BNS,"Jul 7, 2026",86.09,86.3,85.19,86.2,86.2,-0.001,5836326
BNS,"Jul 6, 2026",86.02,87.09,86.0,87.09,86.29,0.019799999999999998,10191285
BNS,"Jul 2, 2026",87.79,87.79,85.01,85.4,84.61,-0.0223,3670556
BNS,"Jul 1, 2026",86.54,87.78,86.16,87.35,86.55,0.0059,608851
BNS,"Jun 30, 2026",86.54,87.06,86.13,86.84,86.04,0.0028000000000000004,2523950
BNS,"Jun 29, 2026",86.76,86.8,85.95,86.6,85.8,0.0051,2663903
BNS,"Jun 26, 2026",86.39,86.64,85.6,86.16,85.37,-0.0034999999999999996,2242517
BNS,"Jun 25, 2026",85.65,86.81,85.63,86.46,85.66,0.013600000000000001,3965614
BNS,"Jun 24, 2026",86.58,86.61,84.76,85.3,84.51,-0.0126,5664692
BNS,"Jun 23, 2026",86.09,86.98,85.76,86.39,85.59,-0.0059,2829188
BNS,"Jun 22, 2026",87.38,87.98,86.83,86.9,86.1,-0.0015,4169486
BNS,"Jun 18, 2026",87.1,87.8,86.53,87.03,86.23,0.0076,3223645
BNS,"Jun 17, 2026",85.67,87.08,85.54,86.37,85.57,0.0097,2313031
BNS,"Jun 16, 2026",85.0,85.69,84.7,85.54,84.75,0.0109,2100203
BNS,"Jun 15, 2026",84.87,85.07,84.05,84.62,83.84,0.0075,3253478
BNS,"Jun 12, 2026",83.0,84.12,82.87,83.99,83.22,0.015700000000000002,1535544
BNS,"Jun 11, 2026",81.92,82.86,81.3,82.69,81.93,0.0139,4395126
BNS,"Jun 10, 2026",81.7,82.17,81.53,81.56,80.81,-0.0017000000000000001,1905317
BNS,"Jun 9, 2026",81.5,82.09,80.76,81.7,80.95,0.0095,2164738
BNS,"Jun 8, 2026",81.0,81.56,80.61,80.93,80.18,0.0046,1803085
BNS,"Jun 5, 2026",81.16,81.44,80.47,80.56,79.82,-0.0102,1522627
BNS,"Jun 4, 2026",80.69,81.56,80.51,81.39,80.64,0.0141,1658956
BNS,"Jun 3, 2026",80.27,80.91,80.02,80.26,79.52,-0.004699999999999999,2249972
BNS,"Jun 2, 2026",78.45,80.8,78.45,80.64,79.9,0.0258,1898144
BNS,"Jun 1, 2026",79.57,80.06,78.5,78.61,77.89,-0.018000000000000002,3899164
BNS,"May 29, 2026",79.79,80.24,78.68,80.05,79.31,0.0033,2048349
BNS,"May 28, 2026",80.42,80.43,78.74,79.79,79.06,-0.011000000000000001,3549250
BNS,"May 27, 2026",80.25,82.22,79.9,80.68,79.94,0.0034999999999999996,4875872
BNS,"May 26, 2026",80.38,80.66,79.76,80.4,79.66,0.0078000000000000005,2622437
BNS,"May 22, 2026",79.73,80.02,79.46,79.78,79.05,0.0044,1262658
BNS,"May 21, 2026",78.52,79.88,78.31,79.43,78.7,0.0060999999999999995,3081203
BNS,"May 20, 2026",77.6,79.08,77.4,78.95,78.22,0.0217,2377677
BNS,"May 19, 2026",77.08,77.5,76.63,77.27,76.56,0.0001,2161244
BNS,"May 18, 2026",77.2,77.5,76.76,77.26,76.55,0.0023,999411
BNS,"May 15, 2026",76.61,77.13,76.42,77.08,76.37,-0.0032,1488989
BNS,"May 14, 2026",76.91,77.4,76.53,77.33,76.62,0.0115,3257160
BNS,"May 13, 2026",77.18,77.61,76.25,76.45,75.75,-0.011000000000000001,2595071
BNS,"May 12, 2026",76.77,77.33,76.35,77.3,76.59,0.0034000000000000002,1067237
BNS,"May 11, 2026",77.46,77.81,76.87,77.04,76.33,-0.0063,2274895
BNS,"May 8, 2026",78.42,78.42,77.32,77.53,76.82,-0.0072,1272043
BNS,"May 7, 2026",78.47,79.0,77.9,78.09,77.37,-0.0046,1039490
BNS,"May 6, 2026",77.43,78.66,77.36,78.45,77.73,0.0232,1678580
BNS,"May 5, 2026",76.76,77.09,76.59,76.67,75.96,0.0013,1269121
BNS,"May 4, 2026",77.31,77.69,76.43,76.57,75.87,-0.0183,1230577
BNS,"May 1, 2026",77.86,78.55,77.59,78.0,77.28,0.0026,1242065
BNS,"Apr 30, 2026",75.82,77.9,75.82,77.8,77.08,0.028399999999999998,1777927
BNS,"Apr 29, 2026",76.35,76.77,75.64,75.65,74.95,-0.0138,1996136
BNS,"Apr 28, 2026",76.75,76.97,76.23,76.71,76.0,0.0042,3271063
BNS,"Apr 27, 2026",75.78,76.69,75.73,76.39,75.69,0.009000000000000001,1257785
BNS,"Apr 24, 2026",74.78,75.99,74.69,75.71,75.01,0.01,2095129
BNS,"Apr 23, 2026",75.0,75.51,74.37,74.96,74.27,-0.0024,1725679
BNS,"Apr 22, 2026",76.0,76.28,74.99,75.14,74.45,-0.0096,3051189
BNS,"Apr 21, 2026",76.9,77.2,75.85,75.87,75.17,-0.011899999999999999,2358485
BNS,"Apr 20, 2026",76.45,77.12,76.35,76.78,76.07,0.0029,3016967
BNS,"Apr 17, 2026",75.5,76.99,75.5,76.56,75.86,0.0208,4414879
BNS,"Apr 16, 2026",75.24,75.42,74.67,75.0,74.31,-0.0048,1412917
BNS,"Apr 15, 2026",74.45,75.39,74.45,75.36,74.67,0.0118,2952439
BNS,"Apr 14, 2026",73.81,74.54,73.81,74.48,73.79,0.0103,1776479
BNS,"Apr 13, 2026",72.74,73.76,72.12,73.72,73.04,0.0111,2747082
BNS,"Apr 10, 2026",72.32,73.07,72.32,72.91,72.24,0.0101,1576095
BNS,"Apr 9, 2026",70.89,72.2,70.89,72.18,71.52,0.0118,3031762
BNS,"Apr 8, 2026",71.25,71.69,70.68,71.34,70.68,0.0206,5265419
BNS,"Apr 7, 2026",69.33,70.0,69.01,69.9,69.26,0.006,8246053
BNS,"Apr 6, 2026",70.3,70.66,70.06,70.27,68.84,0.0021,9542911
BNS,"Apr 2, 2026",69.44,70.4,69.03,70.12,68.69,-0.001,1563918
BNS,"Apr 1, 2026",70.23,70.46,69.73,70.19,68.76,0.0127,3887014
BNS,"Mar 31, 2026",68.33,69.33,67.86,69.31,67.9,0.0285,2203040
BNS,"Mar 30, 2026",67.91,68.18,67.05,67.39,66.02,-0.004699999999999999,2238957
BNS,"Mar 27, 2026",68.22,68.4,67.56,67.71,66.33,-0.0125,1964969
BNS,"Mar 26, 2026",69.5,70.13,68.51,68.57,67.17,-0.0197,3461899
BNS,"Mar 25, 2026",70.19,70.45,69.68,69.95,68.53,0.008100000000000001,2033871
BNS,"Mar 24, 2026",68.52,69.58,68.17,69.39,67.98,0.0019,1676872
BNS,"Mar 23, 2026",68.97,69.55,68.67,69.26,67.85,0.016399999999999998,3182679
BNS,"Mar 20, 2026",68.84,69.12,67.69,68.14,66.75,-0.0087,2352141
BNS,"Mar 19, 2026",69.29,69.29,68.28,68.74,67.34,-0.015,2080335
BNS,"Mar 18, 2026",70.0,70.67,69.73,69.79,68.37,-0.0068000000000000005,2471639
BNS,"Mar 17, 2026",70.32,70.63,70.14,70.27,68.84,0.0036,1023069
BNS,"Mar 16, 2026",69.4,70.16,69.38,70.02,68.6,0.018500000000000003,1469123
BNS,"Mar 13, 2026",70.07,70.3,68.66,68.75,67.35,-0.0165,2299679
BNS,"Mar 12, 2026",70.59,70.68,69.79,69.9,68.48,-0.019799999999999998,2250007
BNS,"Mar 11, 2026",71.0,71.92,70.93,71.31,69.86,-0.0032,1587996
BNS,"Mar 10, 2026",70.9,72.4,70.9,71.54,70.08,0.0095,1643485
BNS,"Mar 9, 2026",70.69,71.3,69.84,70.87,69.43,-0.0168,2934069
BNS,"Mar 6, 2026",72.09,72.41,71.28,72.08,70.61,-0.011699999999999999,2073383
BNS,"Mar 5, 2026",73.79,74.04,72.53,72.93,71.45,-0.0195,2431278
BNS,"Mar 4, 2026",73.46,74.48,73.36,74.38,72.87,0.0125,1351945
BNS,"Mar 3, 2026",73.9,74.03,72.19,73.46,71.97,-0.0278,3006512
BNS,"Mar 2, 2026",74.47,75.72,74.0,75.56,74.02,-0.0025,1705452
BNS,"Feb 27, 2026",76.53,76.85,75.36,75.75,74.21,-0.013300000000000001,2982139
BNS,"Feb 26, 2026",76.05,76.89,75.16,76.77,75.21,0.011200000000000002,2370978
BNS,"Feb 25, 2026",75.96,75.96,74.91,75.92,74.38,0.0072,2105077
BNS,"Feb 24, 2026",76.81,76.95,74.9,75.38,73.85,-0.0067,2490274
BNS,"Feb 23, 2026",77.4,77.8,75.74,75.89,74.35,-0.0181,2827387
BNY,"Aug 21, 2026",158.69,160.2,158.1,158.49,158.49,0.0079,2455461
BNY,"Aug 20, 2026",159.42,161.02,157.15,157.24,157.24,-0.0158,2140804
BNY,"Aug 19, 2026",165.08,165.08,159.4,159.76,159.76,-0.0254,2328015
BNY,"Aug 18, 2026",164.24,164.89,162.91,163.93,163.93,-0.0021,1827709
BNY,"Aug 17, 2026",163.29,165.69,162.99,164.27,164.27,0.0063,2210516
BNY,"Aug 14, 2026",161.95,163.32,161.66,163.24,163.24,0.0060999999999999995,1922054
BNY,"Aug 13, 2026",162.93,163.66,161.0,162.25,162.25,-0.0042,1834127
BNY,"Aug 12, 2026",161.4,163.26,160.96,162.93,162.93,0.0163,1947127
BNY,"Aug 11, 2026",159.5,160.94,159.16,160.32,160.32,0.005600000000000001,1512641
BNY,"Aug 10, 2026",157.7,160.11,157.5,159.43,159.43,0.0115,2612415
BNY,"Aug 7, 2026",158.37,158.92,157.0,157.61,157.61,-0.0076,2058382
BNY,"Aug 6, 2026",159.34,159.99,158.16,158.82,158.82,0.0005,2657782
BNY,"Aug 5, 2026",157.52,160.01,157.52,158.74,158.74,0.012199999999999999,3018881
BNY,"Aug 4, 2026",157.29,158.96,156.71,156.82,156.82,0.004,2916810
BNY,"Aug 3, 2026",156.33,157.0,154.12,156.2,156.2,-0.0008,2622805
BNY,"Jul 31, 2026",156.67,157.29,155.71,156.33,156.33,0.0016,2269181
BNY,"Jul 30, 2026",153.85,156.32,153.02,156.08,156.08,0.0235,2263571
BNY,"Jul 29, 2026",156.16,157.25,151.68,152.5,152.5,-0.0255,2670427
BNY,"Jul 28, 2026",157.48,159.03,154.88,156.49,156.49,-0.008100000000000001,3031008
BNY,"Jul 27, 2026",158.85,160.25,156.98,157.77,157.77,-0.0032,2373962
BNY,"Jul 24, 2026",158.88,160.04,158.51,158.91,158.28,-0.0075,2379427
BNY,"Jul 23, 2026",159.87,160.59,158.54,160.11,159.48,-0.0017000000000000001,3353678
BNY,"Jul 22, 2026",158.1,160.65,158.09,160.39,159.75,0.009399999999999999,4056439
BNY,"Jul 21, 2026",157.84,159.13,156.5,158.89,158.26,0.0125,4139651
BNY,"Jul 20, 2026",158.23,159.05,156.7,156.93,156.31,-0.0013,4321588
BNY,"Jul 17, 2026",158.11,159.17,156.02,157.13,156.51,-0.0232,5316046
BNY,"Jul 16, 2026",162.75,163.77,158.38,160.86,160.22,-0.0092,6949929
BNY,"Jul 15, 2026",156.44,162.73,155.5,162.35,161.71,0.0508,8063196
BNY,"Jul 14, 2026",150.44,155.09,150.37,154.5,153.89,0.021400000000000002,4771489
BNY,"Jul 13, 2026",152.03,152.99,149.95,151.27,150.67,-0.0043,3183658
BNY,"Jul 10, 2026",153.02,153.08,150.97,151.92,151.32,-0.0022,2296917
BNY,"Jul 9, 2026",151.57,155.08,150.32,152.26,151.66,0.0141,4122670
BNY,"Jul 8, 2026",152.43,152.68,148.36,150.14,149.54,-0.0181,3548908
BNY,"Jul 7, 2026",150.15,153.22,150.04,152.91,152.3,0.0197,3812403
BNY,"Jul 6, 2026",147.48,149.98,146.9,149.96,149.37,0.022799999999999997,3980437
BNY,"Jul 2, 2026",147.41,148.0,145.16,146.62,146.04,0.0040999999999999995,2622878
BNY,"Jul 1, 2026",144.75,147.45,144.19,146.02,145.44,0.0098,2899253
BNY,"Jun 30, 2026",144.57,145.85,143.5,144.61,144.04,0.005600000000000001,3966227
BNY,"Jun 29, 2026",144.49,146.26,143.5,143.8,143.23,0.0017000000000000001,2536487
BNY,"Jun 26, 2026",146.25,146.25,141.78,143.56,142.99,-0.0129,15860556
BNY,"Jun 25, 2026",145.7,148.05,144.37,145.43,144.85,0.013000000000000001,2757147
BNY,"Jun 24, 2026",146.62,147.84,143.51,143.56,142.99,-0.0253,4603534
BNY,"Jun 23, 2026",146.72,148.5,145.3,147.29,146.71,0.0058,4830814
BNY,"Jun 22, 2026",145.03,146.57,144.67,146.44,145.86,0.0196,3822449
BNY,"Jun 18, 2026",147.66,148.13,142.68,143.63,143.06,-0.0167,7107013
BNY,"Jun 17, 2026",144.57,146.74,144.11,146.07,145.49,0.011200000000000002,3213171
BNY,"Jun 16, 2026",143.97,145.25,142.05,144.45,143.88,0.0137,3118776
BNY,"Jun 15, 2026",146.0,146.45,142.35,142.5,141.94,-0.0103,2521202
BNY,"Jun 12, 2026",143.63,145.02,142.65,143.98,143.41,0.013300000000000001,2347563
BNY,"Jun 11, 2026",140.11,143.3,140.07,142.09,141.53,0.0167,3146750
BNY,"Jun 10, 2026",143.22,144.0,139.68,139.75,139.2,-0.024399999999999998,3787693
BNY,"Jun 9, 2026",143.1,143.97,140.76,143.25,142.68,0.0104,3498475
BNY,"Jun 8, 2026",142.99,144.04,141.74,141.78,141.22,-0.0043,3197591
BNY,"Jun 5, 2026",144.14,144.84,142.09,142.39,141.83,-0.0113,2996317
BNY,"Jun 4, 2026",141.01,144.98,140.31,144.02,143.45,0.0245,3626928
BNY,"Jun 3, 2026",140.77,141.72,138.56,140.57,140.01,-0.005,3519645
BNY,"Jun 2, 2026",142.03,143.95,140.23,141.28,140.72,-0.0092,3821439
BNY,"Jun 1, 2026",138.6,143.25,137.5,142.59,142.02,0.0227,3270121
BNY,"May 29, 2026",141.12,141.19,138.88,139.43,138.88,-0.008,6552563
BNY,"May 28, 2026",139.25,141.11,138.01,140.56,140.0,0.0059,3004738
BNY,"May 27, 2026",140.76,141.0,138.13,139.74,139.19,-0.009300000000000001,4052084
BNY,"May 26, 2026",139.57,141.65,139.48,141.05,140.49,0.0137,3982011
BNY,"May 22, 2026",139.59,140.78,139.11,139.15,138.6,0.0012,3574021
BNY,"May 21, 2026",136.46,139.57,135.22,138.98,138.43,0.013300000000000001,3011320
BNY,"May 20, 2026",136.91,138.63,135.7,137.16,136.62,0.0062,3073291
BNY,"May 19, 2026",135.93,137.81,134.75,136.32,135.78,-0.0019,3373781
BNY,"May 18, 2026",135.07,137.16,134.39,136.58,136.04,0.0116,2512437
BNY,"May 15, 2026",134.61,137.79,134.22,135.02,134.48,-0.0070999999999999995,4156188
BNY,"May 14, 2026",135.77,136.36,134.74,135.98,135.44,0.0073,2873999
BNY,"May 13, 2026",132.39,136.27,132.2,134.99,134.45,0.0116,4098112
BNY,"May 12, 2026",132.15,134.08,131.0,133.44,132.91,0.0072,2924211
BNY,"May 11, 2026",130.46,132.55,130.23,132.49,131.96,0.0152,3606133
BNY,"May 8, 2026",131.34,131.62,130.16,130.5,129.98,-0.0015,3881607
BNY,"May 7, 2026",133.45,134.7,130.44,130.69,130.17,-0.022099999999999998,3942758
BNY,"May 6, 2026",132.47,134.36,132.09,133.64,133.11,0.0097,4044715
BNY,"May 5, 2026",132.03,133.35,131.5,132.36,131.84,0.0036,3435977
BNY,"May 4, 2026",133.34,133.43,131.17,131.88,131.36,-0.014199999999999999,2600469
BNY,"May 1, 2026",134.77,135.94,133.72,133.78,133.25,-0.0044,2600749
BNY,"Apr 30, 2026",132.02,135.48,131.48,134.37,133.84,0.0159,6068060
BNY,"Apr 29, 2026",133.62,134.17,130.9,132.27,131.75,-0.0095,3495032
BNY,"Apr 28, 2026",134.88,135.91,133.47,133.54,133.01,-0.0069,2886700
BNY,"Apr 27, 2026",133.34,134.91,133.34,134.47,133.94,0.0070999999999999995,3965521
BNY,"Apr 24, 2026",135.42,135.57,134.0,134.05,132.99,-0.0101,2790283
BNY,"Apr 23, 2026",135.67,136.99,133.73,135.42,134.35,-0.0034000000000000002,2938797
BNY,"Apr 22, 2026",138.53,138.64,135.48,135.88,134.81,-0.0148,3351152
BNY,"Apr 21, 2026",136.11,139.15,135.32,137.92,136.83,0.018799999999999997,4530431
BNY,"Apr 20, 2026",134.76,136.77,134.56,135.37,134.3,0.002,3847890
BNY,"Apr 17, 2026",135.96,137.54,134.84,135.1,134.03,0.0019,6832963
BNY,"Apr 16, 2026",134.68,135.8,132.12,134.84,133.77,0.0218,7183513
BNY,"Apr 15, 2026",131.1,132.35,130.03,131.96,130.92,0.0111,4235343
BNY,"Apr 14, 2026",129.56,130.59,128.48,130.51,129.48,0.0105,3802826
BNY,"Apr 13, 2026",126.75,129.22,126.42,129.15,128.13,0.0125,3574230
BNY,"Apr 10, 2026",128.57,128.65,126.9,127.56,126.55,-0.0079,2893416
BNY,"Apr 9, 2026",127.55,128.72,127.11,128.58,127.56,0.005,3036218
BNY,"Apr 8, 2026",126.27,128.39,126.18,127.94,126.93,0.026600000000000002,4289148
BNY,"Apr 7, 2026",123.18,125.25,122.97,124.62,123.64,0.008,3668470
BNY,"Apr 6, 2026",122.18,124.14,122.17,123.63,122.65,0.0123,3307839
BNY,"Apr 2, 2026",119.03,122.43,118.58,122.13,121.16,0.0096,3248748
BNY,"Apr 1, 2026",120.33,121.91,119.67,120.97,120.01,0.0197,3854283
BNY,"Mar 31, 2026",116.58,118.95,115.4,118.63,117.69,0.03,4916756
BNY,"Mar 30, 2026",115.71,116.1,114.4,115.18,114.27,0.0045000000000000005,4892511
BNY,"Mar 27, 2026",115.37,116.47,114.3,114.66,113.75,-0.0171,2148581
BNY,"Mar 26, 2026",117.39,118.12,116.12,116.65,115.73,-0.011399999999999999,2619989
BNY,"Mar 25, 2026",118.91,119.67,116.95,117.99,117.06,0.0008,3726376
BNY,"Mar 24, 2026",115.9,118.9,115.16,117.9,116.97,0.0132,3787624
BNY,"Mar 23, 2026",116.94,117.36,115.15,116.36,115.44,0.0124,3818657
BNY,"Mar 20, 2026",114.85,115.37,113.76,114.94,114.03,0.0003,7450620
BNY,"Mar 19, 2026",113.66,115.55,112.94,114.9,113.99,0.0021,3743005
BNY,"Mar 18, 2026",115.58,117.07,114.45,114.66,113.75,-0.0126,2918805
BNY,"Mar 17, 2026",116.66,117.8,115.57,116.12,115.2,0.0064,2075582
BNY,"Mar 16, 2026",117.12,118.05,115.22,115.38,114.47,-0.0068000000000000005,3435222
BNY,"Mar 13, 2026",117.72,118.05,115.37,116.17,115.25,-0.008100000000000001,2984281
BNY,"Mar 12, 2026",115.28,117.24,114.58,117.12,116.19,,4330591
BNY,"Mar 11, 2026",115.0,117.22,114.06,117.12,116.19,0.0147,3012724
BNY,"Mar 10, 2026",115.38,117.15,114.21,115.42,114.51,0.0028000000000000004,2458513
BNY,"Mar 9, 2026",113.15,115.7,111.71,115.1,114.19,-0.0011,3556249
BNY,"Mar 6, 2026",114.97,115.29,112.15,115.23,114.32,-0.0127,2923069
BNY,"Mar 5, 2026",117.78,118.27,115.3,116.71,115.79,-0.014199999999999999,3193907
BNY,"Mar 4, 2026",118.83,119.18,117.62,118.39,117.45,0.0037,2425737
BNY,"Mar 3, 2026",117.0,118.95,115.1,117.95,117.02,-0.0127,2779232
BNY,"Mar 2, 2026",117.01,120.41,116.61,119.47,118.53,0.0031,2645234
BNY,"Feb 27, 2026",119.72,121.86,116.76,119.1,118.16,-0.0206,5822487
BNY,"Feb 26, 2026",120.52,123.14,120.52,121.61,120.65,0.0108,3565761
BNY,"Feb 25, 2026",118.0,120.46,117.0,120.31,119.36,0.0323,4018373
BNY,"Feb 24, 2026",114.92,117.44,114.11,116.55,115.63,0.0087,4149092
BNY,"Feb 23, 2026",117.68,119.0,114.12,115.54,114.63,-0.022400000000000003,3464559
IBN,"Aug 21, 2026",30.0,30.12,29.85,29.91,29.91,0.008100000000000001,3059733
IBN,"Aug 20, 2026",29.53,29.77,29.44,29.67,29.67,0.0078000000000000005,3643648
IBN,"Aug 19, 2026",29.3,29.63,29.25,29.44,29.44,-0.0064,3823101
IBN,"Aug 18, 2026",29.46,29.67,29.42,29.63,29.63,0.0078000000000000005,2472555
IBN,"Aug 17, 2026",29.58,29.69,29.37,29.4,29.4,-0.011399999999999999,2660501
IBN,"Aug 14, 2026",29.61,29.77,29.61,29.74,29.74,0.0088,2494258
IBN,"Aug 13, 2026",30.15,30.15,29.42,29.48,29.48,-0.0121,2786526
IBN,"Aug 12, 2026",29.96,29.97,29.73,29.84,29.84,-0.001,2759162
IBN,"Aug 11, 2026",30.16,30.31,29.87,29.87,29.87,-0.006999999999999999,2818639
IBN,"Aug 10, 2026",29.94,30.18,29.79,30.08,30.08,-0.0046,3467011
IBN,"Aug 7, 2026",30.27,30.3,29.99,30.22,30.22,-0.0085,4131189
IBN,"Aug 6, 2026",30.5,30.67,30.4,30.48,30.48,0.0026,3827102
IBN,"Aug 5, 2026",30.44,30.5,30.31,30.4,30.4,0.0023,6082940
IBN,"Aug 4, 2026",30.32,30.39,30.16,30.33,30.33,0.0023,5474262
IBN,"Aug 3, 2026",30.3,30.52,30.06,30.26,30.26,0.016200000000000003,3685687
IBN,"Jul 31, 2026",30.08,30.19,29.92,29.99,29.78,-0.0089,7714983
IBN,"Jul 30, 2026",30.04,30.26,29.91,30.26,30.05,0.0168,5650710
IBN,"Jul 29, 2026",29.96,30.13,29.73,29.76,29.55,-0.0165,14659799
IBN,"Jul 28, 2026",29.74,30.42,29.58,30.26,30.05,0.0124,8598580
IBN,"Jul 27, 2026",30.0,30.15,29.76,29.89,29.68,0.0129,3664639
IBN,"Jul 24, 2026",29.39,29.65,29.39,29.51,29.3,0.0092,3019770
IBN,"Jul 23, 2026",29.15,29.26,29.04,29.24,29.03,-0.0070999999999999995,3621082
IBN,"Jul 22, 2026",29.8,29.8,29.34,29.45,29.24,-0.02,5788436
IBN,"Jul 21, 2026",29.98,30.35,29.87,30.05,29.84,0.0097,8310066
IBN,"Jul 20, 2026",29.81,30.32,29.37,29.76,29.55,,12524624
IBN,"Jul 17, 2026",29.83,30.03,29.57,29.76,29.55,0.0064,6982273
IBN,"Jul 16, 2026",29.37,29.61,29.26,29.57,29.36,0.0058,7285308
IBN,"Jul 15, 2026",29.21,29.58,29.2,29.4,29.19,0.0138,5562879
IBN,"Jul 14, 2026",29.56,29.56,28.93,29.0,28.8,-0.0089,4250573
IBN,"Jul 13, 2026",29.19,29.46,29.18,29.26,29.05,0.009000000000000001,4440145
IBN,"Jul 10, 2026",29.31,29.35,28.86,29.0,28.8,-0.0040999999999999995,11627044
IBN,"Jul 9, 2026",28.98,29.17,28.89,29.12,28.91,0.009399999999999999,9043418
IBN,"Jul 8, 2026",29.09,29.18,28.83,28.85,28.65,-0.028300000000000002,8995279
IBN,"Jul 7, 2026",29.81,30.1,29.58,29.69,29.48,-0.013000000000000001,8201169
IBN,"Jul 6, 2026",29.81,30.23,29.78,30.08,29.87,0.02,13622610
IBN,"Jul 2, 2026",29.49,29.51,29.22,29.49,29.28,0.0179,5110047
IBN,"Jul 1, 2026",28.8,29.16,28.79,28.97,28.77,-0.0021,12181447
IBN,"Jun 30, 2026",29.19,29.31,28.98,29.03,28.82,-0.011200000000000002,5678124
IBN,"Jun 29, 2026",29.4,29.4,29.22,29.36,29.15,-0.0064,4689219
IBN,"Jun 26, 2026",29.06,29.6,29.06,29.55,29.34,0.0141,5475157
IBN,"Jun 25, 2026",29.21,29.45,29.06,29.14,28.93,0.0048,7133777
IBN,"Jun 24, 2026",28.81,29.1,28.77,29.0,28.8,0.024,7532953
IBN,"Jun 23, 2026",27.9,28.38,27.8,28.32,28.12,-0.0074,7367771
IBN,"Jun 22, 2026",28.15,28.66,28.06,28.53,28.33,0.021099999999999997,10880926
IBN,"Jun 18, 2026",28.21,28.3,27.91,27.94,27.74,0.0018,7105405
IBN,"Jun 17, 2026",28.13,28.25,27.82,27.89,27.69,-0.008199999999999999,5923772
IBN,"Jun 16, 2026",28.05,28.3,27.98,28.12,27.92,0.0111,6744779
IBN,"Jun 15, 2026",27.92,28.16,27.79,27.81,27.61,0.0007000000000000001,6026448
IBN,"Jun 12, 2026",27.99,28.15,27.68,27.79,27.59,0.012,8135979
IBN,"Jun 11, 2026",27.15,27.51,27.08,27.46,27.27,0.0258,9503538
IBN,"Jun 10, 2026",26.69,26.92,26.6,26.77,26.58,0.0183,7895527
IBN,"Jun 9, 2026",26.66,26.66,26.1,26.29,26.1,0.023,12085530
IBN,"Jun 8, 2026",25.86,26.06,25.62,25.7,25.52,-0.0096,7600894
IBN,"Jun 5, 2026",26.14,26.28,25.87,25.95,25.77,-0.0054,7512745
IBN,"Jun 4, 2026",25.99,26.29,25.95,26.09,25.91,0.0231,6575026
IBN,"Jun 3, 2026",25.55,25.86,25.46,25.5,25.32,0.0087,7602374
IBN,"Jun 2, 2026",25.7,25.7,25.26,25.28,25.1,-0.0183,7262063
IBN,"Jun 1, 2026",25.82,26.08,25.7,25.75,25.57,-0.0183,7296957
IBN,"May 29, 2026",26.4,26.49,26.15,26.23,26.04,0.0023,8152645
IBN,"May 28, 2026",25.94,26.3,25.7,26.17,25.99,0.0008,4598432
IBN,"May 27, 2026",26.45,26.48,26.15,26.15,25.97,-0.003,5339600
IBN,"May 26, 2026",26.4,26.48,26.23,26.23,26.04,0.0096,4023948
IBN,"May 22, 2026",26.09,26.33,25.92,25.98,25.8,0.0034999999999999996,6184614
IBN,"May 21, 2026",25.52,25.99,25.3,25.89,25.71,0.008199999999999999,12946408
IBN,"May 20, 2026",25.46,25.79,25.23,25.68,25.5,0.017,8899086
IBN,"May 19, 2026",25.54,25.57,25.17,25.25,25.07,-0.0236,9558314
IBN,"May 18, 2026",26.12,26.27,25.77,25.86,25.68,-0.0073,5629599
IBN,"May 15, 2026",25.98,26.06,25.84,26.05,25.87,-0.005,3961680
IBN,"May 14, 2026",25.88,26.27,25.88,26.18,25.99,0.0195,4365067
IBN,"May 13, 2026",25.63,25.93,25.62,25.68,25.5,-0.0039000000000000003,8101937
IBN,"May 12, 2026",25.84,25.84,25.53,25.78,25.6,-0.0123,12895689
IBN,"May 11, 2026",26.4,26.46,26.07,26.1,25.92,-0.0147,6395912
IBN,"May 8, 2026",26.79,26.92,26.39,26.49,26.3,-0.009300000000000001,4930539
IBN,"May 7, 2026",26.82,26.9,26.69,26.74,26.55,-0.0004,7228080
IBN,"May 6, 2026",26.8,27.02,26.68,26.75,26.56,0.0281,12693651
IBN,"May 5, 2026",26.12,26.12,25.95,26.02,25.84,-0.0046,6889135
IBN,"May 4, 2026",26.3,26.57,26.1,26.14,25.96,-0.0106,7344343
IBN,"May 1, 2026",26.68,26.75,26.41,26.42,26.23,-0.0064,3712177
IBN,"Apr 30, 2026",26.41,26.75,26.41,26.59,26.4,0.0011,6103889
IBN,"Apr 29, 2026",26.86,26.87,26.51,26.56,26.37,-0.013000000000000001,7688847
IBN,"Apr 28, 2026",27.14,27.28,26.86,26.91,26.72,-0.0229,7427248
IBN,"Apr 27, 2026",27.43,27.64,27.43,27.54,27.35,-0.0022,6710169
IBN,"Apr 24, 2026",27.95,27.98,27.56,27.6,27.4,-0.016,9811607
IBN,"Apr 23, 2026",28.31,28.38,27.87,28.05,27.85,-0.0127,8520407
IBN,"Apr 22, 2026",28.41,28.63,28.31,28.41,28.21,-0.0091,7871204
IBN,"Apr 21, 2026",29.17,29.31,28.61,28.67,28.47,-0.0028000000000000004,8272758
IBN,"Apr 20, 2026",28.71,29.11,28.69,28.75,28.55,-0.0017000000000000001,6108086
IBN,"Apr 17, 2026",29.01,29.4,25.2,28.8,28.6,0.0148,9188557
IBN,"Apr 16, 2026",28.58,28.68,28.36,28.38,28.18,-0.0028000000000000004,7433593
IBN,"Apr 15, 2026",28.37,28.55,28.25,28.46,28.26,0.006,8055399
IBN,"Apr 14, 2026",28.06,28.33,27.96,28.29,28.09,0.0089,8099544
IBN,"Apr 13, 2026",28.08,28.26,27.87,28.04,27.84,0.011200000000000002,6773371
IBN,"Apr 10, 2026",27.95,28.12,27.72,27.73,27.53,0.0095,4435865
IBN,"Apr 9, 2026",27.1,27.57,26.97,27.47,27.28,-0.0015,6056649
IBN,"Apr 8, 2026",27.83,27.92,27.46,27.51,27.32,0.058499999999999996,7223227
IBN,"Apr 7, 2026",26.48,26.48,25.96,25.99,25.81,-0.0027,4383135
IBN,"Apr 6, 2026",25.69,26.12,25.69,26.06,25.88,0.0176,5859715
IBN,"Apr 2, 2026",25.46,25.89,25.34,25.61,25.43,-0.0043,5427863
IBN,"Apr 1, 2026",25.87,25.91,25.6,25.72,25.54,-0.0069,5222315
IBN,"Mar 31, 2026",25.49,25.93,25.3,25.9,25.72,0.0278,6502562
IBN,"Mar 30, 2026",25.1,25.43,25.08,25.2,25.02,-0.004,6452964
IBN,"Mar 27, 2026",25.83,25.86,25.28,25.3,25.12,-0.024300000000000002,5049355
IBN,"Mar 26, 2026",26.0,26.26,25.9,25.93,25.75,-0.0141,3435393
IBN,"Mar 25, 2026",26.71,26.73,26.24,26.3,26.11,0.0104,6930946
IBN,"Mar 24, 2026",26.11,26.4,25.99,26.03,25.85,-0.0159,8726568
IBN,"Mar 23, 2026",26.45,26.78,26.25,26.45,26.26,0.014199999999999999,7862438
IBN,"Mar 20, 2026",26.48,26.59,26.05,26.08,25.9,-0.028999999999999998,6340678
IBN,"Mar 19, 2026",26.31,26.98,26.31,26.86,26.67,0.011699999999999999,7578007
IBN,"Mar 18, 2026",27.28,27.35,26.51,26.55,26.36,-0.0317,9279539
IBN,"Mar 17, 2026",27.72,27.72,27.34,27.42,27.23,0.0018,10297784
IBN,"Mar 16, 2026",27.19,27.51,27.08,27.37,27.18,0.0297,5322643
IBN,"Mar 13, 2026",26.98,27.04,26.58,26.58,26.39,-0.0089,6633275
IBN,"Mar 12, 2026",27.02,27.16,26.82,26.82,26.63,-0.0169,8653054
IBN,"Mar 11, 2026",27.77,28.06,27.09,27.28,27.09,-0.0275,10172559
IBN,"Mar 10, 2026",28.25,28.47,28.04,28.05,27.85,0.0011,5387495
IBN,"Mar 9, 2026",27.6,28.05,27.32,28.02,27.82,-0.0064,5757918
IBN,"Mar 6, 2026",28.29,28.45,28.05,28.2,28.0,-0.019799999999999998,5598388
IBN,"Mar 5, 2026",29.4,29.46,28.63,28.77,28.57,-0.0264,10294545
IBN,"Mar 4, 2026",29.59,29.65,29.39,29.55,29.34,-0.0017000000000000001,3932942
IBN,"Mar 3, 2026",29.52,29.68,29.05,29.6,29.39,-0.020499999999999997,5515459
IBN,"Mar 2, 2026",29.85,30.27,29.81,30.22,30.01,-0.0095,4225142
IBN,"Feb 27, 2026",30.41,30.52,30.3,30.51,30.29,-0.0078000000000000005,3663078
IBN,"Feb 26, 2026",30.89,31.0,30.66,30.75,30.53,-0.006500000000000001,3405250
IBN,"Feb 25, 2026",30.87,31.22,30.87,30.95,30.73,0.0068000000000000005,3166768
IBN,"Feb 24, 2026",30.52,30.75,30.25,30.74,30.52,0.0046,3572704
IBN,"Feb 23, 2026",30.85,31.04,30.6,30.6,30.38,-0.0103,4230250
PNC,"Aug 21, 2026",243.52,244.62,241.42,243.13,243.13,0.0062,2158112
PNC,"Aug 20, 2026",245.76,247.86,241.3,241.62,241.62,-0.0196,2005187
PNC,"Aug 19, 2026",254.49,254.93,245.57,246.46,246.46,-0.0308,1277783
PNC,"Aug 18, 2026",255.88,257.99,253.27,254.28,254.28,-0.0011,1201406
PNC,"Aug 17, 2026",255.95,258.96,254.47,254.55,254.55,-0.009399999999999999,1047993
PNC,"Aug 14, 2026",255.0,257.56,254.92,256.97,256.97,0.0069,784703
PNC,"Aug 13, 2026",256.5,257.94,254.94,255.2,255.2,-0.001,750654
PNC,"Aug 12, 2026",254.89,255.99,253.15,255.46,255.46,0.0048,771970
PNC,"Aug 11, 2026",251.9,254.34,251.28,254.23,254.23,0.0098,1430685
PNC,"Aug 10, 2026",250.88,252.68,250.21,251.76,251.76,-0.0032,1601625
PNC,"Aug 7, 2026",251.01,253.18,249.54,252.56,252.56,-0.0008,921377
PNC,"Aug 6, 2026",257.3,258.13,252.0,252.76,252.76,-0.0102,1435583
PNC,"Aug 5, 2026",255.0,256.33,253.49,255.37,255.37,0.0048,1356732
PNC,"Aug 4, 2026",250.71,256.18,250.69,254.14,254.14,0.0096,1308734
PNC,"Aug 3, 2026",250.86,253.11,249.98,251.72,251.72,0.0074,1999812
PNC,"Jul 31, 2026",249.75,250.94,248.17,249.87,249.87,0.004699999999999999,1440389
PNC,"Jul 30, 2026",249.77,249.91,246.61,248.71,248.71,0.0009,1387046
PNC,"Jul 29, 2026",250.43,252.21,247.02,248.49,248.49,-0.0124,2277326
PNC,"Jul 28, 2026",250.37,252.42,249.61,251.6,251.6,0.0079,1449972
PNC,"Jul 27, 2026",251.7,253.5,248.21,249.64,249.64,-0.0054,1210515
PNC,"Jul 24, 2026",249.5,252.35,248.53,250.99,250.99,0.0069,1146057
PNC,"Jul 23, 2026",249.62,249.62,246.75,249.26,249.26,-0.0129,1665162
PNC,"Jul 22, 2026",250.0,253.1,249.45,252.51,252.51,0.0085,1690612
PNC,"Jul 21, 2026",249.33,251.25,247.43,250.38,250.38,0.001,1621985
PNC,"Jul 20, 2026",251.8,252.71,248.88,250.14,250.14,-0.0029,2368741
PNC,"Jul 17, 2026",254.15,256.49,250.04,252.86,250.86,-0.0092,2192224
PNC,"Jul 16, 2026",255.37,256.26,252.53,255.2,253.18,0.0040999999999999995,2381269
PNC,"Jul 15, 2026",251.6,255.56,248.1,254.15,252.14,0.009000000000000001,3046925
PNC,"Jul 14, 2026",254.5,256.22,249.33,251.88,249.89,-0.0038,2585565
PNC,"Jul 13, 2026",253.67,253.67,249.92,252.85,250.85,0.0037,2266154
PNC,"Jul 10, 2026",253.05,254.19,251.75,251.91,249.92,0.004,2892838
PNC,"Jul 9, 2026",247.51,251.06,246.76,250.91,248.93,0.0178,2117023
PNC,"Jul 8, 2026",252.8,252.8,245.39,246.53,244.58,-0.0294,2143807
PNC,"Jul 7, 2026",255.16,256.0,253.84,254.01,252.0,0.0033,1552822
PNC,"Jul 6, 2026",249.28,253.28,248.31,253.18,251.18,0.0148,2249763
PNC,"Jul 2, 2026",253.45,254.0,247.34,249.49,247.52,-0.0085,1378764
PNC,"Jul 1, 2026",246.05,252.73,244.87,251.62,249.63,0.0219,2220791
PNC,"Jun 30, 2026",246.05,247.47,244.69,246.22,244.27,-0.0021,1602818
PNC,"Jun 29, 2026",244.46,247.97,243.0,246.73,244.78,0.0070999999999999995,2366684
PNC,"Jun 26, 2026",246.03,246.03,243.08,244.99,243.05,-0.0012,2668867
PNC,"Jun 25, 2026",242.66,249.01,241.71,245.28,243.34,0.0223,2751637
PNC,"Jun 24, 2026",238.88,240.37,238.0,239.92,238.02,0.0052,2650861
PNC,"Jun 23, 2026",235.69,238.86,234.37,238.67,236.78,0.0169,2586274
PNC,"Jun 22, 2026",233.75,235.46,232.21,234.71,232.85,0.0115,2233498
PNC,"Jun 18, 2026",233.64,236.09,231.33,232.04,230.2,-0.004699999999999999,4931983
PNC,"Jun 17, 2026",234.69,237.67,231.66,233.13,231.29,-0.0066,2590121
PNC,"Jun 16, 2026",233.29,235.75,232.22,234.69,232.83,0.0179,2970184
PNC,"Jun 15, 2026",238.77,239.84,229.74,230.56,228.74,-0.029900000000000003,3834734
PNC,"Jun 12, 2026",235.5,238.32,234.13,237.66,235.78,0.0159,1859469
PNC,"Jun 11, 2026",234.0,235.93,232.33,233.94,232.09,0.005600000000000001,2477203
PNC,"Jun 10, 2026",233.0,236.09,231.59,232.64,230.8,0.002,2744585
PNC,"Jun 9, 2026",229.0,232.93,226.77,232.18,230.34,0.0222,2810780
PNC,"Jun 8, 2026",228.69,230.17,226.76,227.14,225.34,-0.0054,1683280
PNC,"Jun 5, 2026",227.72,230.44,225.7,228.37,226.56,0.005699999999999999,1298317
PNC,"Jun 4, 2026",220.09,227.27,220.09,227.08,225.28,0.0404,1796991
PNC,"Jun 3, 2026",219.66,220.6,217.51,218.27,216.54,-0.0124,1806161
PNC,"Jun 2, 2026",215.8,221.81,215.2,221.0,219.25,0.022799999999999997,1948409
PNC,"Jun 1, 2026",217.8,219.94,215.78,216.07,214.36,-0.022799999999999997,1496055
PNC,"May 29, 2026",219.35,221.66,218.35,221.12,219.37,0.0060999999999999995,2930258
PNC,"May 28, 2026",219.94,221.52,218.19,219.78,218.04,-0.0046,1591279
PNC,"May 27, 2026",221.63,223.04,219.71,220.8,219.05,,1368688
PNC,"May 26, 2026",219.99,222.25,219.25,220.81,219.06,0.0072,1387505
PNC,"May 22, 2026",219.82,220.96,218.6,219.23,217.5,0.0039000000000000003,1204527
PNC,"May 21, 2026",215.69,218.68,214.55,218.37,216.64,0.0070999999999999995,1608821
PNC,"May 20, 2026",214.48,218.09,211.88,216.83,215.11,0.0167,2087893
PNC,"May 19, 2026",213.13,215.34,211.35,213.27,211.58,-0.0021,1319160
PNC,"May 18, 2026",213.57,215.72,212.99,213.72,212.03,0.0040999999999999995,1452929
PNC,"May 15, 2026",213.32,213.74,210.86,212.84,211.16,-0.0029,2469819
PNC,"May 14, 2026",211.95,214.1,211.61,213.45,211.76,0.0171,1572155
PNC,"May 13, 2026",214.14,215.09,209.7,209.86,208.2,-0.024900000000000002,1661147
PNC,"May 12, 2026",215.04,216.29,210.91,215.21,213.51,0.0029,1529769
PNC,"May 11, 2026",217.31,219.06,213.77,214.59,212.89,-0.0104,2698297
PNC,"May 8, 2026",220.19,221.05,216.47,216.85,215.13,-0.0111,1619362
PNC,"May 7, 2026",220.94,223.05,218.48,219.29,217.56,-0.0141,1268578
PNC,"May 6, 2026",223.43,226.01,221.81,222.42,220.66,0.0036,1326966
PNC,"May 5, 2026",218.52,223.0,217.97,221.63,219.88,0.0165,1232406
PNC,"May 4, 2026",219.17,221.41,217.15,218.04,216.32,-0.0121,1286219
PNC,"May 1, 2026",223.23,223.67,220.7,220.71,218.96,-0.0103,1028947
PNC,"Apr 30, 2026",217.55,224.29,216.64,223.0,221.24,0.0196,2318709
PNC,"Apr 29, 2026",220.48,222.33,217.79,218.71,216.98,-0.009899999999999999,1626684
PNC,"Apr 28, 2026",223.18,223.92,220.22,220.89,219.14,-0.002,1685662
PNC,"Apr 27, 2026",219.57,222.77,219.56,221.33,219.58,0.0067,1813642
PNC,"Apr 24, 2026",224.79,225.22,218.79,219.86,218.12,-0.0232,1741930
PNC,"Apr 23, 2026",225.66,227.29,222.92,225.09,223.31,0.0001,1375845
PNC,"Apr 22, 2026",229.15,229.72,224.51,225.06,223.28,-0.0131,1936983
PNC,"Apr 21, 2026",227.02,230.25,226.69,228.05,226.25,0.0045000000000000005,3090617
PNC,"Apr 20, 2026",223.76,227.92,223.63,227.03,225.23,0.009899999999999999,2151243
PNC,"Apr 17, 2026",221.52,226.36,221.37,224.81,223.03,0.0215,2538341
PNC,"Apr 16, 2026",221.79,224.25,219.87,220.07,218.33,-0.009000000000000001,2108408
PNC,"Apr 15, 2026",222.89,225.47,218.4,222.06,220.3,0.0039000000000000003,2986297
PNC,"Apr 14, 2026",220.65,221.97,218.55,221.2,219.45,-0.0005,2725329
PNC,"Apr 13, 2026",219.61,223.34,218.0,223.0,219.55,0.0085,2507468
PNC,"Apr 10, 2026",222.91,223.8,220.39,221.13,217.71,-0.009399999999999999,1798147
PNC,"Apr 9, 2026",218.66,224.12,217.96,223.23,219.78,0.011200000000000002,1902574
PNC,"Apr 8, 2026",218.92,222.11,218.76,220.76,217.34,0.032,2651793
PNC,"Apr 7, 2026",212.0,215.11,211.57,213.92,210.61,0.0037,3991249
PNC,"Apr 6, 2026",211.92,213.16,210.64,213.14,209.84,0.0068000000000000005,1711405
PNC,"Apr 2, 2026",207.15,211.85,205.23,211.7,208.42,0.0118,2397999
PNC,"Apr 1, 2026",210.16,211.91,208.86,209.24,206.0,0.0055000000000000005,1899354
PNC,"Mar 31, 2026",204.91,208.4,203.07,208.09,204.87,0.0319,2122523
PNC,"Mar 30, 2026",203.34,204.24,200.75,201.66,198.54,-0.0036,1927972
PNC,"Mar 27, 2026",204.41,206.78,201.81,202.39,199.26,-0.0149,2039656
PNC,"Mar 26, 2026",204.88,206.63,204.24,205.46,202.28,-0.0024,1948986
PNC,"Mar 25, 2026",208.08,209.27,203.64,205.95,202.76,-0.0019,1625147
PNC,"Mar 24, 2026",201.38,208.6,201.38,206.35,203.16,0.011899999999999999,2443744
PNC,"Mar 23, 2026",207.41,208.0,203.23,203.93,200.77,0.011000000000000001,2918336
PNC,"Mar 20, 2026",202.29,203.52,199.6,201.71,198.59,-0.0017000000000000001,6082388
PNC,"Mar 19, 2026",199.92,203.21,197.56,202.05,198.92,0.0044,2515738
PNC,"Mar 18, 2026",203.18,206.88,200.54,201.17,198.06,-0.013500000000000002,2993233
PNC,"Mar 17, 2026",203.85,205.91,202.8,203.92,200.76,0.0158,2496302
PNC,"Mar 16, 2026",203.25,205.4,200.45,200.75,197.64,-0.0019,2859639
PNC,"Mar 13, 2026",204.37,205.91,200.52,201.13,198.02,-0.0077,2931015
PNC,"Mar 12, 2026",201.27,203.85,201.18,202.69,199.55,-0.0143,3025805
PNC,"Mar 11, 2026",205.58,206.76,203.32,205.64,202.46,-0.0036,1986932
PNC,"Mar 10, 2026",205.36,210.24,203.61,206.39,203.2,0.0051,2707415
PNC,"Mar 9, 2026",203.05,206.07,198.04,205.34,202.16,-0.0038,3001383
PNC,"Mar 6, 2026",207.67,209.0,202.83,206.12,202.93,-0.0294,3379964
PNC,"Mar 5, 2026",211.43,213.79,210.53,212.37,209.08,-0.006999999999999999,2269192
PNC,"Mar 4, 2026",213.93,215.1,212.26,213.86,210.55,0.0038,1768281
PNC,"Mar 3, 2026",209.12,216.13,208.48,213.05,209.75,-0.0055000000000000005,2476548
PNC,"Mar 2, 2026",207.63,215.02,205.89,214.23,210.92,0.0089,5080280
PNC,"Feb 27, 2026",219.96,220.5,210.35,212.35,209.06,-0.047,3569427
PNC,"Feb 26, 2026",223.19,227.0,221.14,222.82,219.37,0.0039000000000000003,2653349
PNC,"Feb 25, 2026",219.49,222.5,219.09,221.95,218.52,0.018500000000000003,2025000
PNC,"Feb 24, 2026",219.28,220.57,216.23,217.91,214.54,-0.013000000000000001,2579894
PNC,"Feb 23, 2026",232.17,233.55,219.31,220.77,217.35,-0.0524,2286996
KKR,"Aug 21, 2026",110.11,110.11,107.67,108.48,108.48,0.013600000000000001,2679878
KKR,"Aug 20, 2026",109.82,109.96,106.91,107.02,107.02,-0.0311,3531076
KKR,"Aug 19, 2026",108.55,113.0,108.1,110.46,110.46,0.0305,4706234
KKR,"Aug 18, 2026",108.4,109.38,106.53,107.19,107.19,-0.0151,3928117
KKR,"Aug 17, 2026",112.9,113.63,107.5,108.83,108.83,-0.0454,6693973
KKR,"Aug 14, 2026",115.5,116.17,113.4,114.01,114.01,-0.011200000000000002,5757463
KKR,"Aug 13, 2026",111.65,116.57,111.36,115.3,115.3,0.0397,7056502
KKR,"Aug 12, 2026",112.0,114.57,109.1,110.9,110.9,-0.0006,6161312
KKR,"Aug 11, 2026",104.01,111.34,103.66,110.97,110.97,0.0688,8308861
KKR,"Aug 10, 2026",101.81,104.26,101.15,103.83,103.83,0.0118,5900269
KKR,"Aug 7, 2026",103.27,104.92,102.28,102.81,102.62,-0.0052,7048666
KKR,"Aug 6, 2026",106.02,106.29,102.34,103.35,103.15,-0.0218,3421345
KKR,"Aug 5, 2026",108.99,109.62,104.02,105.65,105.45,-0.023700000000000002,3995946
KKR,"Aug 4, 2026",105.4,108.36,104.35,108.21,108.0,0.0155,5337791
KKR,"Aug 3, 2026",102.95,107.3,102.6,106.56,106.36,0.0506,5799513
KKR,"Jul 31, 2026",99.47,101.72,99.13,101.43,101.24,0.0045000000000000005,6282837
KKR,"Jul 30, 2026",100.64,101.51,95.66,100.98,100.79,0.0171,4886575
KKR,"Jul 29, 2026",100.17,101.94,98.97,99.28,99.09,-0.0329,4328736
KKR,"Jul 28, 2026",101.37,102.95,100.57,102.66,102.47,0.0101,3402415
KKR,"Jul 27, 2026",100.0,102.44,100.0,101.63,101.44,0.022799999999999997,3692493
KKR,"Jul 24, 2026",96.03,99.49,95.77,99.36,99.17,0.0353,3867097
KKR,"Jul 23, 2026",95.98,97.5,94.13,95.97,95.79,0.0046,2304315
KKR,"Jul 22, 2026",96.34,97.47,94.83,95.53,95.35,-0.0163,2564619
KKR,"Jul 21, 2026",97.0,98.07,96.5,97.11,96.93,0.0014000000000000002,2864031
KKR,"Jul 20, 2026",101.13,101.48,96.43,96.97,96.79,-0.0393,3398272
KKR,"Jul 17, 2026",101.25,104.17,100.4,100.94,100.75,-0.0176,3576945
KKR,"Jul 16, 2026",100.95,102.85,99.73,102.75,102.56,0.0178,6358170
KKR,"Jul 15, 2026",98.8,102.7,97.87,100.95,100.76,0.0385,5929402
KKR,"Jul 14, 2026",96.57,98.38,96.05,97.21,97.03,0.0031,2524461
KKR,"Jul 13, 2026",97.02,97.78,95.78,96.91,96.73,-0.0003,2971398
KKR,"Jul 10, 2026",98.0,99.22,96.9,96.94,96.76,0.006999999999999999,2839620
KKR,"Jul 9, 2026",93.54,96.41,92.89,96.27,96.09,0.0318,3068067
KKR,"Jul 8, 2026",94.09,94.16,91.37,93.3,93.12,-0.019299999999999998,2772243
KKR,"Jul 7, 2026",96.42,96.9,94.78,95.14,94.96,-0.0086,3496782
KKR,"Jul 6, 2026",94.64,96.99,94.15,95.97,95.79,0.0227,3860756
KKR,"Jul 2, 2026",94.85,96.27,92.75,93.84,93.66,0.0138,3912089
KKR,"Jul 1, 2026",93.1,94.29,92.01,92.56,92.38,0.0085,3505934
KKR,"Jun 30, 2026",89.56,92.1,88.39,91.78,91.61,0.0319,5836355
KKR,"Jun 29, 2026",90.92,91.43,88.23,88.94,88.77,-0.0132,5837962
KKR,"Jun 26, 2026",92.32,94.11,89.1,90.13,89.96,-0.027200000000000002,8723294
KKR,"Jun 25, 2026",92.1,97.59,92.1,92.65,92.47,0.0125,6622995
KKR,"Jun 24, 2026",93.74,93.78,90.84,91.51,91.34,-0.0213,7761417
KKR,"Jun 23, 2026",95.91,96.69,92.53,93.5,93.32,-0.0351,6533791
KKR,"Jun 22, 2026",97.49,98.25,95.07,96.9,96.72,-0.0011,4042162
KKR,"Jun 18, 2026",98.4,98.99,96.62,97.01,96.83,-0.0016,5464686
KKR,"Jun 17, 2026",98.46,100.31,96.6,97.17,96.99,-0.0182,4177570
KKR,"Jun 16, 2026",98.92,99.97,97.89,98.97,98.78,0.0091,2934274
KKR,"Jun 15, 2026",98.49,101.05,97.81,98.08,97.89,0.0191,3554191
KKR,"Jun 12, 2026",96.11,98.66,95.6,96.24,96.06,0.009899999999999999,3937505
KKR,"Jun 11, 2026",94.46,95.35,91.76,95.3,95.12,0.0029,4771851
KKR,"Jun 10, 2026",95.1,97.05,93.93,95.02,94.84,-0.0086,3192651
KKR,"Jun 9, 2026",94.0,97.44,93.6,95.84,95.66,0.0282,3733006
KKR,"Jun 8, 2026",93.72,94.52,92.49,93.21,93.03,-0.002,3870611
KKR,"Jun 5, 2026",95.88,97.11,92.43,93.4,93.22,-0.0216,3090985
KKR,"Jun 4, 2026",92.39,96.45,91.55,95.46,95.28,0.0545,5505161
KKR,"Jun 3, 2026",89.4,91.67,87.5,90.53,90.36,-0.0415,7042976
KKR,"Jun 2, 2026",94.56,96.0,93.79,94.45,94.27,-0.0059,6039445
KKR,"Jun 1, 2026",96.75,98.79,94.76,95.01,94.83,-0.0097,4028888
KKR,"May 29, 2026",93.49,97.25,93.01,95.94,95.76,0.0203,5164713
KKR,"May 28, 2026",95.2,95.29,92.27,94.03,93.85,-0.0105,4689825
KKR,"May 27, 2026",95.0,96.7,93.58,95.03,94.85,0.0004,3745193
KKR,"May 26, 2026",94.5,96.0,94.0,94.99,94.81,0.0101,3611289
KKR,"May 22, 2026",95.0,96.07,93.61,94.04,93.86,-0.0076,2824956
KKR,"May 21, 2026",93.86,95.31,93.06,94.76,94.58,0.0045000000000000005,3846832
KKR,"May 20, 2026",93.23,94.66,91.08,94.34,94.16,0.015300000000000001,5533296
KKR,"May 19, 2026",95.43,95.88,92.48,92.92,92.74,-0.0318,4978721
KKR,"May 18, 2026",96.43,98.7,95.36,95.97,95.79,-0.0103,3582310
KKR,"May 15, 2026",99.24,100.5,96.92,96.97,96.79,-0.0242,5939694
KKR,"May 14, 2026",98.7,100.52,98.1,99.57,99.19,0.022000000000000002,3751118
KKR,"May 13, 2026",98.48,99.27,96.9,97.43,97.05,-0.020499999999999997,4936025
KKR,"May 12, 2026",99.03,99.64,98.0,99.47,99.09,0.0001,6366696
KKR,"May 11, 2026",101.0,102.99,98.61,99.46,99.08,-0.0298,5292118
KKR,"May 8, 2026",100.03,102.94,98.71,102.52,102.13,0.0217,5948750
KKR,"May 7, 2026",101.81,102.06,99.05,100.34,99.95,-0.0045000000000000005,6282041
KKR,"May 6, 2026",103.43,103.46,100.24,100.79,100.4,-0.011899999999999999,5120174
KKR,"May 5, 2026",103.01,104.45,100.0,102.0,101.61,-0.0129,5703916
KKR,"May 4, 2026",104.0,105.95,102.62,103.33,102.93,-0.0034000000000000002,4101461
KKR,"May 1, 2026",105.0,106.14,103.21,103.68,103.28,-0.0063,4063966
KKR,"Apr 30, 2026",97.43,104.8,97.43,104.34,103.94,0.050499999999999996,5270683
KKR,"Apr 29, 2026",101.22,101.76,98.5,99.32,98.94,-0.020499999999999997,4078909
KKR,"Apr 28, 2026",101.44,102.25,100.05,101.4,101.01,0.006999999999999999,2793337
KKR,"Apr 27, 2026",100.36,103.26,99.9,100.7,100.31,-0.0111,3898141
KKR,"Apr 24, 2026",101.86,102.51,100.33,101.83,101.44,0.0019,2419629
KKR,"Apr 23, 2026",104.0,104.79,100.28,101.64,101.25,-0.0404,4779851
KKR,"Apr 22, 2026",106.61,107.65,104.77,105.92,105.51,0.0141,4813228
KKR,"Apr 21, 2026",104.34,107.54,103.76,104.45,104.05,0.0051,5126230
KKR,"Apr 20, 2026",103.06,104.96,103.0,103.92,103.52,0.0031,4746561
KKR,"Apr 17, 2026",104.02,106.87,103.09,103.6,103.2,0.0155,5831893
KKR,"Apr 16, 2026",104.5,105.37,102.01,102.02,101.63,-0.0176,4254957
KKR,"Apr 15, 2026",101.5,104.75,101.5,103.85,103.45,0.0341,6300569
KKR,"Apr 14, 2026",99.0,101.61,98.61,100.43,100.04,0.0233,8152240
KKR,"Apr 13, 2026",91.15,98.23,90.82,98.14,97.76,0.0759,6905676
KKR,"Apr 10, 2026",92.83,93.0,89.69,91.22,90.87,-0.0173,4067961
KKR,"Apr 9, 2026",92.99,93.65,91.59,92.83,92.47,-0.012,5086643
KKR,"Apr 8, 2026",94.09,96.45,92.37,93.96,93.6,0.0354,5159689
KKR,"Apr 7, 2026",89.88,91.33,89.88,90.75,90.4,-0.0033,2857265
KKR,"Apr 6, 2026",90.84,91.74,90.08,91.05,90.7,-0.002,3611786
KKR,"Apr 2, 2026",88.22,93.56,88.08,91.23,90.88,-0.0014000000000000002,5583670
KKR,"Apr 1, 2026",93.22,93.66,90.39,91.36,91.01,-0.0123,6575263
KKR,"Mar 31, 2026",92.12,93.67,89.88,92.5,92.14,0.023700000000000002,8069909
KKR,"Mar 30, 2026",88.4,92.1,88.04,90.36,90.01,0.021,7323745
KKR,"Mar 27, 2026",88.67,89.19,86.31,88.5,88.16,-0.0166,8248350
KKR,"Mar 26, 2026",88.0,90.96,87.74,89.99,89.64,0.0121,7207234
KKR,"Mar 25, 2026",92.3,93.02,88.86,88.91,88.57,-0.022000000000000002,5734927
KKR,"Mar 24, 2026",87.76,91.09,86.91,90.91,90.56,0.0008,7082335
KKR,"Mar 23, 2026",92.68,93.14,89.79,90.84,90.49,0.009300000000000001,6090355
KKR,"Mar 20, 2026",90.4,90.77,88.73,90.0,89.65,-0.0066,9441906
KKR,"Mar 19, 2026",89.5,91.03,88.86,90.6,90.25,-0.0003,5537853
KKR,"Mar 18, 2026",88.05,92.44,88.0,90.63,90.28,0.0187,7226004
KKR,"Mar 17, 2026",87.19,90.06,86.66,88.97,88.63,0.0333,4955804
KKR,"Mar 16, 2026",87.0,87.31,84.84,86.1,85.77,0.002,5915780
KKR,"Mar 13, 2026",85.01,87.37,84.57,85.93,85.6,0.024399999999999998,7304503
KKR,"Mar 12, 2026",85.43,87.08,82.67,83.88,83.56,-0.0373,13740061
KKR,"Mar 11, 2026",89.98,91.17,85.43,87.13,86.79,-0.0315,8187458
KKR,"Mar 10, 2026",91.45,91.79,88.31,89.96,89.61,-0.0108,5684711
KKR,"Mar 9, 2026",89.32,91.55,87.0,90.94,90.59,-0.0043,8451733
KKR,"Mar 6, 2026",93.06,93.06,89.11,91.33,90.98,-0.0446,9266932
KKR,"Mar 5, 2026",93.5,96.1,93.45,95.59,95.22,0.018799999999999997,8230187
KKR,"Mar 4, 2026",91.5,94.57,91.45,93.83,93.47,0.0362,8928958
KKR,"Mar 3, 2026",86.65,91.86,85.37,90.55,90.2,-0.0007000000000000001,10473325
KKR,"Mar 2, 2026",85.75,91.36,84.52,90.61,90.26,0.0334,13703679
KKR,"Feb 27, 2026",92.21,92.21,86.35,87.68,87.34,-0.0634,21851229
KKR,"Feb 26, 2026",97.23,98.04,92.46,93.62,93.26,-0.0311,15504224
KKR,"Feb 25, 2026",96.45,97.71,93.55,96.63,96.26,0.0095,9121311
KKR,"Feb 24, 2026",92.27,97.09,91.0,95.72,95.35,0.0383,8821707
KKR,"Feb 23, 2026",99.9,99.9,91.45,92.19,91.83,-0.0889,15344669
ING,"Aug 21, 2026",34.8,34.94,34.73,34.84,34.84,0.009899999999999999,1332762
ING,"Aug 20, 2026",34.84,34.94,34.5,34.5,34.5,-0.0055000000000000005,1824192
ING,"Aug 19, 2026",35.41,35.43,34.58,34.69,34.69,-0.0225,2651419
ING,"Aug 18, 2026",35.61,35.68,35.36,35.49,35.49,-0.0039000000000000003,1618812
ING,"Aug 17, 2026",35.87,35.98,35.6,35.63,35.63,-0.002,1272477
ING,"Aug 14, 2026",35.52,35.73,35.48,35.7,35.7,0.0028000000000000004,1128217
ING,"Aug 13, 2026",35.79,35.87,35.5,35.6,35.6,-0.0003,1405215
ING,"Aug 12, 2026",35.57,35.69,35.5,35.61,35.61,0.0074,1796387
ING,"Aug 11, 2026",35.48,35.61,35.25,35.35,35.35,0.0031,1828146
ING,"Aug 10, 2026",35.2,35.39,35.16,35.24,35.24,-0.0014000000000000002,1801079
ING,"Aug 7, 2026",35.76,35.78,35.54,35.68,35.29,-0.0008,1884531
ING,"Aug 6, 2026",36.09,36.24,35.66,35.71,35.32,-0.0058,1985090
ING,"Aug 5, 2026",35.74,36.05,35.65,35.92,35.53,0.016399999999999998,4918089
ING,"Aug 4, 2026",35.68,35.9,35.28,35.34,34.95,-0.0003,4573350
ING,"Aug 3, 2026",35.11,35.38,34.95,35.35,34.96,0.012,2366343
ING,"Jul 31, 2026",34.86,35.07,34.54,34.93,34.55,-0.0003,2536145
ING,"Jul 30, 2026",34.5,34.97,34.45,34.94,34.56,0.0747,2886068
ING,"Jul 29, 2026",32.9,33.04,32.45,32.51,32.15,-0.0231,3363617
ING,"Jul 28, 2026",33.04,33.36,32.89,33.28,32.91,-0.0063,2179627
ING,"Jul 27, 2026",33.47,33.6,33.25,33.49,33.12,0.020099999999999996,1862457
ING,"Jul 24, 2026",32.79,33.02,32.73,32.83,32.47,0.012,1668129
ING,"Jul 23, 2026",32.54,32.63,32.38,32.44,32.08,-0.026699999999999998,2435693
ING,"Jul 22, 2026",33.4,33.46,33.28,33.33,32.96,0.0066,1686481
ING,"Jul 21, 2026",32.85,33.2,32.75,33.11,32.75,0.028300000000000002,2542061
ING,"Jul 20, 2026",32.44,32.47,32.12,32.2,31.85,-0.004,1791225
ING,"Jul 17, 2026",31.92,32.49,31.89,32.33,31.97,-0.0152,1769659
ING,"Jul 16, 2026",32.85,32.96,32.66,32.83,32.47,-0.0144,1645410
ING,"Jul 15, 2026",33.04,33.36,32.98,33.31,32.94,0.0171,2528910
ING,"Jul 14, 2026",32.83,33.13,32.59,32.75,32.39,0.0139,3208496
ING,"Jul 13, 2026",32.57,32.61,32.18,32.3,31.95,-0.0028000000000000004,2558895
ING,"Jul 10, 2026",32.48,32.61,32.34,32.39,32.03,-0.0034000000000000002,2372106
ING,"Jul 9, 2026",32.49,32.62,32.36,32.5,32.14,0.0172,2097134
ING,"Jul 8, 2026",32.13,32.23,31.66,31.95,31.6,-0.009000000000000001,2826762
ING,"Jul 7, 2026",32.64,32.71,32.21,32.24,31.89,-0.0218,2253983
ING,"Jul 6, 2026",32.54,32.99,32.52,32.96,32.6,0.0268,2416191
ING,"Jul 2, 2026",32.28,32.4,31.89,32.1,31.75,0.0197,3437064
ING,"Jul 1, 2026",31.09,31.58,31.04,31.48,31.13,0.0032,2513910
ING,"Jun 30, 2026",31.23,31.54,31.16,31.38,31.04,0.0064,3573067
ING,"Jun 29, 2026",30.95,31.23,30.74,31.18,30.84,0.013000000000000001,4906269
ING,"Jun 26, 2026",30.96,31.06,30.68,30.78,30.44,-0.0077,6080787
ING,"Jun 25, 2026",31.12,31.29,30.91,31.02,30.68,-0.001,5377682
ING,"Jun 24, 2026",31.42,31.44,30.93,31.05,30.71,-0.019,5242774
ING,"Jun 23, 2026",31.82,31.89,31.63,31.65,31.3,-0.0171,5480390
ING,"Jun 22, 2026",32.02,32.22,31.96,32.2,31.85,0.0268,4418264
ING,"Jun 18, 2026",31.55,31.64,31.34,31.36,31.02,0.0038,7813223
ING,"Jun 17, 2026",31.51,31.83,31.11,31.24,30.9,0.0034999999999999996,5712767
ING,"Jun 16, 2026",31.02,31.22,30.93,31.13,30.79,0.023,4465141
ING,"Jun 15, 2026",30.67,30.7,30.37,30.43,30.1,0.0073,5202691
ING,"Jun 12, 2026",29.97,30.21,29.77,30.21,29.88,0.0179,5438860
ING,"Jun 11, 2026",28.92,29.71,28.72,29.68,29.35,0.0338,6614324
ING,"Jun 10, 2026",29.01,29.03,28.67,28.71,28.39,-0.0191,6109274
ING,"Jun 9, 2026",29.76,29.78,28.8,29.27,28.95,0.0055000000000000005,5929546
ING,"Jun 8, 2026",29.81,29.87,29.04,29.11,28.79,-0.0189,4245627
ING,"Jun 5, 2026",30.3,30.3,29.52,29.67,29.34,-0.032,5936912
ING,"Jun 4, 2026",30.53,30.7,30.37,30.65,30.31,0.0072,3008937
ING,"Jun 3, 2026",30.79,30.79,30.39,30.43,30.1,-0.019,1754485
ING,"Jun 2, 2026",30.93,31.18,30.91,31.02,30.68,0.0058,2027328
ING,"Jun 1, 2026",30.42,30.94,30.38,30.84,30.5,-0.0032,2704868
ING,"May 29, 2026",31.15,31.33,30.94,30.94,30.6,0.0032,2150014
ING,"May 28, 2026",30.66,31.01,30.49,30.84,30.5,-0.008,2687946
ING,"May 27, 2026",31.25,31.35,30.98,31.09,30.75,-0.0073,1735911
ING,"May 26, 2026",31.3,31.4,31.09,31.32,30.98,0.0269,1933261
ING,"May 22, 2026",30.82,30.9,30.48,30.5,30.16,-0.0052,2332491
ING,"May 21, 2026",30.04,30.83,30.01,30.66,30.32,0.009899999999999999,3418798
ING,"May 20, 2026",29.49,30.39,29.49,30.36,30.03,0.0383,3714782
ING,"May 19, 2026",29.41,29.55,29.23,29.24,28.92,-0.0098,2149863
ING,"May 18, 2026",29.48,29.64,29.21,29.53,29.21,0.0037,2442566
ING,"May 15, 2026",29.65,29.68,29.33,29.42,29.1,-0.021,1677130
ING,"May 14, 2026",30.35,30.45,30.04,30.05,29.72,0.0125,2138213
ING,"May 13, 2026",29.53,29.86,29.53,29.68,29.35,-0.003,2432811
ING,"May 12, 2026",29.53,29.81,29.42,29.77,29.44,-0.011000000000000001,2092557
ING,"May 11, 2026",30.31,30.37,30.06,30.1,29.77,-0.0007000000000000001,1815115
ING,"May 8, 2026",30.03,30.16,29.91,30.12,29.79,0.011399999999999999,1823589
ING,"May 7, 2026",30.4,30.5,29.75,29.78,29.45,-0.006,2920020
ING,"May 6, 2026",29.85,30.1,29.75,29.96,29.63,0.0546,2981137
ING,"May 5, 2026",28.4,28.52,28.15,28.41,28.1,0.0219,2260657
ING,"May 4, 2026",28.24,28.29,27.73,27.8,27.49,-0.0263,3003420
ING,"May 1, 2026",28.62,28.95,28.53,28.55,28.24,-0.0131,2122188
ING,"Apr 30, 2026",28.41,29.14,28.38,28.93,28.61,0.0463,3049515
ING,"Apr 29, 2026",28.0,28.06,27.54,27.65,27.35,-0.016,2454202
ING,"Apr 28, 2026",28.04,28.13,27.9,28.1,27.79,0.0011,1531587
ING,"Apr 27, 2026",27.93,28.13,27.87,28.07,27.76,0.0043,1897150
ING,"Apr 24, 2026",27.76,28.09,27.67,27.95,27.64,0.0083,2423005
ING,"Apr 23, 2026",27.88,28.09,27.37,27.72,27.42,-0.0128,3181134
ING,"Apr 22, 2026",28.49,28.49,28.02,28.08,27.77,-0.0144,2569042
ING,"Apr 21, 2026",28.99,29.13,28.4,28.49,28.18,-0.014199999999999999,2306325
ING,"Apr 20, 2026",28.91,28.96,28.68,28.9,28.58,0.0014000000000000002,2476343
ING,"Apr 17, 2026",29.06,29.25,28.82,28.86,28.54,0.0123,2544462
ING,"Apr 16, 2026",29.53,29.6,29.14,29.24,28.2,-0.0095,2181109
ING,"Apr 15, 2026",29.62,29.66,29.42,29.52,28.47,0.0051,2280395
ING,"Apr 14, 2026",29.27,29.47,29.25,29.37,28.32,0.006500000000000001,2147789
ING,"Apr 13, 2026",28.54,29.25,28.48,29.18,28.14,0.0171,2599033
ING,"Apr 10, 2026",28.9,28.97,28.64,28.69,27.66,0.0017000000000000001,1703070
ING,"Apr 9, 2026",28.16,28.88,28.12,28.64,27.62,0.011699999999999999,2816707
ING,"Apr 8, 2026",28.8,28.8,28.06,28.31,27.3,0.0528,4008498
ING,"Apr 7, 2026",26.49,26.97,26.28,26.89,25.93,0.0040999999999999995,4393333
ING,"Apr 6, 2026",26.56,26.85,26.56,26.78,25.82,0.0083,2215004
ING,"Apr 2, 2026",25.94,26.63,25.85,26.56,25.61,-0.009300000000000001,3179530
ING,"Apr 1, 2026",26.87,27.06,26.63,26.81,25.85,0.0292,5521324
ING,"Mar 31, 2026",25.49,26.07,25.35,26.05,25.12,0.051699999999999996,4207721
ING,"Mar 30, 2026",24.96,25.08,24.64,24.77,23.89,-0.0008,2968904
ING,"Mar 27, 2026",24.91,25.3,24.73,24.79,23.9,-0.0131,3410883
ING,"Mar 26, 2026",25.4,25.65,25.12,25.12,24.22,-0.0245,2332553
ING,"Mar 25, 2026",25.76,25.94,25.56,25.75,24.83,0.0239,2769924
ING,"Mar 24, 2026",25.03,25.43,24.95,25.15,24.25,-0.021,5267420
ING,"Mar 23, 2026",25.56,26.15,25.46,25.69,24.77,0.0219,4440663
ING,"Mar 20, 2026",25.94,25.95,24.94,25.14,24.24,-0.0308,6535439
ING,"Mar 19, 2026",25.1,26.12,25.06,25.94,25.01,0.0078000000000000005,4909621
ING,"Mar 18, 2026",26.11,26.34,25.72,25.74,24.82,-0.0127,3948287
ING,"Mar 17, 2026",26.26,26.37,25.9,26.07,25.14,0.005,2487782
ING,"Mar 16, 2026",25.94,26.12,25.84,25.94,25.01,0.0165,2366740
ING,"Mar 13, 2026",26.08,26.2,25.47,25.52,24.61,-0.0274,2434019
ING,"Mar 12, 2026",26.3,26.46,25.97,26.24,25.3,-0.0346,2920760
ING,"Mar 11, 2026",26.98,27.23,26.88,27.18,26.21,0.0037,2492463
ING,"Mar 10, 2026",27.15,27.61,26.82,27.08,26.11,0.0154,4309150
ING,"Mar 9, 2026",25.92,26.83,25.66,26.67,25.72,0.0098,3611054
ING,"Mar 6, 2026",26.03,26.51,25.78,26.41,25.47,-0.016399999999999998,2953323
ING,"Mar 5, 2026",26.9,27.13,26.48,26.85,25.89,-0.0147,2772789
ING,"Mar 4, 2026",27.12,27.31,26.94,27.25,26.28,0.0149,2483903
ING,"Mar 3, 2026",26.13,27.01,25.94,26.85,25.89,-0.0431,5001252
ING,"Mar 2, 2026",27.68,28.23,27.64,28.06,27.06,-0.024700000000000003,3939215
ING,"Feb 27, 2026",29.35,29.37,28.65,28.77,27.74,-0.0254,2936323
ING,"Feb 26, 2026",29.47,29.6,29.21,29.52,28.47,-0.0017000000000000001,2436547
ING,"Feb 25, 2026",29.16,29.59,29.14,29.57,28.51,0.0141,2721034
ING,"Feb 24, 2026",28.73,29.18,28.65,29.16,28.12,-0.0072,1989477
ING,"Feb 23, 2026",30.01,30.1,29.22,29.37,28.32,-0.0144,2517091
USB,"Aug 21, 2026",62.23,62.43,61.46,62.05,62.05,0.0044,5434045
USB,"Aug 20, 2026",62.7,63.06,61.77,61.78,61.78,-0.0166,5569453
USB,"Aug 19, 2026",64.84,64.91,62.64,62.82,62.82,-0.0304,7769431
USB,"Aug 18, 2026",65.18,65.32,64.27,64.79,64.79,-0.0012,5398646
USB,"Aug 17, 2026",65.22,66.08,64.78,64.87,64.87,-0.0084,5445982
USB,"Aug 14, 2026",65.07,65.56,64.93,65.42,65.42,0.0038,4365324
USB,"Aug 13, 2026",65.11,65.61,64.97,65.17,65.17,0.0023,3984004
USB,"Aug 12, 2026",64.6,65.1,64.23,65.02,65.02,0.011399999999999999,4126576
USB,"Aug 11, 2026",64.18,64.6,63.92,64.29,64.29,0.0016,3175489
USB,"Aug 10, 2026",63.51,64.32,63.44,64.19,64.19,0.0039000000000000003,5189194
USB,"Aug 7, 2026",63.6,64.06,63.11,63.94,63.94,0.002,3724468
USB,"Aug 6, 2026",64.72,65.02,63.63,63.81,63.81,-0.0062,6225202
USB,"Aug 5, 2026",64.5,64.67,64.05,64.21,64.21,-0.0003,9543043
USB,"Aug 4, 2026",63.53,64.85,63.51,64.23,64.23,0.0045000000000000005,9725697
USB,"Aug 3, 2026",63.36,63.96,63.09,63.94,63.94,0.0148,5524666
USB,"Jul 31, 2026",63.06,63.3,62.54,63.01,63.01,0.0017000000000000001,9069213
USB,"Jul 30, 2026",63.34,63.34,62.34,62.9,62.9,0.0013,6818030
USB,"Jul 29, 2026",64.01,64.29,62.61,62.82,62.82,-0.025,7956994
USB,"Jul 28, 2026",63.66,64.46,63.45,64.43,64.43,0.0148,7626076
USB,"Jul 27, 2026",64.1,64.67,63.22,63.49,63.49,-0.0075,6286469
USB,"Jul 24, 2026",63.38,64.13,63.36,63.97,63.97,0.0101,6802262
USB,"Jul 23, 2026",63.73,63.94,62.87,63.33,63.33,-0.0177,7197876
USB,"Jul 22, 2026",63.85,64.52,63.45,64.47,64.47,0.011899999999999999,9685649
USB,"Jul 21, 2026",63.1,63.75,62.64,63.71,63.71,0.009000000000000001,8665470
USB,"Jul 20, 2026",63.72,63.97,62.97,63.14,63.14,,11136941
USB,"Jul 17, 2026",64.11,64.84,63.11,63.14,63.14,-0.013600000000000001,13130375
USB,"Jul 16, 2026",63.0,64.27,62.4,64.01,64.01,0.0159,12041517
USB,"Jul 15, 2026",62.15,63.16,62.12,63.01,63.01,0.013999999999999999,8815432
USB,"Jul 14, 2026",62.04,63.14,61.83,62.14,62.14,-0.0032,7267136
USB,"Jul 13, 2026",62.78,62.93,61.96,62.34,62.34,-0.0011,6047894
USB,"Jul 10, 2026",62.42,62.75,62.14,62.41,62.41,0.008199999999999999,6355241
USB,"Jul 9, 2026",61.25,61.99,61.04,61.9,61.9,0.0148,5918430
USB,"Jul 8, 2026",62.49,62.49,60.6,61.0,61.0,-0.0301,7086397
USB,"Jul 7, 2026",63.27,63.39,62.86,62.89,62.89,0.001,5617897
USB,"Jul 6, 2026",62.9,63.05,62.34,62.83,62.83,0.0178,8351974
USB,"Jul 2, 2026",62.2,62.38,61.19,61.73,61.73,-0.0037,5958442
USB,"Jul 1, 2026",60.4,62.2,60.2,61.96,61.96,0.0258,9109803
USB,"Jun 30, 2026",60.49,60.87,60.21,60.4,60.4,-0.0059,9505693
USB,"Jun 29, 2026",60.83,61.63,60.71,61.28,60.76,0.0060999999999999995,7069479
USB,"Jun 26, 2026",61.44,61.51,60.35,60.91,60.39,-0.0049,14686296
USB,"Jun 25, 2026",60.48,61.88,60.35,61.21,60.69,0.0183,11435800
USB,"Jun 24, 2026",60.02,60.3,59.73,60.11,59.6,0.001,10474329
USB,"Jun 23, 2026",58.92,60.13,58.58,60.05,59.54,0.0233,10932405
USB,"Jun 22, 2026",58.25,59.1,58.25,58.68,58.18,0.009300000000000001,8633605
USB,"Jun 18, 2026",58.61,58.74,57.55,58.14,57.65,0.004,22023998
USB,"Jun 17, 2026",58.95,59.45,57.41,57.91,57.42,-0.0166,12390482
USB,"Jun 16, 2026",58.48,58.94,57.99,58.89,58.39,0.019,7014155
USB,"Jun 15, 2026",59.47,59.56,57.75,57.79,57.3,-0.0195,9353042
USB,"Jun 12, 2026",58.32,59.29,58.08,58.94,58.44,0.0227,9179692
USB,"Jun 11, 2026",56.89,57.68,56.4,57.63,57.14,0.0144,10191162
USB,"Jun 10, 2026",56.06,57.65,55.8,56.81,56.33,0.0141,12662789
USB,"Jun 9, 2026",55.72,56.46,55.37,56.02,55.54,0.0121,12464369
USB,"Jun 8, 2026",55.59,56.11,55.18,55.35,54.88,-0.0060999999999999995,7240947
USB,"Jun 5, 2026",55.52,55.96,55.29,55.69,55.22,0.0040999999999999995,6500337
USB,"Jun 4, 2026",53.78,55.55,53.37,55.46,54.99,0.0437,8788803
USB,"Jun 3, 2026",54.27,54.4,53.12,53.14,52.69,-0.026699999999999998,8073070
USB,"Jun 2, 2026",53.35,54.73,53.25,54.6,54.14,0.0196,7243738
USB,"Jun 1, 2026",53.88,54.49,53.21,53.55,53.1,-0.023700000000000002,8404355
USB,"May 29, 2026",54.42,54.93,54.09,54.85,54.38,0.0073,13124656
USB,"May 28, 2026",54.67,54.9,54.1,54.45,53.99,-0.0044,6702718
USB,"May 27, 2026",55.3,55.46,54.5,54.69,54.23,-0.0096,7949827
USB,"May 26, 2026",55.16,55.49,54.74,55.22,54.75,0.0070999999999999995,5636310
USB,"May 22, 2026",54.93,55.17,54.64,54.83,54.36,0.0049,5106947
USB,"May 21, 2026",54.33,54.65,53.89,54.56,54.1,0.0011,6126688
USB,"May 20, 2026",53.56,54.57,53.05,54.5,54.04,0.0225,5250657
USB,"May 19, 2026",53.24,53.67,52.61,53.3,52.85,-0.0028000000000000004,7519902
USB,"May 18, 2026",53.15,53.8,53.03,53.45,53.0,0.0062,5987646
USB,"May 15, 2026",53.4,53.42,52.33,53.12,52.67,-0.005600000000000001,10007179
USB,"May 14, 2026",53.34,53.84,53.26,53.42,52.97,0.0129,7846432
USB,"May 13, 2026",54.09,54.14,52.6,52.74,52.29,-0.0319,14646438
USB,"May 12, 2026",54.55,54.88,53.62,54.48,54.02,-0.0002,9068794
USB,"May 11, 2026",55.53,55.87,54.36,54.49,54.03,-0.0187,7847926
USB,"May 8, 2026",55.61,55.64,54.91,55.53,55.06,0.004,10662475
USB,"May 7, 2026",56.22,56.48,55.04,55.31,54.84,-0.0151,11680379
USB,"May 6, 2026",56.13,56.86,56.11,56.16,55.68,0.0101,9217844
USB,"May 5, 2026",55.52,55.8,55.3,55.6,55.13,0.006500000000000001,7014509
USB,"May 4, 2026",55.84,56.12,55.2,55.24,54.77,-0.018799999999999997,6218350
USB,"May 1, 2026",56.69,57.05,56.3,56.3,55.82,-0.0064,6572866
USB,"Apr 30, 2026",55.94,56.98,55.56,56.66,56.18,0.0087,10918700
USB,"Apr 29, 2026",56.21,56.46,55.49,56.17,55.69,-0.0007000000000000001,9615601
USB,"Apr 28, 2026",56.6,56.85,56.09,56.21,55.73,0.0043,7394682
USB,"Apr 27, 2026",55.63,56.42,55.56,55.97,55.5,0.006999999999999999,6763718
USB,"Apr 24, 2026",56.75,56.77,55.4,55.58,55.11,-0.018500000000000003,6146902
USB,"Apr 23, 2026",56.86,57.24,56.09,56.63,56.15,0.0005,6048873
USB,"Apr 22, 2026",57.05,57.31,56.47,56.6,56.12,-0.0042,8558650
USB,"Apr 21, 2026",57.1,58.05,56.7,56.84,56.36,-0.0028000000000000004,9241055
USB,"Apr 20, 2026",56.47,57.5,56.47,57.0,56.52,0.0012,8288296
USB,"Apr 17, 2026",55.95,57.39,55.85,56.93,56.45,0.026099999999999998,11266248
USB,"Apr 16, 2026",55.75,56.22,55.15,55.48,55.01,-0.0158,13686002
USB,"Apr 15, 2026",56.12,56.76,55.84,56.37,55.89,0.005,11346928
USB,"Apr 14, 2026",56.16,56.34,54.38,56.09,55.61,-0.0074,15677033
USB,"Apr 13, 2026",55.29,56.57,54.95,56.51,56.03,0.015300000000000001,5998257
USB,"Apr 10, 2026",56.29,56.32,55.57,55.66,55.19,-0.011899999999999999,7385162
USB,"Apr 9, 2026",55.06,56.54,55.04,56.33,55.85,0.0175,10182797
USB,"Apr 8, 2026",55.22,55.75,54.76,55.36,54.89,0.030899999999999997,8145637
USB,"Apr 7, 2026",53.27,53.8,53.16,53.7,53.24,0.0049,9198326
USB,"Apr 6, 2026",53.01,53.58,52.87,53.44,52.99,0.009300000000000001,6535882
USB,"Apr 2, 2026",51.95,53.08,51.6,52.95,52.5,0.0038,7052721
USB,"Apr 1, 2026",52.75,53.02,52.26,52.75,52.3,0.014199999999999999,7985858
USB,"Mar 31, 2026",51.18,52.13,50.72,52.01,51.57,0.032799999999999996,15709955
USB,"Mar 30, 2026",51.17,51.31,50.51,50.88,49.93,0.0006,8690016
USB,"Mar 27, 2026",51.29,51.5,50.5,50.85,49.9,-0.0143,10774380
USB,"Mar 26, 2026",51.5,51.94,51.31,51.59,50.63,-0.0058,7317228
USB,"Mar 25, 2026",52.32,52.78,51.43,51.89,50.92,-0.0048,8957684
USB,"Mar 24, 2026",50.77,52.56,50.75,52.14,51.17,0.012,13434744
USB,"Mar 23, 2026",52.83,52.95,51.44,51.52,50.56,0.0053,12235369
USB,"Mar 20, 2026",51.41,51.67,50.67,51.25,50.3,-0.001,21632619
USB,"Mar 19, 2026",50.98,51.84,50.39,51.3,50.34,-0.0004,9543035
USB,"Mar 18, 2026",51.85,52.33,51.27,51.32,50.36,-0.005,10519749
USB,"Mar 17, 2026",51.99,52.36,51.43,51.58,50.62,0.008199999999999999,8280839
USB,"Mar 16, 2026",51.56,51.98,51.07,51.16,50.21,0.0031,10617983
USB,"Mar 13, 2026",52.07,52.17,50.92,51.0,50.05,-0.009300000000000001,10742512
USB,"Mar 12, 2026",51.13,52.03,51.1,51.48,50.52,-0.0144,11993598
USB,"Mar 11, 2026",52.1,52.5,51.36,52.23,51.26,0.0054,12058277
USB,"Mar 10, 2026",52.14,52.9,51.35,51.95,50.98,-0.0034999999999999996,10461468
USB,"Mar 9, 2026",51.53,52.44,50.32,52.13,51.16,-0.0046,11260895
USB,"Mar 6, 2026",52.6,52.85,51.37,52.37,51.39,-0.0286,9804910
USB,"Mar 5, 2026",53.53,54.32,53.2,53.91,52.91,-0.0079,12849342
USB,"Mar 4, 2026",54.34,54.57,53.73,54.34,53.33,0.006500000000000001,6987617
USB,"Mar 3, 2026",53.19,54.69,52.92,53.99,52.98,-0.011699999999999999,11508974
USB,"Mar 2, 2026",53.65,55.27,53.25,54.63,53.61,-0.0005,8980727
USB,"Feb 27, 2026",56.21,56.5,54.09,54.66,53.64,-0.0454,13058712
USB,"Feb 26, 2026",56.81,58.1,56.46,57.26,56.19,0.0216,10932200
USB,"Feb 25, 2026",55.53,56.15,55.19,56.05,55.01,0.018500000000000003,8646917
USB,"Feb 24, 2026",55.37,55.82,54.55,55.03,54.01,-0.013999999999999999,9373829
USB,"Feb 23, 2026",58.63,58.87,55.53,55.81,54.77,-0.048600000000000004,9705007
BN,"Aug 21, 2026",41.75,42.13,41.6,41.69,41.69,0.0077,2493246
BN,"Aug 20, 2026",42.02,42.27,41.37,41.37,41.37,-0.018500000000000003,3503746
BN,"Aug 19, 2026",42.63,42.81,42.09,42.15,42.15,0.0005,2867932
BN,"Aug 18, 2026",42.45,42.58,41.77,42.13,42.13,-0.014499999999999999,3848489
BN,"Aug 17, 2026",43.5,43.75,42.75,42.75,42.75,-0.025099999999999997,4175378
BN,"Aug 14, 2026",45.0,45.04,43.31,43.85,43.85,-0.0279,5510534
BN,"Aug 13, 2026",44.87,45.37,43.99,45.11,45.11,0.009399999999999999,4506688
BN,"Aug 12, 2026",45.18,45.25,44.2,44.69,44.69,-0.0025,4659755
BN,"Aug 11, 2026",44.45,45.62,44.36,44.8,44.8,0.011699999999999999,5809373
BN,"Aug 10, 2026",43.82,44.4,43.78,44.28,44.28,0.0045000000000000005,3001576
BN,"Aug 7, 2026",44.35,44.59,43.92,44.08,44.08,0.0023,3359040
BN,"Aug 6, 2026",44.56,44.76,43.92,43.98,43.98,-0.0126,2876606
BN,"Aug 5, 2026",45.0,45.09,44.08,44.54,44.54,-0.0018,5169075
BN,"Aug 4, 2026",43.99,44.87,43.61,44.62,44.62,0.025,5196657
BN,"Aug 3, 2026",42.85,43.63,42.83,43.53,43.53,0.0235,9048824
BN,"Jul 31, 2026",41.82,42.86,41.81,42.53,42.53,0.011899999999999999,4440735
BN,"Jul 30, 2026",42.05,42.25,41.6,42.03,42.03,0.008199999999999999,3716232
BN,"Jul 29, 2026",42.19,42.41,41.23,41.69,41.69,-0.016,4213669
BN,"Jul 28, 2026",41.99,42.59,41.55,42.37,42.37,0.0069,4227391
BN,"Jul 27, 2026",42.12,42.51,41.86,42.08,42.08,0.0098,3866337
BN,"Jul 24, 2026",41.55,42.13,41.17,41.67,41.67,0.011200000000000002,3173156
BN,"Jul 23, 2026",41.31,41.46,40.93,41.21,41.21,-0.0144,5178461
BN,"Jul 22, 2026",42.11,42.51,41.66,41.81,41.81,-0.008100000000000001,2560915
BN,"Jul 21, 2026",42.55,42.6,42.15,42.15,42.15,-0.005699999999999999,3830967
BN,"Jul 20, 2026",43.5,43.69,42.27,42.39,42.39,-0.028399999999999998,5453458
BN,"Jul 17, 2026",44.0,44.0,43.27,43.63,43.63,-0.0151,2295817
BN,"Jul 16, 2026",44.18,44.59,43.79,44.3,44.3,-0.0038,3150064
BN,"Jul 15, 2026",44.03,45.08,43.92,44.47,44.47,0.018600000000000002,3315763
BN,"Jul 14, 2026",43.71,43.85,43.13,43.66,43.66,0.0069,3088169
BN,"Jul 13, 2026",43.74,44.3,43.21,43.36,43.36,-0.0085,2389649
BN,"Jul 10, 2026",43.36,43.93,43.29,43.73,43.73,0.0149,2922886
BN,"Jul 9, 2026",42.97,43.55,42.64,43.09,43.09,0.0037,2709919
BN,"Jul 8, 2026",43.43,43.46,42.49,42.93,42.93,-0.0196,2791773
BN,"Jul 7, 2026",44.0,44.12,43.51,43.79,43.79,-0.0039000000000000003,2394290
BN,"Jul 6, 2026",43.64,44.31,43.63,43.96,43.96,0.012199999999999999,4032395
BN,"Jul 2, 2026",43.48,43.6,42.92,43.43,43.43,0.0154,3018486
BN,"Jul 1, 2026",42.61,43.3,42.49,42.77,42.77,0.0042,2073899
BN,"Jun 30, 2026",42.1,42.92,41.93,42.59,42.59,0.010700000000000001,3374247
BN,"Jun 29, 2026",43.31,43.45,41.9,42.14,42.14,-0.017,3303049
BN,"Jun 26, 2026",42.87,43.22,42.51,42.87,42.87,-0.003,3004987
BN,"Jun 25, 2026",43.4,43.69,42.63,43.0,43.0,0.0016,3215822
BN,"Jun 24, 2026",43.94,43.94,42.63,42.93,42.93,-0.023,7465726
BN,"Jun 23, 2026",43.75,44.2,43.48,43.94,43.94,-0.0043,4015466
BN,"Jun 22, 2026",44.16,45.0,43.87,44.13,44.13,-0.006999999999999999,3632861
BN,"Jun 18, 2026",45.09,45.32,44.24,44.44,44.44,-0.0067,3679536
BN,"Jun 17, 2026",45.51,46.39,44.72,44.74,44.74,-0.0204,3960058
BN,"Jun 16, 2026",45.9,46.15,45.47,45.67,45.67,-0.0002,3374385
BN,"Jun 15, 2026",46.26,46.5,45.67,45.68,45.68,0.012,3988876
BN,"Jun 12, 2026",45.48,45.7,45.06,45.21,45.14,0.004,3340678
BN,"Jun 11, 2026",44.71,45.08,43.84,45.03,44.96,0.009399999999999999,3943682
BN,"Jun 10, 2026",45.1,45.71,44.58,44.61,44.54,-0.019799999999999998,3978672
BN,"Jun 9, 2026",44.65,45.65,44.43,45.51,45.44,0.028900000000000002,5335138
BN,"Jun 8, 2026",44.73,45.04,44.06,44.23,44.16,-0.0083,6171647
BN,"Jun 5, 2026",44.73,44.8,44.09,44.6,44.53,-0.01,3503267
BN,"Jun 4, 2026",44.16,45.15,44.02,45.05,44.98,0.026699999999999998,4515836
BN,"Jun 3, 2026",44.3,44.41,43.57,43.88,43.81,-0.0375,6424612
BN,"Jun 2, 2026",45.11,45.96,45.03,45.59,45.52,0.006,3113830
BN,"Jun 1, 2026",45.28,45.74,44.8,45.32,45.25,-0.0059,4775041
BN,"May 29, 2026",45.97,46.52,45.53,45.59,45.52,-0.0106,4705251
BN,"May 28, 2026",45.92,46.59,45.34,46.08,46.01,0.0015,3406913
BN,"May 27, 2026",46.1,46.56,45.65,46.01,45.94,-0.0002,3422446
BN,"May 26, 2026",46.0,46.7,45.53,46.02,45.95,0.0143,3070342
BN,"May 22, 2026",45.69,45.89,45.11,45.37,45.3,-0.0015,2514048
BN,"May 21, 2026",45.0,45.65,44.59,45.44,45.37,0.0022,5277452
BN,"May 20, 2026",44.79,45.47,44.12,45.34,45.27,0.0239,3911647
BN,"May 19, 2026",44.91,45.36,44.25,44.28,44.21,-0.0173,4106011
BN,"May 18, 2026",45.78,46.22,44.69,45.06,44.99,-0.0105,5298171
BN,"May 15, 2026",46.64,46.85,45.41,45.54,45.47,-0.04190000000000001,5627904
BN,"May 14, 2026",45.88,48.6,45.71,47.53,47.46,0.0541,8233222
BN,"May 13, 2026",45.59,45.9,45.09,45.09,45.02,-0.0176,6875345
BN,"May 12, 2026",46.22,46.29,45.59,45.9,45.83,-0.0095,4734798
BN,"May 11, 2026",46.84,47.19,46.16,46.34,46.27,-0.015700000000000002,6688370
BN,"May 8, 2026",46.63,47.08,45.87,47.08,47.01,0.0123,4556296
BN,"May 7, 2026",46.71,46.95,46.11,46.51,46.44,0.0013,6423368
BN,"May 6, 2026",46.7,47.09,46.13,46.45,46.38,0.013300000000000001,13045702
BN,"May 5, 2026",45.25,46.0,44.91,45.84,45.77,0.0191,3966664
BN,"May 4, 2026",45.16,45.84,44.69,44.98,44.91,-0.0055000000000000005,4151481
BN,"May 1, 2026",45.5,45.73,44.99,45.23,45.16,0.0024,5728177
BN,"Apr 30, 2026",43.13,45.2,43.04,45.12,45.05,0.0452,4973102
BN,"Apr 29, 2026",44.15,44.46,42.95,43.17,43.1,-0.024,5471604
BN,"Apr 28, 2026",44.85,44.96,44.01,44.23,44.16,-0.0132,6022726
BN,"Apr 27, 2026",45.3,45.78,44.77,44.82,44.75,-0.014499999999999999,4159053
BN,"Apr 24, 2026",45.4,45.62,44.91,45.48,45.41,0.0026,3292459
BN,"Apr 23, 2026",45.8,46.24,44.86,45.36,45.29,-0.018000000000000002,5415921
BN,"Apr 22, 2026",46.93,46.99,46.01,46.19,46.12,-0.0054,5562701
BN,"Apr 21, 2026",46.96,47.68,46.3,46.44,46.37,-0.004699999999999999,5592725
BN,"Apr 20, 2026",46.37,46.94,46.26,46.66,46.59,0.0015,4816034
BN,"Apr 17, 2026",46.72,47.6,46.52,46.59,46.52,0.0139,5362104
BN,"Apr 16, 2026",46.49,46.67,45.91,45.95,45.88,-0.0118,4905846
BN,"Apr 15, 2026",45.86,46.8,45.71,46.5,46.43,0.0209,6182462
BN,"Apr 14, 2026",44.0,45.69,43.86,45.55,45.48,0.0426,6536417
BN,"Apr 13, 2026",41.76,43.83,41.76,43.69,43.62,0.0368,5992174
BN,"Apr 10, 2026",42.37,42.76,42.02,42.14,42.07,-0.0045000000000000005,4875244
BN,"Apr 9, 2026",41.81,42.62,41.79,42.33,42.26,0.0067,4990327
BN,"Apr 8, 2026",42.69,43.2,41.86,42.05,41.98,0.0311,9123600
BN,"Apr 7, 2026",40.45,40.83,40.04,40.78,40.72,0.0005,4435519
BN,"Apr 6, 2026",40.77,41.06,40.55,40.76,40.7,-0.0032,3249040
BN,"Apr 2, 2026",39.79,41.16,39.66,40.89,40.83,0.0037,5233762
BN,"Apr 1, 2026",41.0,41.19,40.38,40.74,40.68,0.0067,9221091
BN,"Mar 31, 2026",39.51,40.58,39.11,40.47,40.41,0.0452,6337138
BN,"Mar 30, 2026",39.39,39.98,38.63,38.72,38.66,-0.0072,9830407
BN,"Mar 27, 2026",39.47,39.62,38.89,39.0,38.94,-0.0166,5036016
BN,"Mar 26, 2026",39.42,40.5,39.39,39.66,39.6,-0.0063,5526088
BN,"Mar 25, 2026",40.0,40.27,39.22,39.91,39.85,0.0176,5909144
BN,"Mar 24, 2026",38.8,39.29,38.32,39.22,39.16,-0.0058,6925965
BN,"Mar 23, 2026",39.36,39.95,38.97,39.45,39.39,0.0311,5412939
BN,"Mar 20, 2026",39.07,39.18,37.93,38.26,38.2,-0.022000000000000002,6633911
BN,"Mar 19, 2026",38.78,39.15,38.43,39.12,39.06,-0.0033,6058058
BN,"Mar 18, 2026",39.44,40.2,39.17,39.25,39.19,-0.0116,3853324
BN,"Mar 17, 2026",39.63,40.06,39.49,39.71,39.65,0.016399999999999998,5025596
BN,"Mar 16, 2026",39.3,39.39,38.66,39.14,39.01,0.020099999999999996,4738654
BN,"Mar 13, 2026",39.0,39.26,38.28,38.37,38.24,-0.0101,8743021
BN,"Mar 12, 2026",39.75,40.14,38.69,38.76,38.63,-0.043899999999999995,9935869
BN,"Mar 11, 2026",41.56,41.89,40.43,40.54,40.4,-0.0276,6543293
BN,"Mar 10, 2026",41.04,42.34,40.5,41.69,41.55,0.0148,5681464
BN,"Mar 9, 2026",40.33,41.16,39.63,41.08,40.94,-0.0029,9201037
BN,"Mar 6, 2026",41.5,41.6,40.43,41.2,41.06,-0.0304,7766926
BN,"Mar 5, 2026",42.77,43.31,41.96,42.49,42.35,-0.016200000000000003,6567245
BN,"Mar 4, 2026",43.34,43.58,42.93,43.19,43.05,0.0044,3879167
BN,"Mar 3, 2026",42.61,43.4,41.5,43.0,42.86,-0.0218,7805624
BN,"Mar 2, 2026",42.78,44.45,42.27,43.96,43.81,0.0027,6250683
BN,"Feb 27, 2026",44.6,44.68,43.24,43.84,43.69,-0.0354,11845276
BN,"Feb 26, 2026",45.84,46.11,44.84,45.45,45.3,-0.0031,5631062
BN,"Feb 25, 2026",45.4,45.81,44.61,45.59,45.44,0.013300000000000001,3844964
BN,"Feb 24, 2026",43.85,45.17,43.57,44.99,44.84,0.0225,6358563
BN,"Feb 23, 2026",45.6,45.85,43.72,44.0,43.85,-0.0431,9414392
CME,"Aug 21, 2026",272.58,275.5,271.64,274.98,274.98,0.0152,1682898
CME,"Aug 20, 2026",266.94,273.18,266.42,270.87,270.87,0.0147,1567438
CME,"Aug 19, 2026",270.25,272.3,262.2,266.94,266.94,-0.0169,2561554
CME,"Aug 18, 2026",271.36,274.0,269.06,271.54,271.54,0.0137,1488913
CME,"Aug 17, 2026",269.32,271.83,267.67,267.88,267.88,-0.0070999999999999995,2150692
CME,"Aug 14, 2026",266.88,271.09,265.56,269.8,269.8,0.0097,1717442
CME,"Aug 13, 2026",262.17,267.59,261.4,267.21,267.21,0.0192,2023308
CME,"Aug 12, 2026",256.91,263.39,256.83,262.17,262.17,0.011000000000000001,1366262
CME,"Aug 11, 2026",262.82,262.98,258.76,259.32,259.32,-0.016399999999999998,1593495
CME,"Aug 10, 2026",262.57,268.53,262.01,263.65,263.65,,1578457
CME,"Aug 7, 2026",262.57,266.27,262.43,263.66,263.66,-0.0025,1250863
CME,"Aug 6, 2026",266.11,269.0,262.73,264.32,264.32,-0.0017000000000000001,1841436
CME,"Aug 5, 2026",264.48,265.95,259.24,264.78,264.78,0.008199999999999999,1745830
CME,"Aug 4, 2026",262.17,264.44,260.4,262.63,262.63,-0.013300000000000001,2294797
CME,"Aug 3, 2026",267.73,270.0,264.31,266.17,266.17,-0.006,1622593
CME,"Jul 31, 2026",266.64,269.94,265.0,267.79,267.79,0.0021,3269498
CME,"Jul 30, 2026",260.81,267.47,260.6,267.22,267.22,0.0067,2591038
CME,"Jul 29, 2026",260.25,266.26,259.44,265.44,265.44,0.0209,2916588
CME,"Jul 28, 2026",256.51,262.34,255.34,260.0,260.0,0.0182,2238656
CME,"Jul 27, 2026",255.47,256.65,251.51,255.36,255.36,0.0002,1675509
CME,"Jul 24, 2026",254.2,256.16,251.34,255.31,255.31,0.0039000000000000003,1809402
CME,"Jul 23, 2026",250.35,257.53,249.74,254.32,254.32,0.0204,2878194
CME,"Jul 22, 2026",247.58,255.25,244.66,249.24,249.24,0.05,3897990
CME,"Jul 21, 2026",243.5,243.72,237.14,237.38,237.38,-0.0315,3608262
CME,"Jul 20, 2026",243.5,246.7,241.22,245.11,245.11,0.0002,2975442
CME,"Jul 17, 2026",246.27,248.3,243.16,245.05,245.05,-0.005,3360550
CME,"Jul 16, 2026",245.86,247.23,242.02,246.27,246.27,0.0044,2405765
CME,"Jul 15, 2026",243.2,247.24,243.03,245.18,245.18,0.0064,2467436
CME,"Jul 14, 2026",242.51,247.36,242.0,243.61,243.61,-0.0060999999999999995,1873819
CME,"Jul 13, 2026",243.1,245.65,240.49,245.1,245.1,0.020099999999999996,2240304
CME,"Jul 10, 2026",240.71,243.09,236.62,240.27,240.27,0.0023,1979874
CME,"Jul 9, 2026",238.34,240.31,234.37,239.71,239.71,-0.0138,3407249
CME,"Jul 8, 2026",240.75,247.09,240.03,243.07,243.07,0.0096,3881667
CME,"Jul 7, 2026",237.01,243.28,235.6,240.75,240.75,0.0255,2994561
CME,"Jul 6, 2026",235.86,236.88,231.3,234.76,234.76,-0.0078000000000000005,3042348
CME,"Jul 2, 2026",230.67,237.42,230.67,236.6,236.6,0.0242,4627474
CME,"Jul 1, 2026",223.73,231.13,222.25,231.0,231.0,0.0461,5159137
CME,"Jun 30, 2026",220.3,224.92,218.71,220.83,220.83,0.0103,4046837
CME,"Jun 29, 2026",224.07,225.23,218.31,218.58,218.58,-0.011000000000000001,5083906
CME,"Jun 26, 2026",225.34,225.73,220.73,221.0,221.0,-0.0178,5970282
CME,"Jun 25, 2026",231.32,231.32,224.4,225.0,225.0,-0.0288,4426142
CME,"Jun 24, 2026",243.74,244.64,231.3,231.68,231.68,-0.0437,5584785
CME,"Jun 23, 2026",248.57,249.75,241.45,242.26,242.26,-0.012,3297094
CME,"Jun 22, 2026",247.25,248.58,244.67,245.2,245.2,-0.0048,3046300
CME,"Jun 18, 2026",252.82,258.0,245.61,246.38,246.38,-0.024399999999999998,6953865
CME,"Jun 17, 2026",252.18,254.96,246.0,252.54,252.54,-0.0346,6690547
CME,"Jun 16, 2026",268.3,268.3,254.01,261.6,261.6,-0.0168,4095693
CME,"Jun 15, 2026",267.5,269.53,264.01,266.08,266.08,-0.0128,2658357
CME,"Jun 12, 2026",263.5,270.0,263.45,269.53,269.53,0.027999999999999997,2863176
CME,"Jun 11, 2026",265.8,267.41,262.0,262.18,262.18,-0.0060999999999999995,3508811
CME,"Jun 10, 2026",259.17,264.14,256.23,263.8,263.8,0.030699999999999998,3141133
CME,"Jun 9, 2026",251.36,260.49,250.48,255.94,255.94,0.0208,3717508
CME,"Jun 8, 2026",255.6,256.05,249.81,252.03,250.73,-0.0209,3763066
CME,"Jun 5, 2026",257.48,259.45,255.43,257.4,256.07,0.0052,3516199
CME,"Jun 4, 2026",256.23,259.04,254.33,256.06,254.74,0.013500000000000002,3688580
CME,"Jun 3, 2026",254.23,257.5,251.28,252.64,251.34,0.0084,5097503
CME,"Jun 2, 2026",258.5,260.42,244.56,250.53,249.24,-0.027999999999999997,8507153
CME,"Jun 1, 2026",272.15,274.19,257.22,257.76,256.43,-0.057699999999999994,6266198
CME,"May 29, 2026",277.05,279.82,272.28,273.54,272.13,-0.013999999999999999,6459940
CME,"May 28, 2026",279.63,280.4,277.11,277.42,275.99,-0.006,2146330
CME,"May 27, 2026",280.92,281.75,277.01,279.1,277.66,-0.012199999999999999,2863071
CME,"May 26, 2026",290.01,290.86,280.66,282.54,281.08,-0.0298,2340075
CME,"May 22, 2026",289.1,293.09,289.1,291.23,289.73,0.0067,1437501
CME,"May 21, 2026",293.98,294.8,288.76,289.29,287.8,-0.0029,2443721
CME,"May 20, 2026",300.7,301.91,290.05,290.12,288.62,-0.0405,2860172
CME,"May 19, 2026",305.82,308.01,302.24,302.37,300.81,-0.009000000000000001,2129664
CME,"May 18, 2026",297.87,305.46,297.87,305.12,303.55,0.0209,1913076
CME,"May 15, 2026",301.28,304.72,297.88,298.86,297.32,0.0039000000000000003,2216538
CME,"May 14, 2026",297.33,298.86,294.4,297.7,296.16,0.0019,1576894
CME,"May 13, 2026",285.45,297.78,284.62,297.13,295.6,0.0398,3523648
CME,"May 12, 2026",286.03,287.47,282.41,285.75,284.28,0.011200000000000002,3198651
CME,"May 11, 2026",281.42,284.21,280.63,282.58,281.12,0.004699999999999999,2607822
CME,"May 8, 2026",286.41,286.95,280.69,281.25,279.8,-0.0195,2308703
CME,"May 7, 2026",288.2,288.38,285.15,286.85,285.37,-0.0052,2364014
CME,"May 6, 2026",285.78,288.89,283.02,288.34,286.85,0.0053,2168925
CME,"May 5, 2026",289.77,290.5,286.35,286.82,285.34,-0.012,1949241
CME,"May 4, 2026",287.48,292.34,286.13,290.29,288.79,0.0026,1700841
CME,"May 1, 2026",289.34,291.11,288.01,289.54,288.05,0.006,2019685
CME,"Apr 30, 2026",285.34,288.77,283.8,287.82,286.34,0.0019,2508737
CME,"Apr 29, 2026",282.93,287.75,281.91,287.27,285.79,0.0096,1956641
CME,"Apr 28, 2026",286.29,287.0,283.21,284.53,283.06,0.0092,1805416
CME,"Apr 27, 2026",286.5,286.5,281.36,281.94,280.49,-0.0109,2009750
CME,"Apr 24, 2026",284.09,286.36,279.85,285.06,283.59,-0.0014000000000000002,2347568
CME,"Apr 23, 2026",285.11,286.6,280.08,285.47,284.0,-0.0008,2655162
CME,"Apr 22, 2026",275.06,286.97,274.6,285.71,284.24,0.0046,3394164
CME,"Apr 21, 2026",288.46,289.0,283.05,284.4,282.93,-0.0106,2714477
CME,"Apr 20, 2026",288.22,289.99,286.57,287.45,285.97,-0.0007000000000000001,2071097
CME,"Apr 17, 2026",293.57,294.08,284.48,287.65,286.17,-0.028900000000000002,3976195
CME,"Apr 16, 2026",296.18,298.25,295.26,296.22,294.69,-0.0023,1900776
CME,"Apr 15, 2026",296.89,298.88,294.94,296.9,295.37,-0.0004,1828723
CME,"Apr 14, 2026",298.19,299.96,295.84,297.03,295.5,-0.0118,2279966
CME,"Apr 13, 2026",297.12,300.74,295.83,300.59,299.04,0.0179,1612003
CME,"Apr 10, 2026",300.86,300.86,294.01,295.3,293.78,-0.0121,3025685
CME,"Apr 9, 2026",302.96,303.68,297.64,298.93,297.39,-0.0128,4031679
CME,"Apr 8, 2026",299.36,304.86,298.66,302.81,301.25,-0.025,3168262
CME,"Apr 7, 2026",308.23,312.68,307.26,310.58,308.98,0.006500000000000001,1519284
CME,"Apr 6, 2026",305.64,310.23,304.19,308.57,306.98,0.0113,1471702
CME,"Apr 2, 2026",300.4,305.9,297.82,305.11,303.54,0.0275,1741616
CME,"Apr 1, 2026",295.74,297.2,293.5,296.94,295.41,0.0054,1938916
CME,"Mar 31, 2026",298.61,300.0,292.62,295.35,293.83,-0.0075,2357365
CME,"Mar 30, 2026",297.25,298.42,293.87,297.58,296.05,0.0129,1315257
CME,"Mar 27, 2026",297.58,299.12,293.3,293.78,292.26,-0.0128,1579941
CME,"Mar 26, 2026",297.55,300.85,294.08,297.58,296.05,0.0124,2084236
CME,"Mar 25, 2026",300.95,302.26,292.95,293.93,292.41,-0.028900000000000002,2740163
CME,"Mar 24, 2026",303.96,307.34,302.0,302.68,301.12,-0.0127,1754836
CME,"Mar 23, 2026",305.0,307.98,304.52,306.56,304.98,-0.0025,1963608
CME,"Mar 20, 2026",310.31,311.87,304.5,307.32,305.73,-0.0109,3942833
CME,"Mar 19, 2026",310.94,313.19,307.77,310.71,309.11,0.0059,2003681
CME,"Mar 18, 2026",311.95,314.17,308.43,308.9,307.31,-0.0141,1583342
CME,"Mar 17, 2026",313.37,316.75,312.09,313.33,311.71,-0.0016,1374764
CME,"Mar 16, 2026",309.26,314.3,308.97,313.83,312.21,0.0078000000000000005,1936884
CME,"Mar 13, 2026",312.08,314.39,310.87,311.4,309.79,0.0007000000000000001,2253394
CME,"Mar 12, 2026",308.24,312.51,305.07,311.19,309.58,0.0259,2449632
CME,"Mar 11, 2026",304.56,305.66,302.09,303.33,301.77,-0.0098,2072407
CME,"Mar 10, 2026",309.26,310.2,300.81,306.34,304.76,-0.017,2715688
CME,"Mar 9, 2026",317.33,320.86,314.57,319.09,310.03,0.0063,3573343
CME,"Mar 6, 2026",315.9,320.29,314.16,317.1,308.1,0.0009,1846343
CME,"Mar 5, 2026",318.18,320.6,314.96,316.81,307.82,-0.01,2195651
CME,"Mar 4, 2026",319.82,322.15,317.81,320.0,310.92,-0.0158,2559674
CME,"Mar 3, 2026",327.55,329.16,324.04,325.13,315.9,-0.0040999999999999995,2545074
CME,"Mar 2, 2026",322.07,327.79,321.7,326.46,317.19,0.0218,2459677
CME,"Feb 27, 2026",319.39,321.81,316.64,319.5,310.43,0.0096,2806024
CME,"Feb 26, 2026",310.39,316.79,309.0,316.45,307.47,0.0296,2477660
CME,"Feb 25, 2026",317.65,322.57,306.34,307.36,298.64,-0.0366,3904000
CME,"Feb 24, 2026",313.44,319.24,313.28,319.03,309.97,0.016,2395310
CME,"Feb 23, 2026",309.27,314.19,308.87,314.0,305.09,0.0192,3117915
BCS,"Aug 21, 2026",26.87,26.96,26.73,26.83,26.83,0.0128,2399217
BCS,"Aug 20, 2026",26.89,26.95,26.47,26.49,26.49,-0.0141,2321293
BCS,"Aug 19, 2026",27.48,27.48,26.82,26.87,26.87,-0.0183,3176642
BCS,"Aug 18, 2026",27.47,27.6,27.26,27.37,27.37,-0.0155,2628983
BCS,"Aug 17, 2026",27.99,28.07,27.79,27.8,27.8,-0.0121,2766486
BCS,"Aug 14, 2026",28.25,28.29,28.06,28.14,28.14,0.0018,2114469
BCS,"Aug 13, 2026",28.25,28.28,27.95,28.09,28.09,0.0018,2707799
BCS,"Aug 12, 2026",28.01,28.14,27.92,28.04,28.04,0.0072,2597769
BCS,"Aug 11, 2026",27.93,28.14,27.84,27.84,27.84,-0.005,1829278
BCS,"Aug 10, 2026",27.87,28.06,27.8,27.98,27.98,0.0018,2432055
BCS,"Aug 7, 2026",28.15,28.17,27.82,27.93,27.93,0.0018,1939520
BCS,"Aug 6, 2026",28.62,28.69,28.11,28.18,27.88,-0.0098,2114515
BCS,"Aug 5, 2026",28.22,28.62,28.2,28.46,28.16,0.015700000000000002,4940177
BCS,"Aug 4, 2026",28.03,28.26,27.97,28.02,27.72,0.0068000000000000005,4182898
BCS,"Aug 3, 2026",27.73,27.85,27.55,27.83,27.53,0.012,3396703
BCS,"Jul 31, 2026",27.49,27.67,27.11,27.5,27.21,-0.0072,4949258
BCS,"Jul 30, 2026",27.27,27.76,27.21,27.7,27.41,0.0633,4814520
BCS,"Jul 29, 2026",26.28,26.57,26.02,26.05,25.77,-0.0345,7323749
BCS,"Jul 28, 2026",26.5,27.11,26.15,26.98,26.69,-0.0553,12004897
BCS,"Jul 27, 2026",28.6,28.67,28.05,28.56,28.26,0.0233,7561630
BCS,"Jul 24, 2026",27.84,28.13,27.73,27.91,27.61,0.009000000000000001,4887924
BCS,"Jul 23, 2026",27.38,27.81,27.34,27.66,27.37,-0.0167,5933474
BCS,"Jul 22, 2026",28.27,28.34,28.13,28.13,27.83,0.0072,4048902
BCS,"Jul 21, 2026",27.75,28.13,27.52,27.93,27.63,0.0253,5549668
BCS,"Jul 20, 2026",27.81,27.92,27.22,27.24,26.95,-0.0208,7045765
BCS,"Jul 17, 2026",27.24,27.94,27.14,27.82,27.52,-0.014499999999999999,7502196
BCS,"Jul 16, 2026",28.1,28.3,27.92,28.23,27.93,-0.0042,8135725
BCS,"Jul 15, 2026",28.0,28.4,27.94,28.35,28.05,0.0298,4445263
BCS,"Jul 14, 2026",27.56,28.15,27.33,27.53,27.24,0.0088,6623172
BCS,"Jul 13, 2026",27.32,27.37,27.07,27.29,27.0,-0.0069,3997092
BCS,"Jul 10, 2026",27.43,27.65,27.32,27.48,27.19,0.0088,3838613
BCS,"Jul 9, 2026",27.19,27.37,27.08,27.24,26.95,0.0168,2690625
BCS,"Jul 8, 2026",27.09,27.17,26.54,26.79,26.51,-0.0226,5195071
BCS,"Jul 7, 2026",27.86,28.02,27.39,27.41,27.12,-0.0352,3601647
BCS,"Jul 6, 2026",28.08,28.43,28.07,28.41,28.11,0.023,3524771
BCS,"Jul 2, 2026",27.89,28.0,27.47,27.77,27.48,0.0183,5860817
BCS,"Jul 1, 2026",27.01,27.46,26.93,27.27,26.98,0.015300000000000001,3479497
BCS,"Jun 30, 2026",26.97,27.08,26.71,26.86,26.57,,4636405
BCS,"Jun 29, 2026",26.95,26.96,26.67,26.86,26.57,0.0052,3755077
BCS,"Jun 26, 2026",26.95,27.05,26.63,26.72,26.44,-0.0212,4388150
BCS,"Jun 25, 2026",27.34,27.6,27.13,27.3,27.01,0.0263,4548408
BCS,"Jun 24, 2026",26.88,26.92,26.52,26.6,26.32,-0.0155,4685773
BCS,"Jun 23, 2026",27.06,27.25,26.97,27.02,26.73,-0.009899999999999999,4506466
BCS,"Jun 22, 2026",27.21,27.42,27.12,27.29,27.0,0.037200000000000004,4521600
BCS,"Jun 18, 2026",26.68,26.71,26.3,26.31,26.03,-0.0008,5875312
BCS,"Jun 17, 2026",26.85,27.11,26.17,26.33,26.05,0.013500000000000002,7145984
BCS,"Jun 16, 2026",26.16,26.28,25.87,25.98,25.7,0.013300000000000001,6744472
BCS,"Jun 15, 2026",25.93,25.99,25.61,25.64,25.37,0.0067,3832806
BCS,"Jun 12, 2026",25.24,25.47,25.08,25.47,25.2,0.0291,5597289
BCS,"Jun 11, 2026",23.96,24.8,23.83,24.75,24.49,0.047,6494531
BCS,"Jun 10, 2026",24.08,24.12,23.64,23.64,23.39,-0.027999999999999997,5834029
BCS,"Jun 9, 2026",24.74,24.81,23.77,24.32,24.06,0.0037,5486199
BCS,"Jun 8, 2026",24.48,24.58,24.21,24.23,23.97,-0.0016,4371025
BCS,"Jun 5, 2026",24.67,24.81,24.13,24.27,24.01,-0.0296,5620388
BCS,"Jun 4, 2026",24.75,25.02,24.68,25.01,24.74,0.013000000000000001,3569900
BCS,"Jun 3, 2026",25.01,25.01,24.58,24.69,24.43,-0.0233,4707189
BCS,"Jun 2, 2026",24.9,25.37,24.86,25.28,25.01,0.031,5288454
BCS,"Jun 1, 2026",24.19,24.55,24.11,24.52,24.26,-0.0004,5513156
BCS,"May 29, 2026",24.62,24.94,24.49,24.53,24.27,0.0078000000000000005,4924915
BCS,"May 28, 2026",24.15,24.45,24.0,24.34,24.08,-0.009000000000000001,4643695
BCS,"May 27, 2026",24.67,24.76,24.4,24.56,24.3,0.0012,4357241
BCS,"May 26, 2026",24.52,24.65,24.28,24.53,24.27,0.0294,4156898
BCS,"May 22, 2026",24.0,24.07,23.79,23.83,23.58,-0.0058,3667040
BCS,"May 21, 2026",23.51,24.11,23.44,23.97,23.72,0.0042,4179465
BCS,"May 20, 2026",22.99,23.88,22.95,23.87,23.62,0.0548,7062901
BCS,"May 19, 2026",22.85,22.97,22.6,22.63,22.39,-0.013500000000000002,4652012
BCS,"May 18, 2026",22.82,23.05,22.75,22.94,22.7,0.0182,5893594
BCS,"May 15, 2026",22.53,22.66,22.43,22.53,22.29,-0.0209,5609403
BCS,"May 14, 2026",23.24,23.46,22.95,23.01,22.77,0.0074,6516406
BCS,"May 13, 2026",22.56,22.97,22.54,22.84,22.6,0.0048,5708917
BCS,"May 12, 2026",22.25,22.78,22.19,22.73,22.49,-0.019,8203700
BCS,"May 11, 2026",23.59,23.6,23.06,23.17,22.92,-0.022799999999999997,8909490
BCS,"May 8, 2026",23.92,23.98,23.6,23.71,23.46,0.018000000000000002,6329252
BCS,"May 7, 2026",24.05,24.08,23.26,23.29,23.04,-0.0304,6221185
BCS,"May 6, 2026",24.16,24.26,23.9,24.02,23.76,0.0521,6001961
BCS,"May 5, 2026",22.96,23.06,22.53,22.83,22.59,-0.0009,6002376
BCS,"May 4, 2026",23.63,23.63,22.76,22.85,22.61,-0.0248,4465883
BCS,"May 1, 2026",23.42,23.73,23.33,23.43,23.18,0.0009,6114543
BCS,"Apr 30, 2026",23.16,23.54,23.03,23.41,23.16,0.0178,7459405
BCS,"Apr 29, 2026",23.1,23.28,22.85,23.0,22.76,,7982757
BCS,"Apr 28, 2026",22.92,23.15,22.79,23.0,22.76,-0.0039000000000000003,5376522
BCS,"Apr 27, 2026",23.08,23.25,23.05,23.09,22.84,0.0060999999999999995,5372724
BCS,"Apr 24, 2026",22.86,23.04,22.74,22.95,22.71,0.0079,5211568
BCS,"Apr 23, 2026",23.07,23.17,22.5,22.77,22.53,-0.0236,6632892
BCS,"Apr 22, 2026",23.58,23.6,23.27,23.32,23.07,-0.0038,5324785
BCS,"Apr 21, 2026",23.98,24.1,23.36,23.41,23.16,-0.027000000000000003,7479531
BCS,"Apr 20, 2026",24.06,24.18,23.83,24.06,23.8,-0.009899999999999999,7047903
BCS,"Apr 17, 2026",24.43,24.73,24.26,24.3,24.04,0.034,9228161
BCS,"Apr 16, 2026",24.12,24.14,23.5,23.5,23.25,-0.0171,8071634
BCS,"Apr 15, 2026",23.92,24.06,23.83,23.91,23.66,-0.0004,6284171
BCS,"Apr 14, 2026",23.95,24.08,23.86,23.92,23.67,0.0038,9166673
BCS,"Apr 13, 2026",23.35,23.86,23.24,23.83,23.58,0.0042,7528851
BCS,"Apr 10, 2026",23.9,23.92,23.66,23.73,23.48,0.0141,7405933
BCS,"Apr 9, 2026",23.2,23.6,23.1,23.4,23.15,-0.004699999999999999,5702543
BCS,"Apr 8, 2026",24.1,24.1,23.33,23.51,23.26,0.073,12176074
BCS,"Apr 7, 2026",21.7,21.96,21.44,21.91,21.68,-0.0005,8943412
BCS,"Apr 6, 2026",21.82,22.05,21.63,21.92,21.69,0.0055000000000000005,5146394
BCS,"Apr 2, 2026",21.13,21.88,21.09,21.8,21.57,-0.0014000000000000002,7607468
BCS,"Apr 1, 2026",21.87,22.05,21.66,21.83,21.6,0.0317,10670407
BCS,"Mar 31, 2026",20.88,21.23,20.61,21.16,20.94,0.047,10004152
BCS,"Mar 30, 2026",20.28,20.51,20.07,20.21,20.0,-0.0015,5283050
BCS,"Mar 27, 2026",20.35,20.58,20.14,20.24,20.03,-0.0203,6177662
BCS,"Mar 26, 2026",20.66,20.93,20.59,20.66,20.44,-0.0227,8215310
BCS,"Mar 25, 2026",21.4,21.44,20.92,21.14,20.92,0.0222,7753411
BCS,"Mar 24, 2026",20.33,20.82,20.28,20.68,20.46,,10088748
BCS,"Mar 23, 2026",20.79,21.15,20.54,20.68,20.46,0.0304,10977860
BCS,"Mar 20, 2026",20.73,20.74,19.84,20.07,19.86,-0.0351,13441891
BCS,"Mar 19, 2026",20.08,20.93,20.08,20.8,20.58,-0.0076,12120731
BCS,"Mar 18, 2026",21.31,21.48,20.94,20.96,20.74,-0.0085,7339674
BCS,"Mar 17, 2026",21.28,21.39,21.08,21.14,20.92,0.0159,8123978
BCS,"Mar 16, 2026",20.86,21.07,20.73,20.81,20.59,0.0166,8986155
BCS,"Mar 13, 2026",20.81,20.99,20.39,20.47,20.25,-0.020099999999999996,10517159
BCS,"Mar 12, 2026",21.28,21.34,20.71,20.89,20.67,-0.059000000000000004,13477228
BCS,"Mar 11, 2026",22.21,22.37,22.01,22.2,21.96,-0.0111,7570257
BCS,"Mar 10, 2026",22.52,22.89,22.15,22.45,22.21,0.0223,9655859
BCS,"Mar 9, 2026",21.2,22.01,20.97,21.96,21.73,0.0046,10216761
BCS,"Mar 6, 2026",21.76,21.99,21.5,21.86,21.63,-0.0254,8625949
BCS,"Mar 5, 2026",22.85,23.06,22.18,22.43,22.19,-0.039,10038645
BCS,"Mar 4, 2026",23.07,23.38,22.92,23.34,23.09,0.011699999999999999,8822415
BCS,"Mar 3, 2026",22.31,23.2,22.22,23.07,22.82,-0.027000000000000003,15136239
BCS,"Mar 2, 2026",22.88,23.84,22.85,23.71,23.46,-0.0235,12053567
BCS,"Feb 27, 2026",24.88,24.92,24.05,24.28,24.02,-0.039900000000000005,12874019
BCS,"Feb 26, 2026",25.72,25.85,25.16,25.29,25.02,-0.013300000000000001,12608382
BCS,"Feb 25, 2026",25.31,25.75,25.26,25.63,25.36,0.0195,5214945
BCS,"Feb 24, 2026",24.73,25.25,24.67,25.14,24.87,0.0012,6417579
BCS,"Feb 23, 2026",26.07,26.17,25.0,25.11,24.84,-0.0339,7673438
LYG,"Aug 21, 2026",6.0,6.05,6.0,6.02,6.02,0.0203,9684669
LYG,"Aug 20, 2026",5.96,5.99,5.9,5.9,5.9,-0.0067,13225663
LYG,"Aug 19, 2026",6.07,6.08,5.94,5.94,5.94,-0.019799999999999998,14867514
LYG,"Aug 18, 2026",6.12,6.15,6.06,6.06,6.06,-0.0146,10935151
LYG,"Aug 17, 2026",6.2,6.23,6.15,6.15,6.15,-0.0097,8148110
LYG,"Aug 14, 2026",6.22,6.25,6.19,6.21,6.21,0.0016,5367790
LYG,"Aug 13, 2026",6.22,6.25,6.17,6.2,6.2,0.0016,8074508
LYG,"Aug 12, 2026",6.18,6.21,6.16,6.19,6.19,0.0148,15859236
LYG,"Aug 11, 2026",6.12,6.15,6.08,6.1,6.1,-0.0033,14268955
LYG,"Aug 10, 2026",6.14,6.17,6.12,6.12,6.12,-0.0125,7382991
LYG,"Aug 7, 2026",6.29,6.3,6.24,6.28,6.2,0.014499999999999999,13502534
LYG,"Aug 6, 2026",6.3,6.31,6.17,6.19,6.11,-0.0096,17144073
LYG,"Aug 5, 2026",6.26,6.3,6.23,6.25,6.17,0.0048,20323339
LYG,"Aug 4, 2026",6.27,6.32,6.21,6.22,6.14,-0.0064,15787020
LYG,"Aug 3, 2026",6.22,6.27,6.19,6.26,6.18,0.0146,11580550
LYG,"Jul 31, 2026",6.21,6.22,6.09,6.17,6.09,-0.0128,16863073
LYG,"Jul 30, 2026",6.16,6.25,6.1,6.25,6.17,0.0647,14645862
LYG,"Jul 29, 2026",5.96,5.98,5.85,5.87,5.79,-0.0233,23347369
LYG,"Jul 28, 2026",5.98,6.04,5.94,6.01,5.93,-0.0196,19597820
LYG,"Jul 27, 2026",6.12,6.14,6.06,6.13,6.05,0.0183,15571967
LYG,"Jul 24, 2026",6.04,6.07,6.0,6.02,5.94,0.005,14480650
LYG,"Jul 23, 2026",6.0,6.02,5.96,5.99,5.91,-0.022799999999999997,18818690
LYG,"Jul 22, 2026",6.13,6.17,6.13,6.13,6.05,0.0116,8975283
LYG,"Jul 21, 2026",6.0,6.1,5.95,6.06,5.98,0.030600000000000002,11705644
LYG,"Jul 20, 2026",5.98,6.01,5.88,5.88,5.8,-0.0134,24490024
LYG,"Jul 17, 2026",5.85,5.99,5.83,5.96,5.88,-0.0116,14804370
LYG,"Jul 16, 2026",6.03,6.06,5.98,6.03,5.95,-0.005,23818180
LYG,"Jul 15, 2026",6.0,6.08,6.0,6.06,5.98,0.0219,14945064
LYG,"Jul 14, 2026",5.92,6.01,5.91,5.93,5.85,0.0068000000000000005,18218173
LYG,"Jul 13, 2026",5.94,5.94,5.88,5.89,5.81,-0.0183,17319411
LYG,"Jul 10, 2026",6.02,6.04,5.98,6.0,5.92,0.005,9667317
LYG,"Jul 9, 2026",5.97,6.0,5.94,5.97,5.89,0.011899999999999999,11548471
LYG,"Jul 8, 2026",6.0,6.01,5.86,5.9,5.82,-0.0248,19420238
LYG,"Jul 7, 2026",6.1,6.13,6.04,6.05,5.97,-0.0194,16036906
LYG,"Jul 6, 2026",6.11,6.18,6.11,6.17,6.09,0.0182,14758406
LYG,"Jul 2, 2026",6.06,6.11,6.01,6.06,5.98,0.0271,19854941
LYG,"Jul 1, 2026",5.82,5.94,5.82,5.9,5.82,0.012,16093596
LYG,"Jun 30, 2026",5.85,5.89,5.82,5.83,5.75,0.0139,20526746
LYG,"Jun 29, 2026",5.77,5.78,5.7,5.75,5.67,0.0105,29234141
LYG,"Jun 26, 2026",5.72,5.75,5.65,5.69,5.62,-0.0104,24365712
LYG,"Jun 25, 2026",5.77,5.8,5.73,5.75,5.67,0.025,22798890
LYG,"Jun 24, 2026",5.7,5.71,5.6,5.61,5.54,-0.0209,21720569
LYG,"Jun 23, 2026",5.73,5.78,5.71,5.73,5.65,-0.0017000000000000001,18898406
LYG,"Jun 22, 2026",5.74,5.78,5.72,5.74,5.66,0.0361,24549195
LYG,"Jun 18, 2026",5.59,5.61,5.54,5.54,5.47,-0.0018,32235540
LYG,"Jun 17, 2026",5.63,5.66,5.52,5.55,5.48,-0.0018,38647562
LYG,"Jun 16, 2026",5.59,5.6,5.53,5.56,5.49,0.0128,32068690
LYG,"Jun 15, 2026",5.55,5.56,5.47,5.49,5.42,-0.0018,31446050
LYG,"Jun 12, 2026",5.46,5.51,5.42,5.5,5.43,0.0148,36911038
LYG,"Jun 11, 2026",5.24,5.42,5.19,5.42,5.35,0.0504,64188586
LYG,"Jun 10, 2026",5.25,5.27,5.15,5.16,5.09,-0.0337,53734089
LYG,"Jun 9, 2026",5.41,5.42,5.21,5.34,5.27,0.0075,35905217
LYG,"Jun 8, 2026",5.36,5.39,5.27,5.3,5.23,-0.0019,39041763
LYG,"Jun 5, 2026",5.42,5.42,5.29,5.31,5.24,-0.0239,22978946
LYG,"Jun 4, 2026",5.42,5.47,5.4,5.44,5.37,0.0187,16261484
LYG,"Jun 3, 2026",5.42,5.44,5.33,5.34,5.27,-0.0166,16270986
LYG,"Jun 2, 2026",5.4,5.46,5.39,5.43,5.36,0.0018,13673211
LYG,"Jun 1, 2026",5.38,5.44,5.35,5.42,5.35,-0.0091,16195272
LYG,"May 29, 2026",5.5,5.54,5.45,5.47,5.4,0.0055000000000000005,14657070
LYG,"May 28, 2026",5.44,5.49,5.41,5.44,5.37,-0.0091,16676268
LYG,"May 27, 2026",5.51,5.54,5.48,5.49,5.42,-0.0018,15355355
LYG,"May 26, 2026",5.5,5.53,5.45,5.5,5.43,0.026099999999999998,17009752
LYG,"May 22, 2026",5.44,5.44,5.36,5.36,5.29,-0.0092,12914652
LYG,"May 21, 2026",5.34,5.44,5.32,5.41,5.34,-0.0037,23597057
LYG,"May 20, 2026",5.23,5.45,5.23,5.43,5.36,0.052300000000000006,20899545
LYG,"May 19, 2026",5.18,5.23,5.15,5.16,5.09,-0.0019,19245769
LYG,"May 18, 2026",5.14,5.2,5.13,5.17,5.1,0.023799999999999998,25835788
LYG,"May 15, 2026",5.07,5.08,5.03,5.05,4.98,-0.0213,21329867
LYG,"May 14, 2026",5.23,5.26,5.12,5.16,5.09,-0.0039000000000000003,24554365
LYG,"May 13, 2026",5.13,5.22,5.12,5.18,5.11,-0.0058,22494407
LYG,"May 12, 2026",5.15,5.23,5.13,5.21,5.14,-0.027999999999999997,22073365
LYG,"May 11, 2026",5.42,5.42,5.34,5.36,5.29,-0.0129,16179796
LYG,"May 8, 2026",5.47,5.5,5.4,5.43,5.36,0.0265,18794753
LYG,"May 7, 2026",5.44,5.46,5.27,5.29,5.22,-0.0276,15298988
LYG,"May 6, 2026",5.45,5.48,5.41,5.44,5.37,0.0482,14891546
LYG,"May 5, 2026",5.17,5.22,5.12,5.19,5.12,-0.0095,18562292
LYG,"May 4, 2026",5.32,5.34,5.23,5.24,5.17,-0.022400000000000003,13830484
LYG,"May 1, 2026",5.39,5.46,5.36,5.36,5.29,-0.0147,12895751
LYG,"Apr 30, 2026",5.36,5.47,5.35,5.44,5.37,0.0362,13234061
LYG,"Apr 29, 2026",5.29,5.31,5.22,5.25,5.18,-0.015,17194707
LYG,"Apr 28, 2026",5.32,5.36,5.3,5.33,5.26,,15964304
LYG,"Apr 27, 2026",5.34,5.36,5.3,5.33,5.26,-0.0019,22519181
LYG,"Apr 24, 2026",5.32,5.35,5.3,5.34,5.27,0.0019,17090246
LYG,"Apr 23, 2026",5.37,5.4,5.27,5.33,5.26,-0.0166,17222783
LYG,"Apr 22, 2026",5.48,5.49,5.41,5.42,5.35,,15671792
LYG,"Apr 21, 2026",5.57,5.6,5.41,5.42,5.35,-0.0356,22570657
LYG,"Apr 20, 2026",5.62,5.64,5.58,5.62,5.55,-0.0106,16881211
LYG,"Apr 17, 2026",5.69,5.75,5.68,5.68,5.61,0.0216,18046975
LYG,"Apr 16, 2026",5.68,5.7,5.56,5.56,5.49,-0.0089,19623086
LYG,"Apr 15, 2026",5.62,5.65,5.59,5.61,5.54,0.0018,19125835
LYG,"Apr 14, 2026",5.57,5.63,5.56,5.6,5.53,0.0127,20652228
LYG,"Apr 13, 2026",5.43,5.53,5.4,5.53,5.46,0.0073,14762077
LYG,"Apr 10, 2026",5.51,5.53,5.46,5.49,5.42,0.0032,16634241
LYG,"Apr 9, 2026",5.52,5.65,5.52,5.6,5.4,0.009000000000000001,15291193
LYG,"Apr 8, 2026",5.7,5.7,5.5,5.55,5.35,0.0673,27762847
LYG,"Apr 7, 2026",5.15,5.22,5.11,5.2,5.02,-0.0076,27902783
LYG,"Apr 6, 2026",5.21,5.27,5.21,5.24,5.05,0.0058,19533146
LYG,"Apr 2, 2026",5.1,5.25,5.1,5.21,5.02,-0.0019,20848517
LYG,"Apr 1, 2026",5.2,5.26,5.17,5.22,5.03,0.0378,29980276
LYG,"Mar 31, 2026",4.98,5.05,4.9,5.03,4.85,0.0414,30692202
LYG,"Mar 30, 2026",4.85,4.95,4.81,4.83,4.66,,37614006
LYG,"Mar 27, 2026",4.88,4.93,4.81,4.83,4.66,-0.0223,24931707
LYG,"Mar 26, 2026",5.01,5.06,4.93,4.94,4.76,-0.0333,20786192
LYG,"Mar 25, 2026",5.16,5.19,5.1,5.11,4.93,0.0159,23706595
LYG,"Mar 24, 2026",4.97,5.06,4.94,5.03,4.85,,27585035
LYG,"Mar 23, 2026",5.04,5.12,4.98,5.03,4.85,0.030699999999999998,37954176
LYG,"Mar 20, 2026",5.05,5.07,4.84,4.88,4.71,-0.0375,25529999
LYG,"Mar 19, 2026",4.93,5.11,4.91,5.07,4.89,-0.0078000000000000005,27163414
LYG,"Mar 18, 2026",5.18,5.22,5.11,5.11,4.93,-0.0097,21920713
LYG,"Mar 17, 2026",5.2,5.23,5.15,5.16,4.98,0.0098,17855300
LYG,"Mar 16, 2026",5.13,5.17,5.08,5.11,4.93,0.0179,21698918
LYG,"Mar 13, 2026",5.13,5.15,5.01,5.02,4.84,-0.0233,22467182
LYG,"Mar 12, 2026",5.19,5.21,5.09,5.14,4.96,-0.0393,22905700
LYG,"Mar 11, 2026",5.34,5.37,5.29,5.35,5.16,-0.0037,24038328
LYG,"Mar 10, 2026",5.37,5.44,5.31,5.37,5.18,0.0229,25415171
LYG,"Mar 9, 2026",5.12,5.26,5.06,5.25,5.06,0.0116,25137000
LYG,"Mar 6, 2026",5.15,5.23,5.1,5.19,5.01,-0.011399999999999999,25621225
LYG,"Mar 5, 2026",5.3,5.33,5.19,5.25,5.06,-0.0223,18555776
LYG,"Mar 4, 2026",5.35,5.4,5.32,5.37,5.18,0.009399999999999999,16240862
LYG,"Mar 3, 2026",5.19,5.35,5.15,5.32,5.13,-0.0274,22128135
LYG,"Mar 2, 2026",5.36,5.5,5.35,5.47,5.28,-0.0144,18300121
LYG,"Feb 27, 2026",5.68,5.68,5.49,5.55,5.35,-0.0348,24036397
LYG,"Feb 26, 2026",5.74,5.79,5.71,5.75,5.55,-0.0052,14118983
LYG,"Feb 25, 2026",5.7,5.79,5.69,5.78,5.57,0.0212,17760275
LYG,"Feb 24, 2026",5.59,5.67,5.57,5.66,5.46,-0.006999999999999999,19353617
LYG,"Feb 23, 2026",5.8,5.82,5.63,5.7,5.5,-0.0087,21219993
MRSH,"Aug 21, 2026",190.95,193.73,189.48,192.01,192.01,0.0095,2510947
MRSH,"Aug 20, 2026",188.46,191.81,187.58,190.21,190.21,0.0053,2367951
MRSH,"Aug 19, 2026",187.0,191.64,186.28,189.2,189.2,0.0152,1889554
MRSH,"Aug 18, 2026",186.77,188.48,185.37,186.37,186.37,0.011699999999999999,1675074
MRSH,"Aug 17, 2026",186.42,187.22,184.13,184.21,184.21,-0.0192,1271711
MRSH,"Aug 14, 2026",188.68,189.86,187.03,187.82,187.82,-0.0046,1098291
MRSH,"Aug 13, 2026",189.89,191.27,187.03,188.69,188.69,-0.0009,1466522
MRSH,"Aug 12, 2026",188.44,190.86,188.01,188.86,188.86,-0.0125,1484704
MRSH,"Aug 11, 2026",189.17,192.38,189.17,191.25,191.25,0.0024,1171130
MRSH,"Aug 10, 2026",190.88,191.78,189.33,190.79,190.79,-0.0045000000000000005,1401803
MRSH,"Aug 7, 2026",191.18,193.48,190.29,191.65,191.65,-0.0085,1645941
MRSH,"Aug 6, 2026",192.81,193.38,190.32,193.29,193.29,0.0095,1537449
MRSH,"Aug 5, 2026",192.5,192.88,190.18,191.47,191.47,0.0001,2081393
MRSH,"Aug 4, 2026",189.15,192.24,188.83,191.45,191.45,-0.0072,2276509
MRSH,"Aug 3, 2026",191.06,194.1,190.89,192.84,192.84,0.0166,2321424
MRSH,"Jul 31, 2026",188.69,191.1,187.93,189.69,189.69,-0.0095,2531612
MRSH,"Jul 30, 2026",193.96,195.53,188.07,191.51,191.51,-0.0308,3271872
MRSH,"Jul 29, 2026",191.63,198.49,190.01,197.59,197.59,0.0281,4964168
MRSH,"Jul 28, 2026",186.89,192.38,186.46,192.19,192.19,0.0484,4147692
MRSH,"Jul 27, 2026",181.28,185.05,181.25,183.31,183.31,0.014199999999999999,2076694
MRSH,"Jul 24, 2026",176.46,180.87,175.97,180.74,180.74,0.0246,1931969
MRSH,"Jul 23, 2026",176.07,176.67,174.59,176.4,176.4,0.008,2573348
MRSH,"Jul 22, 2026",180.0,180.74,175.41,175.99,175.0,-0.0308,2375956
MRSH,"Jul 21, 2026",186.65,189.08,181.18,181.59,180.57,-0.0028000000000000004,2991982
MRSH,"Jul 20, 2026",180.5,182.31,179.36,182.1,181.08,-0.0004,3991310
MRSH,"Jul 17, 2026",183.39,186.0,181.15,182.18,181.16,0.0002,1906319
MRSH,"Jul 16, 2026",177.79,182.43,177.79,182.15,181.13,0.0337,2902759
MRSH,"Jul 15, 2026",176.65,178.52,175.09,176.22,175.23,-0.0103,1784696
MRSH,"Jul 14, 2026",178.78,180.8,178.02,178.05,177.05,-0.0192,3233845
MRSH,"Jul 13, 2026",180.33,182.36,179.94,181.53,180.51,0.0181,1845544
MRSH,"Jul 10, 2026",180.0,180.92,177.81,178.31,177.31,-0.0039000000000000003,1526535
MRSH,"Jul 9, 2026",177.48,179.75,177.03,179.0,177.99,-0.0003,2683965
MRSH,"Jul 8, 2026",177.88,179.49,176.04,179.05,178.04,0.0059,2325684
MRSH,"Jul 7, 2026",177.81,179.81,175.91,178.0,177.0,0.0187,1831044
MRSH,"Jul 6, 2026",178.13,178.13,173.25,174.73,173.75,-0.0213,3094754
MRSH,"Jul 2, 2026",172.92,178.54,171.42,178.54,177.54,0.037200000000000004,2068197
MRSH,"Jul 1, 2026",167.18,173.5,167.18,172.14,171.17,0.032799999999999996,2466178
MRSH,"Jun 30, 2026",164.88,167.68,163.74,166.67,165.73,-0.0002,2206228
MRSH,"Jun 29, 2026",168.19,169.01,165.38,166.71,165.77,-0.0137,2216023
MRSH,"Jun 26, 2026",164.49,169.44,162.69,169.03,168.08,0.04190000000000001,6654671
MRSH,"Jun 25, 2026",165.24,167.07,162.01,162.23,161.32,-0.0225,1964118
MRSH,"Jun 24, 2026",164.96,166.96,163.8,165.96,165.03,0.0129,1996069
MRSH,"Jun 23, 2026",162.07,164.66,161.8,163.84,162.92,0.0232,2585384
MRSH,"Jun 22, 2026",162.87,164.24,160.0,160.12,159.22,-0.0141,2676419
MRSH,"Jun 18, 2026",164.96,165.0,160.68,162.41,161.5,-0.011000000000000001,4188346
MRSH,"Jun 17, 2026",165.46,169.11,163.61,164.22,163.3,-0.015300000000000001,2407569
MRSH,"Jun 16, 2026",166.53,167.44,165.81,166.78,165.84,0.0036,2255072
MRSH,"Jun 15, 2026",167.92,167.99,165.6,166.19,165.26,-0.0148,2331568
MRSH,"Jun 12, 2026",167.89,170.15,166.76,168.68,167.73,0.0032,2541583
MRSH,"Jun 11, 2026",167.17,168.82,166.79,168.15,167.2,0.006,2341330
MRSH,"Jun 10, 2026",167.06,168.82,165.66,167.15,166.21,0.0098,2272495
MRSH,"Jun 9, 2026",161.8,166.78,161.62,165.52,164.59,0.018500000000000003,1713618
MRSH,"Jun 8, 2026",164.45,165.09,161.67,162.52,161.61,-0.0176,2364486
MRSH,"Jun 5, 2026",163.31,166.21,162.56,165.44,164.51,0.0259,3006735
MRSH,"Jun 4, 2026",160.79,162.89,159.63,161.26,160.35,0.025,3179457
MRSH,"Jun 3, 2026",160.29,161.29,156.6,157.32,156.44,-0.0252,4150324
MRSH,"Jun 2, 2026",161.71,162.7,159.05,161.39,160.48,-0.0070999999999999995,2410006
MRSH,"Jun 1, 2026",159.84,162.58,159.84,162.55,161.64,0.0161,2844031
MRSH,"May 29, 2026",158.81,160.82,157.74,159.97,159.07,0.0028000000000000004,5898708
MRSH,"May 28, 2026",160.12,161.81,159.39,159.53,158.63,-0.0066,2964781
MRSH,"May 27, 2026",162.13,164.52,159.96,160.59,159.69,-0.0085,2854468
MRSH,"May 26, 2026",162.62,163.93,161.9,161.97,161.06,-0.013000000000000001,2014118
MRSH,"May 22, 2026",164.79,165.89,162.88,164.11,163.19,-0.0060999999999999995,2463733
MRSH,"May 21, 2026",162.0,165.29,160.81,165.12,164.19,0.010700000000000001,2087127
MRSH,"May 20, 2026",164.39,165.42,162.45,163.38,162.46,-0.016200000000000003,2073488
MRSH,"May 19, 2026",167.0,169.17,164.93,166.07,165.14,0.0005,2706864
MRSH,"May 18, 2026",161.24,166.08,161.24,165.98,165.05,0.030600000000000002,2415229
MRSH,"May 15, 2026",161.38,163.26,160.96,161.05,160.14,0.0064,3456926
MRSH,"May 14, 2026",159.38,161.98,159.22,160.02,159.12,0.0055000000000000005,3285089
MRSH,"May 13, 2026",161.61,162.58,158.16,159.14,158.24,-0.026000000000000002,2227210
MRSH,"May 12, 2026",162.57,164.89,161.06,163.39,162.47,0.011200000000000002,3252164
MRSH,"May 11, 2026",162.99,164.82,161.38,161.58,160.67,-0.0102,4216073
MRSH,"May 8, 2026",165.54,166.75,162.5,163.25,162.33,-0.0167,1948128
MRSH,"May 7, 2026",162.85,167.64,162.85,166.03,165.1,0.013000000000000001,2928491
MRSH,"May 6, 2026",168.18,169.0,163.81,163.9,162.98,-0.020099999999999996,3087746
MRSH,"May 5, 2026",167.49,167.97,165.73,167.27,166.33,-0.0036,2320472
MRSH,"May 4, 2026",165.6,169.03,165.0,167.87,166.93,0.0102,2979144
MRSH,"May 1, 2026",168.94,171.03,166.0,166.18,165.25,-0.0091,2482062
MRSH,"Apr 30, 2026",168.36,169.64,165.71,167.71,166.77,-0.0183,2994257
MRSH,"Apr 29, 2026",170.62,171.49,169.49,170.83,169.87,0.0001,2166956
MRSH,"Apr 28, 2026",172.37,172.85,168.87,170.82,169.86,0.0039000000000000003,2069570
MRSH,"Apr 27, 2026",169.05,173.08,169.05,170.15,169.19,0.0003,3069694
MRSH,"Apr 24, 2026",172.41,173.25,169.62,170.1,169.14,-0.0225,1713499
MRSH,"Apr 23, 2026",174.7,175.1,172.45,174.01,173.03,-0.0085,3821531
MRSH,"Apr 22, 2026",178.31,178.85,174.2,175.5,174.51,-0.0196,3555838
MRSH,"Apr 21, 2026",175.85,179.08,175.07,179.0,177.99,0.0253,3486204
MRSH,"Apr 20, 2026",175.95,176.59,172.87,174.59,173.61,-0.0069,5032870
MRSH,"Apr 17, 2026",181.76,182.11,175.69,175.8,174.81,-0.0371,3931525
MRSH,"Apr 16, 2026",178.19,183.45,178.1,182.57,181.54,0.043899999999999995,4155058
MRSH,"Apr 15, 2026",173.44,175.84,172.53,174.9,173.92,0.011899999999999999,2593601
MRSH,"Apr 14, 2026",172.49,173.84,171.76,172.85,171.88,-0.004,1997797
MRSH,"Apr 13, 2026",168.83,173.57,168.28,173.55,172.57,0.0321,2811363
MRSH,"Apr 10, 2026",171.74,172.01,165.06,168.15,167.2,-0.0288,2974667
MRSH,"Apr 9, 2026",173.36,174.68,172.03,173.14,172.17,-0.0101,2227357
MRSH,"Apr 8, 2026",171.99,175.97,171.86,175.81,173.93,0.0182,1912596
MRSH,"Apr 7, 2026",175.18,175.44,172.3,172.66,170.81,-0.0124,1697681
MRSH,"Apr 6, 2026",175.0,176.32,174.42,174.82,172.95,0.0012,2372118
MRSH,"Apr 2, 2026",171.94,176.17,171.73,174.61,172.74,0.0159,2143712
MRSH,"Apr 1, 2026",172.77,174.75,171.58,171.87,170.03,-0.0091,2840134
MRSH,"Mar 31, 2026",174.92,176.64,171.55,173.45,171.59,-0.0073,5076714
MRSH,"Mar 30, 2026",170.17,175.58,170.13,174.72,172.85,0.032799999999999996,3947963
MRSH,"Mar 27, 2026",173.83,174.56,169.14,169.17,167.36,-0.0285,3986413
MRSH,"Mar 26, 2026",174.37,177.04,173.25,174.14,172.27,-0.0003,3125914
MRSH,"Mar 25, 2026",171.91,174.44,169.74,174.2,172.33,0.0064,3821514
MRSH,"Mar 24, 2026",174.15,174.86,172.67,173.1,171.25,-0.0044,2810902
MRSH,"Mar 23, 2026",176.47,178.16,173.83,173.87,172.01,-0.0148,2735348
MRSH,"Mar 20, 2026",172.81,176.9,171.38,176.48,174.59,0.0326,9676366
MRSH,"Mar 19, 2026",171.25,172.38,169.8,170.91,169.08,-0.0006,3052596
MRSH,"Mar 18, 2026",170.75,171.89,164.89,171.02,169.19,-0.0054,2257735
MRSH,"Mar 17, 2026",175.0,176.62,170.94,171.94,170.1,-0.0105,2860370
MRSH,"Mar 16, 2026",173.15,174.81,171.4,173.76,171.9,0.009399999999999999,2183858
MRSH,"Mar 13, 2026",172.86,173.85,171.18,172.15,170.31,0.0074,1800802
MRSH,"Mar 12, 2026",173.24,176.42,170.84,170.88,169.05,-0.0178,3028584
MRSH,"Mar 11, 2026",174.35,175.31,171.57,173.97,172.11,-0.0002,2980905
MRSH,"Mar 10, 2026",179.09,179.09,173.82,174.0,172.14,-0.0332,2667239
MRSH,"Mar 9, 2026",182.24,182.45,177.92,179.97,178.04,-0.017,3131260
MRSH,"Mar 6, 2026",184.29,184.29,180.97,183.08,181.12,-0.0104,3040356
MRSH,"Mar 5, 2026",184.35,186.8,182.86,185.0,183.02,0.0009,1991836
MRSH,"Mar 4, 2026",183.3,184.99,181.87,184.84,182.86,0.0033,2156226
MRSH,"Mar 3, 2026",184.5,186.13,182.11,184.23,182.26,-0.0118,2513609
MRSH,"Mar 2, 2026",185.34,187.51,184.63,186.43,184.43,-0.0017000000000000001,1993064
MRSH,"Feb 27, 2026",185.45,187.77,184.59,186.74,184.74,0.0078000000000000005,3369536
MRSH,"Feb 26, 2026",182.44,185.75,181.79,185.29,183.3,0.0231,2768604
MRSH,"Feb 25, 2026",179.15,181.64,178.99,181.1,179.16,0.015,3475585
MRSH,"Feb 24, 2026",175.36,178.54,174.15,178.43,176.52,0.008100000000000001,3973913
MRSH,"Feb 23, 2026",178.92,181.0,176.65,176.99,175.09,-0.013000000000000001,3073464
ICE,"Aug 21, 2026",160.0,162.08,159.55,161.25,161.25,0.0166,3660667
ICE,"Aug 20, 2026",156.43,160.51,156.21,158.61,158.61,0.0087,4520984
ICE,"Aug 19, 2026",156.3,159.64,155.0,157.24,157.24,0.0068000000000000005,3752349
ICE,"Aug 18, 2026",156.32,158.16,154.94,156.18,156.18,0.0121,3485301
ICE,"Aug 17, 2026",154.02,156.12,154.0,154.31,154.31,-0.0027,2638046
ICE,"Aug 14, 2026",155.24,155.46,153.26,154.73,154.73,-0.0033,1631053
ICE,"Aug 13, 2026",151.82,155.42,151.22,155.24,155.24,0.0258,2348507
ICE,"Aug 12, 2026",150.77,151.9,149.42,151.33,151.33,0.0005,1962934
ICE,"Aug 11, 2026",150.14,151.66,149.54,151.25,151.25,0.004699999999999999,5114837
ICE,"Aug 10, 2026",150.19,152.4,149.75,150.54,150.54,0.0016,2687091
ICE,"Aug 7, 2026",150.0,153.32,149.91,150.3,150.3,0.0037,3117843
ICE,"Aug 6, 2026",150.67,151.74,147.47,149.75,149.75,-0.0006,5038320
ICE,"Aug 5, 2026",150.0,150.61,147.58,149.84,149.84,0.0043,3538934
ICE,"Aug 4, 2026",150.04,151.44,147.68,149.2,149.2,-0.0171,3677617
ICE,"Aug 3, 2026",154.37,154.55,150.62,151.8,151.8,-0.0045000000000000005,5401266
ICE,"Jul 31, 2026",155.02,155.69,151.58,152.48,152.48,-0.024300000000000002,5642143
ICE,"Jul 30, 2026",155.03,158.55,151.06,156.27,156.27,0.0129,7980217
ICE,"Jul 29, 2026",152.19,155.3,151.54,154.28,154.28,0.0102,4309497
ICE,"Jul 28, 2026",148.53,153.21,148.1,152.72,152.72,0.0268,6963657
ICE,"Jul 27, 2026",146.75,148.73,144.89,148.73,148.73,0.0202,4285696
ICE,"Jul 24, 2026",143.73,146.11,142.78,145.79,145.79,0.018000000000000002,3493332
ICE,"Jul 23, 2026",142.05,143.87,141.68,143.21,143.21,0.0048,3260621
ICE,"Jul 22, 2026",140.5,143.49,139.96,142.53,142.53,0.0278,3540292
ICE,"Jul 21, 2026",139.41,140.85,138.39,138.67,138.67,-0.020499999999999997,2227859
ICE,"Jul 20, 2026",138.38,142.15,137.76,141.57,141.57,0.0137,3930254
ICE,"Jul 17, 2026",142.5,144.55,139.08,139.65,139.65,-0.0149,3137599
ICE,"Jul 16, 2026",141.0,142.4,139.21,141.76,141.76,0.0137,2786952
ICE,"Jul 15, 2026",139.0,141.5,138.26,139.84,139.84,0.016200000000000003,3155947
ICE,"Jul 14, 2026",135.84,138.93,135.48,137.61,137.61,-0.0004,3621237
ICE,"Jul 13, 2026",136.0,138.24,135.58,137.67,137.67,0.0178,2927032
ICE,"Jul 10, 2026",136.25,136.49,134.17,135.26,135.26,0.0011,3013454
ICE,"Jul 9, 2026",134.88,135.29,131.52,135.11,135.11,-0.015,4483360
ICE,"Jul 8, 2026",135.64,138.53,134.95,137.17,137.17,0.0053,4789757
ICE,"Jul 7, 2026",134.6,138.14,134.6,136.45,136.45,0.011399999999999999,4292241
ICE,"Jul 6, 2026",133.7,135.5,131.66,134.91,134.91,0.0144,7536598
ICE,"Jul 2, 2026",129.5,133.01,128.43,132.99,132.99,0.049400000000000006,4574372
ICE,"Jul 1, 2026",124.06,128.7,123.61,126.73,126.73,0.0294,5890245
ICE,"Jun 30, 2026",122.3,124.55,121.8,123.11,123.11,0.0016,7060827
ICE,"Jun 29, 2026",126.0,126.4,121.79,122.91,122.91,-0.0077,4767657
ICE,"Jun 26, 2026",126.33,127.86,123.74,123.86,123.86,-0.0051,5919413
ICE,"Jun 25, 2026",130.06,130.2,124.33,124.49,124.49,-0.0425,4932686
ICE,"Jun 24, 2026",133.0,133.27,129.89,130.02,130.02,-0.022400000000000003,3479629
ICE,"Jun 23, 2026",133.6,133.85,132.07,133.0,133.0,0.0126,4501233
ICE,"Jun 22, 2026",132.67,134.34,129.83,131.34,131.34,-0.019,5414490
ICE,"Jun 18, 2026",136.19,136.78,132.84,133.88,133.88,-0.0053,5751941
ICE,"Jun 17, 2026",139.84,140.79,133.73,134.59,134.59,-0.047400000000000005,5008308
ICE,"Jun 16, 2026",141.05,142.0,137.46,141.28,141.28,0.0084,4537479
ICE,"Jun 15, 2026",140.01,142.22,139.69,140.1,140.1,0.0006,3514412
ICE,"Jun 12, 2026",139.46,140.8,137.76,140.53,140.01,0.011200000000000002,3172188
ICE,"Jun 11, 2026",140.2,141.47,138.74,138.98,138.47,-0.0097,3079528
ICE,"Jun 10, 2026",141.94,142.48,140.05,140.34,139.82,-0.0086,3296534
ICE,"Jun 9, 2026",138.5,142.47,137.9,141.56,141.04,0.0181,5706876
ICE,"Jun 8, 2026",141.0,141.0,138.4,139.05,138.54,-0.0173,6302228
ICE,"Jun 5, 2026",142.6,143.22,139.0,141.5,140.98,-0.0039000000000000003,5650080
ICE,"Jun 4, 2026",141.74,144.49,141.14,142.06,141.53,0.026099999999999998,4707927
ICE,"Jun 3, 2026",141.99,142.0,136.9,138.45,137.94,-0.0276,5910015
ICE,"Jun 2, 2026",145.27,145.39,136.67,142.38,141.85,-0.0178,9903896
ICE,"Jun 1, 2026",148.01,148.88,143.01,144.96,144.42,-0.0195,5434600
ICE,"May 29, 2026",147.8,150.05,147.1,147.85,147.3,-0.003,8078398
ICE,"May 28, 2026",149.03,150.45,147.89,148.3,147.75,-0.009399999999999999,3994823
ICE,"May 27, 2026",149.86,150.55,148.11,149.71,149.16,-0.0062,3525890
ICE,"May 26, 2026",152.56,152.81,149.97,150.64,150.08,-0.0152,2955816
ICE,"May 22, 2026",151.28,153.72,151.16,152.97,152.4,0.0098,2827798
ICE,"May 21, 2026",150.37,151.84,149.67,151.49,150.93,-0.0013,4175051
ICE,"May 20, 2026",153.22,153.74,151.52,151.69,151.13,-0.015700000000000002,3770385
ICE,"May 19, 2026",156.64,157.39,154.08,154.11,153.54,-0.0121,3486387
ICE,"May 18, 2026",154.33,157.18,153.64,155.99,155.41,0.0106,3265428
ICE,"May 15, 2026",156.37,157.0,154.04,154.36,153.79,-0.0087,2191156
ICE,"May 14, 2026",155.82,156.0,154.01,155.72,155.14,0.0059,1989724
ICE,"May 13, 2026",154.77,155.62,152.67,154.8,154.23,-0.006500000000000001,2097929
ICE,"May 12, 2026",158.11,158.9,155.35,155.81,155.23,-0.0127,2810740
ICE,"May 11, 2026",155.06,157.86,154.05,157.82,157.24,0.0128,2886850
ICE,"May 8, 2026",156.08,156.97,153.59,155.82,155.24,-0.0019,2953022
ICE,"May 7, 2026",152.42,156.35,152.35,156.11,155.53,0.0177,3549724
ICE,"May 6, 2026",155.27,155.85,153.3,153.4,152.83,-0.0121,3104516
ICE,"May 5, 2026",157.01,157.41,153.45,155.28,154.71,-0.0074,4650641
ICE,"May 4, 2026",154.3,158.58,154.3,156.44,155.86,0.0109,3988076
ICE,"May 1, 2026",159.06,161.0,154.74,154.75,154.18,-0.021099999999999997,3222608
ICE,"Apr 30, 2026",155.06,161.34,152.5,158.09,157.51,0.012199999999999999,5847499
ICE,"Apr 29, 2026",155.0,156.45,153.96,156.19,155.61,-0.0007000000000000001,2794948
ICE,"Apr 28, 2026",158.9,159.69,156.05,156.3,155.72,-0.0040999999999999995,2772006
ICE,"Apr 27, 2026",159.42,159.44,156.87,156.95,156.37,-0.0095,2956939
ICE,"Apr 24, 2026",156.4,158.94,155.83,158.45,157.86,0.0062,2975330
ICE,"Apr 23, 2026",158.16,159.25,155.31,157.48,156.9,-0.0084,2593840
ICE,"Apr 22, 2026",159.59,160.29,158.06,158.82,158.23,0.0012,2239023
ICE,"Apr 21, 2026",160.9,161.93,158.3,158.63,158.04,-0.0123,3103773
ICE,"Apr 20, 2026",161.41,163.0,160.3,160.61,160.02,-0.0039000000000000003,2752581
ICE,"Apr 17, 2026",164.0,164.33,159.84,161.24,160.64,-0.015300000000000001,4881744
ICE,"Apr 16, 2026",165.07,165.89,162.9,163.75,163.14,-0.008,2847551
ICE,"Apr 15, 2026",163.19,165.8,162.33,165.07,164.46,0.0187,2001812
ICE,"Apr 14, 2026",163.46,164.16,161.51,162.04,161.44,-0.0138,2684555
ICE,"Apr 13, 2026",160.47,164.61,160.47,164.31,163.7,0.0231,1871745
ICE,"Apr 10, 2026",161.07,162.61,157.78,160.6,160.01,-0.0085,2754519
ICE,"Apr 9, 2026",167.53,167.75,161.66,161.97,161.37,-0.0347,3434426
ICE,"Apr 8, 2026",165.42,168.2,163.8,167.79,167.17,0.009000000000000001,2509923
ICE,"Apr 7, 2026",166.73,167.78,165.98,166.3,165.68,-0.0005,2568672
ICE,"Apr 6, 2026",163.27,167.0,163.27,166.39,165.77,0.0209,2348303
ICE,"Apr 2, 2026",158.13,163.65,158.04,162.98,162.38,0.031,4308492
ICE,"Apr 1, 2026",156.77,158.5,155.24,158.08,157.5,0.0051,2789282
ICE,"Mar 31, 2026",158.09,158.94,155.91,157.28,156.7,0.0022,3754899
ICE,"Mar 30, 2026",154.19,157.25,153.9,156.94,156.36,0.027999999999999997,2928527
ICE,"Mar 27, 2026",155.69,156.49,152.38,152.67,152.11,-0.021099999999999997,2702187
ICE,"Mar 26, 2026",156.17,157.38,155.53,155.96,155.38,-0.0055000000000000005,3031469
ICE,"Mar 25, 2026",156.66,158.04,153.58,156.83,156.25,0.006500000000000001,4118835
ICE,"Mar 24, 2026",156.51,157.03,153.98,155.82,155.24,-0.0086,3106567
ICE,"Mar 23, 2026",159.28,159.76,156.53,157.17,156.59,-0.008,3290659
ICE,"Mar 20, 2026",159.11,159.39,157.7,158.43,157.84,-0.0004,4516083
ICE,"Mar 19, 2026",156.94,159.17,155.96,158.5,157.91,0.0085,3286715
ICE,"Mar 18, 2026",159.16,159.96,156.89,157.16,156.58,-0.022799999999999997,2938098
ICE,"Mar 17, 2026",161.25,162.87,160.16,160.82,160.22,-0.0009,2095602
ICE,"Mar 16, 2026",160.83,161.54,159.87,161.49,160.37,0.0144,3066881
ICE,"Mar 13, 2026",159.87,160.6,157.88,159.2,158.1,0.0037,2483697
ICE,"Mar 12, 2026",157.86,159.77,156.97,158.61,157.51,0.0101,3585888
ICE,"Mar 11, 2026",159.42,159.92,153.64,157.02,155.94,-0.0197,4585539
ICE,"Mar 10, 2026",164.86,164.86,158.85,160.17,159.06,-0.034,3398107
ICE,"Mar 9, 2026",164.96,166.35,162.5,165.8,164.65,-0.0023,3458722
ICE,"Mar 6, 2026",164.05,167.3,162.58,166.19,165.04,0.0134,4552903
ICE,"Mar 5, 2026",164.67,167.15,163.01,164.0,162.87,-0.0138,4120056
ICE,"Mar 4, 2026",163.47,166.54,161.81,166.29,165.14,0.0092,2840396
ICE,"Mar 3, 2026",163.37,166.78,163.04,164.78,163.64,,4186545
ICE,"Mar 2, 2026",165.26,168.0,163.99,164.78,163.64,0.004,4452477
ICE,"Feb 27, 2026",161.83,165.75,161.0,164.13,163.0,0.0076,4347016
ICE,"Feb 26, 2026",161.47,163.23,160.83,162.89,161.76,0.016,3209654
ICE,"Feb 25, 2026",156.07,160.85,155.43,160.33,159.22,0.032,6195363
ICE,"Feb 24, 2026",153.54,156.82,153.54,155.36,154.29,0.008199999999999999,3114381
ICE,"Feb 23, 2026",153.38,154.89,151.77,154.1,153.04,0.0006,3639631
BAM,"Aug 21, 2026",52.37,52.71,51.96,52.3,52.3,0.0151,1570002
BAM,"Aug 20, 2026",52.36,52.57,51.4,51.52,51.52,-0.0215,1387299
BAM,"Aug 19, 2026",51.99,53.31,51.49,52.65,52.65,0.0229,2576676
BAM,"Aug 18, 2026",52.47,52.56,51.47,51.47,51.47,-0.0209,2057050
BAM,"Aug 17, 2026",54.03,54.23,52.46,52.57,52.57,-0.032,2698701
BAM,"Aug 14, 2026",55.67,55.8,53.96,54.31,54.31,-0.0277,2671167
BAM,"Aug 13, 2026",54.86,55.98,54.52,55.86,55.86,0.025,4818691
BAM,"Aug 12, 2026",55.52,55.52,54.24,54.5,54.5,-0.0155,2245023
BAM,"Aug 11, 2026",52.93,55.5,52.93,55.36,55.36,0.04769999999999999,3455479
BAM,"Aug 10, 2026",52.23,53.03,51.9,52.84,52.84,0.0067,2070793
BAM,"Aug 7, 2026",53.49,54.09,52.41,52.49,52.49,-0.0128,2419681
BAM,"Aug 6, 2026",52.63,53.48,52.5,53.17,53.17,0.0103,2362322
BAM,"Aug 5, 2026",53.06,53.88,51.73,52.63,52.63,0.013300000000000001,4936371
BAM,"Aug 4, 2026",50.39,52.43,50.0,51.94,51.94,0.024700000000000003,4156538
BAM,"Aug 3, 2026",48.85,51.05,48.85,50.69,50.69,0.0473,2210601
BAM,"Jul 31, 2026",47.85,48.75,47.76,48.4,48.4,0.0092,2586427
BAM,"Jul 30, 2026",47.46,48.1,47.07,47.96,47.96,0.0129,1747521
BAM,"Jul 29, 2026",47.66,47.88,46.71,47.35,47.35,-0.0146,1816921
BAM,"Jul 28, 2026",47.54,48.27,47.14,48.05,48.05,0.0103,1329326
BAM,"Jul 27, 2026",47.15,47.81,46.85,47.56,47.56,0.026099999999999998,1894670
BAM,"Jul 24, 2026",45.94,46.7,45.52,46.35,46.35,0.013999999999999999,1347900
BAM,"Jul 23, 2026",45.73,46.52,45.37,45.71,45.71,-0.0151,3163161
BAM,"Jul 22, 2026",46.42,47.01,46.14,46.41,46.41,-0.0028000000000000004,2509077
BAM,"Jul 21, 2026",47.5,47.53,46.53,46.54,46.54,-0.0175,1996044
BAM,"Jul 20, 2026",48.33,48.42,47.18,47.37,47.37,-0.0199,1817038
BAM,"Jul 17, 2026",48.91,49.4,48.13,48.33,48.33,-0.025,1871201
BAM,"Jul 16, 2026",49.0,49.57,48.15,49.57,49.57,0.011200000000000002,1922503
BAM,"Jul 15, 2026",48.0,49.29,47.91,49.02,49.02,0.0316,2718824
BAM,"Jul 14, 2026",46.5,47.72,46.27,47.52,47.52,0.0191,2140595
BAM,"Jul 13, 2026",46.88,47.31,46.23,46.63,46.63,-0.0019,1473458
BAM,"Jul 10, 2026",47.13,47.15,46.39,46.72,46.72,0.011899999999999999,1640326
BAM,"Jul 9, 2026",45.42,46.79,45.3,46.17,46.17,0.0147,2177262
BAM,"Jul 8, 2026",46.03,46.03,44.98,45.5,45.5,-0.023,2783500
BAM,"Jul 7, 2026",46.8,47.04,46.19,46.57,46.57,-0.0091,2081450
BAM,"Jul 6, 2026",46.37,47.39,46.29,47.0,47.0,0.0246,1925570
BAM,"Jul 2, 2026",45.59,46.08,45.44,45.87,45.87,0.0104,1800408
BAM,"Jul 1, 2026",44.99,45.81,44.99,45.4,45.4,0.0123,1445649
BAM,"Jun 30, 2026",44.0,45.15,43.82,44.85,44.85,0.0191,2090376
BAM,"Jun 29, 2026",45.04,45.44,43.61,44.01,44.01,-0.0137,2175249
BAM,"Jun 26, 2026",44.5,45.26,44.35,44.62,44.62,-0.0009,4560268
BAM,"Jun 25, 2026",45.15,45.62,44.37,44.66,44.66,-0.0053,2843149
BAM,"Jun 24, 2026",46.88,46.88,44.81,44.9,44.9,-0.043899999999999995,5086852
BAM,"Jun 23, 2026",47.07,47.5,46.5,46.96,46.96,-0.006999999999999999,3132171
BAM,"Jun 22, 2026",47.4,47.76,46.71,47.29,47.29,-0.0032,2622760
BAM,"Jun 18, 2026",48.59,48.59,47.17,47.44,47.44,-0.0113,2155839
BAM,"Jun 17, 2026",48.86,49.69,47.92,47.98,47.98,-0.0124,2332554
BAM,"Jun 16, 2026",48.55,49.2,48.37,48.58,48.58,0.008100000000000001,2247335
BAM,"Jun 15, 2026",48.16,48.85,47.91,48.19,48.19,0.0225,2851073
BAM,"Jun 12, 2026",47.0,47.64,46.65,47.13,47.13,0.0109,2570595
BAM,"Jun 11, 2026",45.77,46.62,45.33,46.62,46.62,0.020099999999999996,2758915
BAM,"Jun 10, 2026",46.65,47.57,45.56,45.7,45.7,-0.0308,3072050
BAM,"Jun 9, 2026",46.46,47.47,46.18,47.15,47.15,0.025699999999999997,1758312
BAM,"Jun 8, 2026",46.18,46.56,45.83,45.97,45.97,-0.0045000000000000005,2454460
BAM,"Jun 5, 2026",46.41,46.57,45.71,46.18,46.18,-0.0113,2007210
BAM,"Jun 4, 2026",45.9,46.84,45.59,46.71,46.71,0.0323,2701527
BAM,"Jun 3, 2026",46.65,47.04,45.15,45.25,45.25,-0.0524,4105213
BAM,"Jun 2, 2026",47.81,48.12,47.17,47.75,47.75,-0.008100000000000001,4445557
BAM,"Jun 1, 2026",48.13,48.9,47.82,48.14,48.14,-0.0095,4080389
BAM,"May 29, 2026",48.07,49.32,47.83,48.6,48.6,0.0019,2513816
BAM,"May 28, 2026",48.84,49.33,48.05,49.01,48.51,0.0004,3049211
BAM,"May 27, 2026",49.25,49.53,48.5,48.99,48.49,-0.0040999999999999995,1720905
BAM,"May 26, 2026",48.15,49.2,48.15,49.19,48.69,0.0263,4260764
BAM,"May 22, 2026",48.72,48.83,47.72,47.93,47.44,-0.0126,3268840
BAM,"May 21, 2026",47.81,48.7,47.39,48.54,48.04,0.01,1469267
BAM,"May 20, 2026",47.18,48.12,46.58,48.06,47.57,0.022799999999999997,2101204
BAM,"May 19, 2026",48.43,48.65,46.99,46.99,46.51,-0.0335,3338723
BAM,"May 18, 2026",47.82,48.78,47.61,48.62,48.12,0.0146,2393662
BAM,"May 15, 2026",48.9,48.91,47.84,47.92,47.43,-0.0304,2538275
BAM,"May 14, 2026",48.07,49.66,48.0,49.42,48.91,0.033,2902954
BAM,"May 13, 2026",48.29,48.46,47.49,47.84,47.35,-0.018500000000000003,2993636
BAM,"May 12, 2026",48.79,49.21,48.28,48.74,48.24,-0.0039000000000000003,3306328
BAM,"May 11, 2026",49.77,50.36,48.77,48.93,48.43,-0.0167,4017968
BAM,"May 8, 2026",49.17,49.81,46.96,49.76,49.25,0.0199,6155480
BAM,"May 7, 2026",48.76,49.36,48.46,48.79,48.29,0.0033,4442870
BAM,"May 6, 2026",49.18,49.42,48.4,48.63,48.13,0.0040999999999999995,3729024
BAM,"May 5, 2026",47.69,48.74,47.15,48.43,47.93,0.0174,3321529
BAM,"May 4, 2026",47.92,48.87,47.57,47.6,47.11,-0.0079,2218476
BAM,"May 1, 2026",48.36,48.63,47.83,47.98,47.49,-0.0006,2831063
BAM,"Apr 30, 2026",46.0,48.2,45.86,48.01,47.52,0.042800000000000005,3289330
BAM,"Apr 29, 2026",46.47,46.72,45.8,46.04,45.57,-0.0097,2810999
BAM,"Apr 28, 2026",46.96,47.18,46.23,46.49,46.01,-0.01,2971754
BAM,"Apr 27, 2026",47.43,48.11,46.92,46.96,46.48,-0.0128,1923837
BAM,"Apr 24, 2026",48.39,48.39,47.38,47.57,47.08,-0.0048,2361027
BAM,"Apr 23, 2026",48.01,48.45,46.99,47.8,47.31,-0.0146,3759779
BAM,"Apr 22, 2026",48.83,49.19,48.2,48.51,48.01,0.006,3072782
BAM,"Apr 21, 2026",49.2,49.81,47.97,48.22,47.73,-0.0169,3604656
BAM,"Apr 20, 2026",49.07,49.63,48.78,49.05,48.55,-0.0055000000000000005,2959892
BAM,"Apr 17, 2026",49.2,50.33,49.19,49.32,48.81,0.0165,3789243
BAM,"Apr 16, 2026",49.2,49.3,48.24,48.52,48.02,-0.0063,3083351
BAM,"Apr 15, 2026",47.93,49.11,47.72,48.83,48.33,0.028399999999999998,4133204
BAM,"Apr 14, 2026",46.84,47.81,46.49,47.48,46.99,0.0248,3924441
BAM,"Apr 13, 2026",44.61,46.38,44.56,46.33,45.85,0.0318,2706219
BAM,"Apr 10, 2026",45.21,45.27,44.46,44.9,44.44,-0.0044,2994536
BAM,"Apr 9, 2026",44.95,45.31,44.45,45.1,44.64,-0.0034999999999999996,2675202
BAM,"Apr 8, 2026",45.85,46.04,44.69,45.26,44.8,0.0291,5042481
BAM,"Apr 7, 2026",43.8,44.0,43.05,43.98,43.53,-0.0054,4545437
BAM,"Apr 6, 2026",44.12,44.52,43.9,44.22,43.77,-0.0052,3149218
BAM,"Apr 2, 2026",43.15,44.64,42.91,44.45,43.99,0.0084,4924372
BAM,"Apr 1, 2026",45.03,45.17,43.7,44.08,43.63,-0.0083,4932704
BAM,"Mar 31, 2026",43.87,44.51,43.37,44.45,43.99,0.0301,5169714
BAM,"Mar 30, 2026",42.89,44.08,42.89,43.15,42.71,-0.0007000000000000001,5251033
BAM,"Mar 27, 2026",43.14,43.66,42.81,43.18,42.74,-0.011200000000000002,3311352
BAM,"Mar 26, 2026",43.22,44.82,43.22,43.67,43.22,-0.0005,3684497
BAM,"Mar 25, 2026",43.55,43.8,42.63,43.69,43.24,0.0191,3578439
BAM,"Mar 24, 2026",42.53,43.32,42.2,42.87,42.43,-0.0108,4083122
BAM,"Mar 23, 2026",43.96,44.18,43.02,43.34,42.9,0.0103,4261213
BAM,"Mar 20, 2026",43.39,43.58,42.61,42.9,42.46,-0.0131,5766828
BAM,"Mar 19, 2026",43.43,43.82,43.07,43.47,43.02,-0.0109,3488025
BAM,"Mar 18, 2026",44.18,45.17,43.89,43.95,43.5,-0.0124,3076419
BAM,"Mar 17, 2026",44.34,44.99,44.14,44.5,44.04,0.0178,3086257
BAM,"Mar 16, 2026",43.73,44.04,43.18,43.72,43.27,0.0184,4368445
BAM,"Mar 13, 2026",43.5,43.89,42.85,42.93,42.49,-0.0049,4783359
BAM,"Mar 12, 2026",43.95,44.24,42.89,43.14,42.7,-0.034300000000000004,5351833
BAM,"Mar 11, 2026",45.81,45.81,43.84,44.67,44.21,-0.0137,4688291
BAM,"Mar 10, 2026",46.29,46.34,44.96,45.29,44.83,-0.0146,3766058
BAM,"Mar 9, 2026",45.0,46.16,44.37,45.96,45.49,-0.0024,5280282
BAM,"Mar 6, 2026",46.08,46.29,45.03,46.07,45.6,-0.0252,4285373
BAM,"Mar 5, 2026",46.41,47.51,46.23,47.26,46.78,0.0139,4608536
BAM,"Mar 4, 2026",46.7,47.67,46.27,46.61,46.13,0.0009,3852405
BAM,"Mar 3, 2026",45.8,47.02,45.11,46.57,46.09,-0.0121,3537659
BAM,"Mar 2, 2026",45.45,47.39,45.45,47.14,46.66,0.0083,5379123
BAM,"Feb 27, 2026",47.35,47.66,46.51,46.75,46.27,-0.030600000000000002,5579610
BAM,"Feb 26, 2026",49.98,50.31,48.08,48.73,47.73,-0.0152,5592907
BAM,"Feb 25, 2026",48.72,49.91,48.36,49.48,48.47,0.021,2599433
BAM,"Feb 24, 2026",47.5,48.8,47.37,48.46,47.47,0.0113,3916298
BAM,"Feb 23, 2026",50.05,50.34,47.65,47.92,46.94,-0.052199999999999996,3893314
HOOD,"Aug 21, 2026",101.1,109.71,98.77,108.13,108.13,0.13699999999999998,49981442
HOOD,"Aug 20, 2026",100.85,101.61,93.65,95.1,95.1,-0.006999999999999999,25139378
HOOD,"Aug 19, 2026",92.9,99.43,92.19,95.77,95.77,0.0463,25243821
HOOD,"Aug 18, 2026",93.44,94.59,91.44,91.53,91.53,-0.049,13990361
HOOD,"Aug 17, 2026",94.97,96.93,93.8,96.25,96.25,0.0072,11456834
HOOD,"Aug 14, 2026",98.0,98.42,95.44,95.56,95.56,-0.0383,14044568
HOOD,"Aug 13, 2026",96.51,100.35,96.41,99.37,99.37,0.047,16201708
HOOD,"Aug 12, 2026",96.99,97.17,93.41,94.91,94.91,0.005600000000000001,13871377
HOOD,"Aug 11, 2026",94.97,95.13,92.75,94.38,94.38,-0.0015,11712743
HOOD,"Aug 10, 2026",93.24,95.95,92.4,94.52,94.52,0.0132,11971607
HOOD,"Aug 7, 2026",92.91,95.75,92.52,93.29,93.29,0.028399999999999998,14860541
HOOD,"Aug 6, 2026",90.71,92.6,90.21,90.71,90.71,-0.0225,12443575
HOOD,"Aug 5, 2026",93.96,95.55,92.32,92.8,92.8,-0.0076,15234455
HOOD,"Aug 4, 2026",92.62,95.6,90.07,93.51,93.51,0.0351,22639539
HOOD,"Aug 3, 2026",86.69,92.35,85.3,90.34,90.34,0.0437,19740541
HOOD,"Jul 31, 2026",86.13,89.5,83.68,86.56,86.56,-0.0005,22953459
HOOD,"Jul 30, 2026",90.91,92.57,86.21,86.6,86.6,-0.0361,29692521
HOOD,"Jul 29, 2026",92.21,93.32,88.6,89.84,89.84,-0.0315,23046581
HOOD,"Jul 28, 2026",92.67,93.87,88.21,92.76,92.76,-0.0302,21666181
HOOD,"Jul 27, 2026",96.98,99.45,93.2,95.65,95.65,0.0078000000000000005,16616634
HOOD,"Jul 24, 2026",100.07,100.08,93.03,94.91,94.91,-0.06570000000000001,24405037
HOOD,"Jul 23, 2026",101.88,104.12,99.32,101.58,101.58,-0.0278,16539905
HOOD,"Jul 22, 2026",104.72,106.89,104.33,104.48,104.48,-0.0177,11151678
HOOD,"Jul 21, 2026",102.82,108.21,102.82,106.36,106.36,0.0713,19670331
HOOD,"Jul 20, 2026",102.49,102.6,98.61,99.28,99.28,-0.0068000000000000005,18740065
HOOD,"Jul 17, 2026",100.37,104.11,96.59,99.96,99.96,-0.0572,27608551
HOOD,"Jul 16, 2026",114.13,114.52,105.48,106.02,106.02,-0.0824,28465764
HOOD,"Jul 15, 2026",114.97,116.6,112.12,115.54,115.54,0.0184,21078641
HOOD,"Jul 14, 2026",111.03,113.69,109.1,113.45,113.45,0.0327,17916688
HOOD,"Jul 13, 2026",111.27,113.7,108.84,109.86,109.86,-0.018799999999999997,18222372
HOOD,"Jul 10, 2026",119.16,119.43,108.81,111.97,111.97,-0.0273,25930164
HOOD,"Jul 9, 2026",112.23,117.65,111.63,115.11,115.11,0.0139,18718828
HOOD,"Jul 8, 2026",110.87,114.13,108.89,113.53,113.53,0.005600000000000001,18287225
HOOD,"Jul 7, 2026",115.78,117.85,112.53,112.9,112.9,-0.039599999999999996,21833475
HOOD,"Jul 6, 2026",111.41,118.65,111.41,117.55,117.55,0.042800000000000005,25587299
HOOD,"Jul 2, 2026",112.76,120.05,110.93,112.73,112.73,0.037599999999999995,41233309
HOOD,"Jul 1, 2026",100.67,109.53,100.39,108.65,108.65,0.08349999999999999,28100638
HOOD,"Jun 30, 2026",101.87,103.06,99.66,100.28,100.28,-0.0152,17220699
HOOD,"Jun 29, 2026",100.66,102.85,98.05,101.83,101.83,0.0318,20681628
HOOD,"Jun 26, 2026",93.22,99.44,93.08,98.69,98.69,0.0558,44936800
HOOD,"Jun 25, 2026",98.79,99.19,92.8,93.47,93.47,-0.0383,23404351
HOOD,"Jun 24, 2026",102.35,104.27,96.3,97.19,97.19,-0.0587,30220048
HOOD,"Jun 23, 2026",101.65,105.99,101.03,103.25,103.25,-0.0233,40632287
HOOD,"Jun 22, 2026",108.0,112.5,105.28,105.71,105.71,-0.0226,31731229
HOOD,"Jun 18, 2026",107.83,109.08,103.46,108.15,108.15,0.027999999999999997,39509947
HOOD,"Jun 17, 2026",95.94,110.73,95.76,105.2,105.2,0.08779999999999999,70804679
HOOD,"Jun 16, 2026",100.17,101.88,94.57,96.71,96.71,-0.0144,31540762
HOOD,"Jun 15, 2026",98.72,100.87,97.45,98.12,98.12,0.0529,36576850
HOOD,"Jun 12, 2026",92.74,96.1,90.22,93.19,93.19,0.0104,33082303
HOOD,"Jun 11, 2026",87.08,93.64,85.72,92.23,92.23,0.068,38959055
HOOD,"Jun 10, 2026",84.09,91.46,84.08,86.36,86.36,0.030899999999999997,42027607
HOOD,"Jun 9, 2026",85.87,88.08,78.93,83.77,83.77,-0.0149,29312432
HOOD,"Jun 8, 2026",84.62,85.63,82.81,85.04,85.04,0.031200000000000002,19347807
HOOD,"Jun 5, 2026",86.57,87.33,79.49,82.47,82.47,-0.0663,35905094
HOOD,"Jun 4, 2026",83.26,88.62,82.8,88.33,88.33,0.0661,31788590
HOOD,"Jun 3, 2026",86.45,86.82,82.41,82.85,82.85,-0.0602,24090317
HOOD,"Jun 2, 2026",88.67,89.43,86.13,88.16,88.16,-0.028300000000000002,26630608
HOOD,"Jun 1, 2026",89.94,92.4,85.56,90.73,90.73,-0.0379,42590760
HOOD,"May 29, 2026",85.66,94.4,84.24,94.3,94.3,0.1115,64410960
HOOD,"May 28, 2026",74.85,84.92,73.53,84.84,84.84,0.11289999999999999,44052422
HOOD,"May 27, 2026",73.92,76.64,73.45,76.23,76.23,0.028900000000000002,25413139
HOOD,"May 26, 2026",74.5,76.04,73.46,74.09,74.09,0.0060999999999999995,20130150
HOOD,"May 22, 2026",76.32,77.11,73.26,73.64,73.64,-0.03,20817545
HOOD,"May 21, 2026",74.95,76.76,74.65,75.92,75.92,0.0021,16266441
HOOD,"May 20, 2026",74.75,76.35,73.75,75.76,75.76,0.0216,17178283
HOOD,"May 19, 2026",76.15,76.37,73.18,74.16,74.16,-0.0388,20490415
HOOD,"May 18, 2026",76.0,79.92,75.47,77.15,77.15,0.0001,20209438
HOOD,"May 15, 2026",78.54,78.58,76.41,77.14,77.14,-0.0441,19662351
HOOD,"May 14, 2026",76.05,81.93,75.11,80.7,80.7,0.051500000000000004,27967581
HOOD,"May 13, 2026",77.07,77.62,75.34,76.75,76.75,-0.0194,14805876
HOOD,"May 12, 2026",79.08,80.18,76.48,78.27,78.27,-0.0311,17097115
HOOD,"May 11, 2026",76.79,81.14,74.8,80.78,80.78,0.0487,26357900
HOOD,"May 8, 2026",76.24,77.07,74.25,77.03,77.03,0.0098,18141883
HOOD,"May 7, 2026",78.96,79.23,75.46,76.28,76.28,-0.035,21873214
HOOD,"May 6, 2026",77.8,79.49,76.19,79.05,79.05,0.0262,24673111
HOOD,"May 5, 2026",77.62,78.75,76.49,77.03,77.03,0.0063,24754631
HOOD,"May 4, 2026",74.7,78.29,74.63,76.55,76.55,0.0392,29377477
HOOD,"May 1, 2026",73.78,75.28,73.06,73.66,73.66,0.0106,25254844
HOOD,"Apr 30, 2026",71.18,73.88,70.76,72.89,72.89,0.023700000000000002,31187273
HOOD,"Apr 29, 2026",72.3,73.59,69.93,71.2,71.2,-0.1324,79797564
HOOD,"Apr 28, 2026",81.46,83.14,80.82,82.07,82.07,-0.022400000000000003,31324157
HOOD,"Apr 27, 2026",84.28,85.7,83.12,83.95,83.95,-0.009000000000000001,20100433
HOOD,"Apr 24, 2026",84.9,85.06,82.82,84.71,84.71,0.013999999999999999,20873084
HOOD,"Apr 23, 2026",86.7,87.61,81.75,83.54,83.54,-0.0553,33497616
HOOD,"Apr 22, 2026",89.35,90.14,87.48,88.43,88.43,0.0231,27468392
HOOD,"Apr 21, 2026",91.08,91.45,86.19,86.43,86.43,-0.053099999999999994,36873045
HOOD,"Apr 20, 2026",89.7,92.38,88.21,91.28,91.28,0.0058,35942426
HOOD,"Apr 17, 2026",90.06,93.32,89.57,90.75,90.75,0.0449,49795273
HOOD,"Apr 16, 2026",89.19,89.38,83.87,86.85,86.85,-0.0054,51788108
HOOD,"Apr 15, 2026",83.55,87.55,81.5,87.32,87.32,0.1041,72707192
HOOD,"Apr 14, 2026",75.13,79.28,75.05,79.09,79.09,0.1035,43587324
HOOD,"Apr 13, 2026",68.21,71.7,67.8,71.67,71.67,0.0358,21181719
HOOD,"Apr 10, 2026",70.11,70.87,68.28,69.19,69.19,-0.013300000000000001,23163806
HOOD,"Apr 9, 2026",71.59,72.46,68.78,70.12,70.12,-0.023799999999999998,25973774
HOOD,"Apr 8, 2026",76.8,77.87,71.31,71.83,71.83,0.0313,32953378
HOOD,"Apr 7, 2026",68.3,69.66,66.62,69.65,69.65,-0.0019,24967432
HOOD,"Apr 6, 2026",69.31,70.82,68.71,69.78,69.78,0.0128,24334458
HOOD,"Apr 2, 2026",67.2,70.15,65.57,68.9,68.9,-0.0173,23381347
HOOD,"Apr 1, 2026",71.13,71.55,69.14,70.11,70.11,0.011699999999999999,24130357
HOOD,"Mar 31, 2026",65.82,69.41,65.18,69.3,69.3,0.0635,35925102
HOOD,"Mar 30, 2026",66.86,67.89,63.52,65.16,65.16,-0.013000000000000001,26512250
HOOD,"Mar 27, 2026",68.54,68.89,65.87,66.02,66.02,-0.061500000000000006,30547031
HOOD,"Mar 26, 2026",71.15,73.24,69.7,70.35,70.35,-0.0302,21327043
HOOD,"Mar 25, 2026",71.83,74.59,71.75,72.54,72.54,0.0501,27500064
HOOD,"Mar 24, 2026",71.51,71.84,68.58,69.08,69.08,-0.047,29317572
HOOD,"Mar 23, 2026",71.85,73.6,70.92,72.49,72.49,0.0226,26070187
HOOD,"Mar 20, 2026",73.1,73.41,69.9,70.89,70.89,-0.0441,34441126
HOOD,"Mar 19, 2026",72.28,75.16,71.7,74.16,74.16,-0.009899999999999999,21552531
HOOD,"Mar 18, 2026",76.13,77.25,74.83,74.9,74.9,-0.0317,21937559
HOOD,"Mar 17, 2026",75.4,77.7,75.39,77.35,77.35,0.0271,20210220
HOOD,"Mar 16, 2026",75.1,75.81,74.11,75.31,75.31,0.0262,22783397
HOOD,"Mar 13, 2026",76.75,77.63,72.8,73.39,73.39,-0.0359,33417524
HOOD,"Mar 12, 2026",77.34,77.82,75.07,76.12,76.12,-0.0327,22668272
HOOD,"Mar 11, 2026",78.11,79.77,76.74,78.69,78.69,0.002,22677210
HOOD,"Mar 10, 2026",80.21,80.75,77.66,78.53,78.53,-0.0103,22663591
HOOD,"Mar 9, 2026",75.92,79.65,75.55,79.35,79.35,0.029300000000000003,25186610
HOOD,"Mar 6, 2026",77.91,79.0,76.38,77.09,77.09,-0.0431,28734366
HOOD,"Mar 5, 2026",82.12,84.75,78.55,80.56,80.56,-0.020099999999999996,39868312
HOOD,"Mar 4, 2026",79.6,83.85,79.58,82.21,82.21,0.08070000000000001,38493837
HOOD,"Mar 3, 2026",74.04,77.4,72.25,76.07,76.07,-0.0344,26929171
HOOD,"Mar 2, 2026",73.49,79.54,73.0,78.78,78.78,0.038599999999999995,26904707
HOOD,"Feb 27, 2026",76.8,77.79,74.82,75.85,75.85,-0.0453,23485290
HOOD,"Feb 26, 2026",76.93,79.57,76.45,79.45,79.45,0.0248,22685799
HOOD,"Feb 25, 2026",76.91,78.11,74.64,77.53,77.53,0.0564,32366170
HOOD,"Feb 24, 2026",70.91,73.88,69.22,73.39,73.39,0.022400000000000003,23571757
HOOD,"Feb 23, 2026",74.6,74.95,71.42,71.78,71.78,-0.056900000000000006,30422710
ITUB,"Aug 21, 2026",7.27,7.52,7.27,7.48,7.48,0.0432,23793750
ITUB,"Aug 20, 2026",7.32,7.36,7.16,7.17,7.17,-0.0271,28874243
ITUB,"Aug 19, 2026",7.51,7.53,7.36,7.37,7.37,0.0138,17928426
ITUB,"Aug 18, 2026",7.34,7.44,7.27,7.27,7.27,-0.012199999999999999,19677379
ITUB,"Aug 17, 2026",7.42,7.45,7.32,7.36,7.36,-0.0054,14305942
ITUB,"Aug 14, 2026",7.32,7.47,7.24,7.4,7.4,0.008199999999999999,29932759
ITUB,"Aug 13, 2026",7.39,7.49,7.33,7.34,7.34,-0.008100000000000001,24079249
ITUB,"Aug 12, 2026",7.47,7.52,7.38,7.4,7.4,-0.013300000000000001,32410520
ITUB,"Aug 11, 2026",7.88,7.9,7.48,7.5,7.5,-0.0482,32774299
ITUB,"Aug 10, 2026",7.95,7.98,7.86,7.88,7.88,-0.0076,14851600
ITUB,"Aug 7, 2026",8.2,8.2,7.93,7.94,7.94,-0.029300000000000003,27111554
ITUB,"Aug 6, 2026",8.31,8.37,8.17,8.18,8.18,-0.0037,17816564
ITUB,"Aug 5, 2026",8.4,8.49,8.2,8.21,8.21,0.0024,26570579
ITUB,"Aug 4, 2026",8.49,8.52,8.18,8.19,8.19,-0.035,16826862
ITUB,"Aug 3, 2026",8.46,8.52,8.42,8.49,8.49,0.0034999999999999996,13176844
ITUB,"Jul 31, 2026",8.5,8.57,8.43,8.46,8.46,0.0024,10878882
ITUB,"Jul 30, 2026",8.2,8.46,8.2,8.44,8.44,0.0356,12744467
ITUB,"Jul 29, 2026",8.26,8.29,8.15,8.15,8.15,-0.019299999999999998,21097072
ITUB,"Jul 28, 2026",8.44,8.48,8.31,8.31,8.31,-0.0072,10527843
ITUB,"Jul 27, 2026",8.35,8.42,8.29,8.37,8.37,0.0109,19920943
ITUB,"Jul 24, 2026",8.31,8.37,8.27,8.28,8.28,-0.0084,30083578
ITUB,"Jul 23, 2026",8.41,8.44,8.3,8.35,8.35,-0.015300000000000001,22073133
ITUB,"Jul 22, 2026",8.44,8.5,8.33,8.48,8.48,0.0095,18798505
ITUB,"Jul 21, 2026",8.34,8.4,8.3,8.4,8.4,0.0096,12831904
ITUB,"Jul 20, 2026",8.28,8.36,8.28,8.32,8.32,0.0146,15101977
ITUB,"Jul 17, 2026",8.2,8.28,8.16,8.2,8.2,-0.012,23231105
ITUB,"Jul 16, 2026",8.39,8.4,8.28,8.3,8.3,-0.0178,26370016
ITUB,"Jul 15, 2026",8.52,8.57,8.45,8.45,8.45,-0.011699999999999999,13068986
ITUB,"Jul 14, 2026",8.61,8.67,8.5,8.55,8.55,0.009399999999999999,14810545
ITUB,"Jul 13, 2026",8.64,8.67,8.45,8.47,8.47,-0.0174,19344236
ITUB,"Jul 10, 2026",8.45,8.67,8.44,8.62,8.62,0.041100000000000005,22526571
ITUB,"Jul 9, 2026",8.14,8.34,8.13,8.28,8.28,0.0147,22954147
ITUB,"Jul 8, 2026",8.17,8.21,8.06,8.16,8.16,-0.0085,25140856
ITUB,"Jul 7, 2026",8.3,8.39,8.19,8.23,8.23,-0.0072,21819918
ITUB,"Jul 6, 2026",8.17,8.31,8.11,8.29,8.29,0.0209,18339724
ITUB,"Jul 2, 2026",8.27,8.31,8.08,8.12,8.12,-0.0009,14869693
ITUB,"Jul 1, 2026",8.07,8.23,8.04,8.13,8.12,-0.0049,18388748
ITUB,"Jun 30, 2026",8.02,8.21,8.01,8.17,8.16,-0.0060999999999999995,27735503
ITUB,"Jun 29, 2026",8.15,8.23,8.11,8.22,8.21,-0.0012,16814337
ITUB,"Jun 26, 2026",8.0,8.23,8.0,8.23,8.22,0.024900000000000002,28498422
ITUB,"Jun 25, 2026",7.95,8.11,7.92,8.03,8.02,0.019,24731727
ITUB,"Jun 24, 2026",7.93,7.96,7.81,7.88,7.87,-0.0076,17448713
ITUB,"Jun 23, 2026",7.83,7.99,7.83,7.94,7.93,0.0013,23430510
ITUB,"Jun 22, 2026",7.85,7.98,7.82,7.93,7.92,0.025099999999999997,26547647
ITUB,"Jun 18, 2026",7.95,8.01,7.79,7.79,7.73,-0.0226,20208782
ITUB,"Jun 17, 2026",8.07,8.2,7.93,7.97,7.91,0.0025,32710236
ITUB,"Jun 16, 2026",7.93,7.97,7.87,7.95,7.89,,20413185
ITUB,"Jun 15, 2026",8.19,8.22,7.91,7.95,7.89,-0.005,22138742
ITUB,"Jun 12, 2026",8.01,8.08,7.94,7.99,7.93,0.0101,30594424
ITUB,"Jun 11, 2026",7.63,7.93,7.59,7.91,7.85,0.0381,33977385
ITUB,"Jun 10, 2026",7.44,7.63,7.44,7.62,7.56,0.012,26484647
ITUB,"Jun 9, 2026",7.51,7.57,7.44,7.53,7.47,0.013500000000000002,25358957
ITUB,"Jun 8, 2026",7.52,7.56,7.39,7.43,7.37,-0.0146,27243235
ITUB,"Jun 5, 2026",7.55,7.62,7.53,7.54,7.48,-0.0131,25289657
ITUB,"Jun 4, 2026",7.74,7.76,7.64,7.64,7.58,0.0066,11844289
ITUB,"Jun 3, 2026",7.7,7.74,7.56,7.59,7.53,-0.0344,21312571
ITUB,"Jun 2, 2026",7.82,7.94,7.81,7.86,7.8,0.009399999999999999,16407634
ITUB,"Jun 1, 2026",7.81,7.86,7.76,7.79,7.73,-0.011399999999999999,14165731
ITUB,"May 29, 2026",7.84,7.93,7.82,7.88,7.82,,22119368
ITUB,"May 28, 2026",7.87,7.98,7.83,7.88,7.82,-0.0101,17316994
ITUB,"May 27, 2026",7.97,8.06,7.93,7.96,7.9,0.0025,13540113
ITUB,"May 26, 2026",8.0,8.02,7.84,7.94,7.88,0.015300000000000001,15519536
ITUB,"May 22, 2026",7.93,7.95,7.8,7.82,7.76,-0.0225,15269770
ITUB,"May 21, 2026",7.83,8.09,7.81,8.0,7.94,0.0076,23969278
ITUB,"May 20, 2026",7.77,7.97,7.77,7.94,7.88,0.0339,29471486
ITUB,"May 19, 2026",7.69,7.8,7.64,7.68,7.62,-0.026600000000000002,26761818
ITUB,"May 18, 2026",7.88,7.92,7.82,7.89,7.83,0.0064,22103316
ITUB,"May 15, 2026",7.9,7.9,7.78,7.84,7.78,-0.0321,23646873
ITUB,"May 14, 2026",8.01,8.14,7.99,8.1,8.04,0.0318,21684732
ITUB,"May 13, 2026",8.07,8.23,7.83,7.85,7.79,-0.030899999999999997,48931776
ITUB,"May 12, 2026",8.12,8.18,8.06,8.1,8.04,-0.0098,17045640
ITUB,"May 11, 2026",8.37,8.4,8.14,8.18,8.11,-0.0227,36143365
ITUB,"May 8, 2026",8.37,8.45,8.34,8.37,8.3,0.0232,36416048
ITUB,"May 7, 2026",8.42,8.44,8.18,8.18,8.11,-0.032,40198069
ITUB,"May 6, 2026",8.74,8.76,8.39,8.45,8.38,-0.013999999999999999,50797552
ITUB,"May 5, 2026",8.61,8.63,8.51,8.57,8.5,0.012199999999999999,27081225
ITUB,"May 4, 2026",8.63,8.69,8.45,8.47,8.4,-0.0174,20203331
ITUB,"May 1, 2026",8.66,8.72,8.61,8.62,8.55,-0.0092,10251784
ITUB,"Apr 30, 2026",8.68,8.74,8.63,8.7,8.63,0.0199,13584604
ITUB,"Apr 29, 2026",8.69,8.77,8.52,8.53,8.46,-0.0362,19138682
ITUB,"Apr 28, 2026",8.69,8.94,8.68,8.85,8.78,0.005699999999999999,21243000
ITUB,"Apr 27, 2026",8.92,8.92,8.8,8.8,8.73,-0.005600000000000001,8728760
ITUB,"Apr 24, 2026",8.76,8.88,8.71,8.85,8.78,0.0045000000000000005,13547496
ITUB,"Apr 23, 2026",9.03,9.06,8.78,8.81,8.74,-0.0233,22502576
ITUB,"Apr 22, 2026",9.24,9.24,9.01,9.02,8.94,-0.0077,17121385
ITUB,"Apr 21, 2026",9.3,9.36,9.08,9.09,9.01,-0.020499999999999997,13088922
ITUB,"Apr 20, 2026",9.41,9.43,9.26,9.28,9.2,-0.010700000000000001,11908997
ITUB,"Apr 17, 2026",9.56,9.57,9.36,9.38,9.3,0.0054,27982767
ITUB,"Apr 16, 2026",9.43,9.44,9.26,9.33,9.25,-0.0064,14402210
ITUB,"Apr 15, 2026",9.4,9.47,9.33,9.39,9.31,0.0086,22895278
ITUB,"Apr 14, 2026",9.27,9.39,9.26,9.31,9.23,0.015300000000000001,22517575
ITUB,"Apr 13, 2026",9.06,9.19,8.96,9.17,9.09,0.0011,22436599
ITUB,"Apr 10, 2026",9.15,9.22,9.08,9.16,9.08,0.0166,18239043
ITUB,"Apr 9, 2026",8.85,9.04,8.85,9.01,8.93,0.0215,15194637
ITUB,"Apr 8, 2026",8.98,8.99,8.74,8.82,8.75,0.0513,24316866
ITUB,"Apr 7, 2026",8.35,8.41,8.22,8.39,8.32,-0.004699999999999999,19800931
ITUB,"Apr 6, 2026",8.38,8.48,8.38,8.43,8.36,0.0108,12712794
ITUB,"Apr 2, 2026",8.26,8.51,8.23,8.34,8.27,-0.0173,23448666
ITUB,"Apr 1, 2026",8.49,8.58,8.41,8.49,8.42,0.0131,21750101
ITUB,"Mar 31, 2026",8.08,8.4,8.04,8.38,8.31,0.06480000000000001,33433031
ITUB,"Mar 30, 2026",7.95,7.99,7.81,7.87,7.8,,22584358
ITUB,"Mar 27, 2026",7.91,7.98,7.82,7.87,7.8,-0.0113,31278518
ITUB,"Mar 26, 2026",8.13,8.17,7.95,7.96,7.89,-0.0305,18705902
ITUB,"Mar 25, 2026",8.23,8.34,8.18,8.21,8.14,0.0199,31211312
ITUB,"Mar 24, 2026",7.97,8.15,7.95,8.05,7.98,-0.0111,38487655
ITUB,"Mar 23, 2026",8.06,8.24,7.95,8.14,8.07,0.0451,30268281
ITUB,"Mar 20, 2026",8.0,8.02,7.79,7.84,7.72,-0.0345,32058481
ITUB,"Mar 19, 2026",7.81,8.16,7.81,8.12,8.0,0.0074,58161850
ITUB,"Mar 18, 2026",8.13,8.26,8.05,8.06,7.94,-0.0098,38659632
ITUB,"Mar 17, 2026",8.33,8.33,8.09,8.14,8.02,-0.0073,26234837
ITUB,"Mar 16, 2026",8.18,8.25,8.12,8.2,8.08,0.0276,21071056
ITUB,"Mar 13, 2026",8.23,8.27,7.95,7.98,7.86,-0.0148,20422229
ITUB,"Mar 12, 2026",8.19,8.26,8.08,8.1,7.98,-0.0414,27881372
ITUB,"Mar 11, 2026",8.46,8.61,8.38,8.45,8.32,-0.0034999999999999996,24459501
ITUB,"Mar 10, 2026",8.35,8.61,8.26,8.48,8.35,0.0229,36102506
ITUB,"Mar 9, 2026",8.13,8.35,8.07,8.29,8.16,0.0184,40223911
ITUB,"Mar 6, 2026",8.07,8.21,8.05,8.14,8.02,-0.014499999999999999,26417953
ITUB,"Mar 5, 2026",8.4,8.43,8.19,8.26,8.13,-0.0407,26477169
ITUB,"Mar 4, 2026",8.56,8.67,8.53,8.61,8.48,0.025,34517280
ITUB,"Mar 3, 2026",8.35,8.52,8.12,8.4,8.27,-0.0516,40625221
ITUB,"Mar 2, 2026",8.84,8.95,8.8,8.86,8.72,-0.021,38856175
ITUB,"Feb 27, 2026",9.12,9.19,9.0,9.05,8.91,-0.0227,14300048
ITUB,"Feb 26, 2026",9.26,9.29,9.12,9.26,9.12,,20238302
ITUB,"Feb 25, 2026",9.33,9.36,9.15,9.26,9.12,-0.0075,28581158
ITUB,"Feb 24, 2026",9.17,9.35,9.11,9.33,9.19,0.0174,29787348
ITUB,"Feb 23, 2026",9.41,9.47,9.13,9.17,9.03,-0.0358,26030258
MCO,"Aug 21, 2026",500.99,506.56,498.45,503.32,503.32,0.0091,704693
MCO,"Aug 20, 2026",496.96,503.67,495.27,498.77,498.77,0.0034999999999999996,715847
MCO,"Aug 19, 2026",487.45,506.49,485.23,497.03,497.03,0.0231,940493
MCO,"Aug 18, 2026",480.69,490.75,478.69,485.79,485.79,0.0181,506388
MCO,"Aug 17, 2026",481.17,483.68,477.14,477.17,477.17,-0.0161,674440
MCO,"Aug 14, 2026",487.11,488.21,480.34,484.96,484.96,-0.005,511803
MCO,"Aug 13, 2026",479.04,489.7,475.31,488.42,487.39,0.022099999999999998,580577
MCO,"Aug 12, 2026",474.16,481.58,473.27,477.84,476.83,0.0029,813819
MCO,"Aug 11, 2026",476.75,480.85,473.62,476.48,475.48,-0.0034999999999999996,846294
MCO,"Aug 10, 2026",474.93,481.1,474.93,478.14,477.13,0.0008,686647
MCO,"Aug 7, 2026",473.0,480.71,472.33,477.75,476.74,0.0098,696258
MCO,"Aug 6, 2026",481.73,485.06,470.53,473.13,472.13,-0.022400000000000003,821018
MCO,"Aug 5, 2026",488.26,489.95,479.27,483.98,482.96,0.0006,789791
MCO,"Aug 4, 2026",479.69,486.87,479.69,483.67,482.65,0.0006,541736
MCO,"Aug 3, 2026",484.13,491.1,477.16,483.36,482.34,0.0104,699995
MCO,"Jul 31, 2026",477.89,481.59,471.78,478.38,477.37,-0.008,844184
MCO,"Jul 30, 2026",478.91,483.24,470.49,482.26,481.24,-0.002,823346
MCO,"Jul 29, 2026",484.17,489.61,480.88,483.24,482.22,-0.002,938030
MCO,"Jul 28, 2026",486.06,488.81,478.33,484.2,483.18,-0.0036,1011457
MCO,"Jul 27, 2026",478.97,491.22,478.27,485.96,484.94,0.030699999999999998,905000
MCO,"Jul 24, 2026",475.91,479.21,468.37,471.5,470.51,-0.0016,935479
MCO,"Jul 23, 2026",480.0,484.47,472.01,472.24,471.24,-0.035699999999999996,1046063
MCO,"Jul 22, 2026",493.48,493.99,482.96,489.7,488.67,-0.0022,1281451
MCO,"Jul 21, 2026",491.68,496.87,482.69,490.77,489.74,-0.028900000000000002,1434292
MCO,"Jul 20, 2026",508.24,510.01,502.09,505.37,504.3,-0.010700000000000001,774464
MCO,"Jul 17, 2026",517.96,523.31,507.32,510.86,509.78,-0.015700000000000002,1326262
MCO,"Jul 16, 2026",509.33,519.09,508.16,519.02,517.93,0.028900000000000002,935498
MCO,"Jul 15, 2026",498.76,512.0,497.37,504.46,503.4,0.0197,832911
MCO,"Jul 14, 2026",487.0,495.75,480.0,494.73,493.69,-0.002,652244
MCO,"Jul 13, 2026",491.72,497.82,491.71,495.72,494.67,0.0173,568846
MCO,"Jul 10, 2026",491.49,496.1,483.81,487.28,486.25,0.0005,510753
MCO,"Jul 9, 2026",482.3,487.37,478.27,487.02,485.99,0.004,528424
MCO,"Jul 8, 2026",496.36,496.96,483.19,485.1,484.08,-0.030699999999999998,585326
MCO,"Jul 7, 2026",501.46,504.91,498.11,500.49,499.43,0.0034000000000000002,824116
MCO,"Jul 6, 2026",492.35,499.97,480.63,498.78,497.73,0.0169,863969
MCO,"Jul 2, 2026",474.27,490.74,474.27,490.51,489.48,0.0472,933224
MCO,"Jul 1, 2026",455.49,474.39,454.0,468.38,467.39,0.0341,1080569
MCO,"Jun 30, 2026",450.28,457.54,447.14,452.92,451.96,0.0004,1031929
MCO,"Jun 29, 2026",452.48,455.62,448.54,452.73,451.78,0.006,848787
MCO,"Jun 26, 2026",437.85,451.85,437.51,450.01,449.06,0.0254,2819882
MCO,"Jun 25, 2026",450.37,459.78,438.14,438.85,437.92,-0.024300000000000002,1181204
MCO,"Jun 24, 2026",446.26,455.95,443.24,449.79,448.84,0.0131,972073
MCO,"Jun 23, 2026",450.03,452.4,442.29,443.97,443.03,-0.0075,1095766
MCO,"Jun 22, 2026",448.64,453.82,445.24,447.33,446.39,-0.0074,969610
MCO,"Jun 18, 2026",457.63,460.25,448.85,450.67,449.72,-0.012199999999999999,1964518
MCO,"Jun 17, 2026",466.5,472.43,455.73,456.22,455.26,-0.026000000000000002,1285417
MCO,"Jun 16, 2026",460.34,471.4,459.22,468.41,467.42,0.0316,1301017
MCO,"Jun 15, 2026",450.76,460.88,450.72,454.06,453.1,0.0139,964896
MCO,"Jun 12, 2026",445.0,448.48,438.17,447.85,446.91,0.013600000000000001,672315
MCO,"Jun 11, 2026",449.59,450.5,438.41,441.82,440.89,-0.0197,1174753
MCO,"Jun 10, 2026",447.0,454.1,444.33,450.69,449.74,0.0017000000000000001,553695
MCO,"Jun 9, 2026",443.71,452.5,441.7,449.94,448.99,0.0139,901115
MCO,"Jun 8, 2026",451.13,451.41,443.18,443.76,442.82,-0.0168,776053
MCO,"Jun 5, 2026",451.69,454.22,447.85,451.35,450.4,0.0049,660533
MCO,"Jun 4, 2026",455.27,460.52,447.92,449.15,448.2,0.0017000000000000001,979197
MCO,"Jun 3, 2026",450.0,451.02,441.79,448.39,447.44,-0.0115,853957
MCO,"Jun 2, 2026",460.63,462.0,446.66,453.6,452.64,-0.022799999999999997,1040762
MCO,"Jun 1, 2026",453.67,465.67,448.96,464.2,463.22,0.0242,894135
MCO,"May 29, 2026",448.91,459.24,448.41,453.25,452.29,0.0062,2126891
MCO,"May 28, 2026",454.12,455.75,447.84,450.45,449.5,-0.0025,1003800
MCO,"May 27, 2026",452.34,457.49,448.26,451.56,450.61,0.001,910490
MCO,"May 26, 2026",450.24,454.81,446.43,451.1,450.15,0.0044,842698
MCO,"May 22, 2026",446.0,452.85,445.62,449.12,448.17,0.0084,502893
MCO,"May 21, 2026",440.18,447.56,436.2,445.37,444.43,0.0025,1046695
MCO,"May 20, 2026",434.37,445.45,427.89,444.27,443.33,0.0225,1162096
MCO,"May 19, 2026",445.74,448.0,434.29,434.49,433.57,-0.020099999999999996,1316429
MCO,"May 18, 2026",427.01,443.61,427.01,443.41,442.47,0.0338,1107464
MCO,"May 15, 2026",432.48,438.23,426.21,428.9,428.0,-0.0064,1262752
MCO,"May 14, 2026",440.51,443.45,432.37,432.68,430.74,-0.0129,1109080
MCO,"May 13, 2026",446.87,447.35,432.35,438.32,436.35,-0.0297,1044065
MCO,"May 12, 2026",449.61,458.67,447.21,451.75,449.72,0.0075,1030717
MCO,"May 11, 2026",448.16,452.68,446.36,448.39,446.38,-0.006500000000000001,924464
MCO,"May 8, 2026",457.1,459.14,446.96,451.32,449.3,-0.0126,762816
MCO,"May 7, 2026",446.08,458.0,444.54,457.1,455.05,0.0189,1033490
MCO,"May 6, 2026",458.29,459.99,446.88,448.64,446.63,-0.013000000000000001,1216699
MCO,"May 5, 2026",450.01,460.5,442.22,454.55,452.51,0.0111,1126957
MCO,"May 4, 2026",453.97,460.83,449.18,449.56,447.54,-0.013600000000000001,771941
MCO,"May 1, 2026",466.39,469.88,455.74,455.77,453.73,-0.0132,811572
MCO,"Apr 30, 2026",456.94,462.82,453.94,461.85,459.78,0.0038,1070811
MCO,"Apr 29, 2026",456.78,462.18,452.74,460.11,458.05,0.0046,1080937
MCO,"Apr 28, 2026",464.94,470.64,457.53,457.99,455.94,-0.006,1281576
MCO,"Apr 27, 2026",453.91,462.8,453.91,460.74,458.67,0.0103,1157686
MCO,"Apr 24, 2026",453.1,458.85,453.1,456.05,454.0,0.008199999999999999,792898
MCO,"Apr 23, 2026",460.72,463.0,448.01,452.35,450.32,-0.0308,1249177
MCO,"Apr 22, 2026",474.27,482.54,464.57,466.72,464.63,0.0155,1583165
MCO,"Apr 21, 2026",461.9,473.38,458.98,459.59,457.53,-0.0007000000000000001,1688001
MCO,"Apr 20, 2026",453.68,461.02,452.66,459.91,457.85,0.01,1209121
MCO,"Apr 17, 2026",452.26,459.27,450.19,455.35,453.31,0.0155,1539792
MCO,"Apr 16, 2026",450.0,455.36,446.78,448.42,446.41,0.0036,932141
MCO,"Apr 15, 2026",439.54,449.98,439.03,446.81,444.81,0.02,792400
MCO,"Apr 14, 2026",440.65,443.91,436.22,438.06,436.1,-0.0034999999999999996,890245
MCO,"Apr 13, 2026",425.26,439.94,425.26,439.61,437.64,0.0285,710799
MCO,"Apr 10, 2026",436.19,438.87,424.4,427.41,425.49,-0.024700000000000003,1061872
MCO,"Apr 9, 2026",443.46,445.42,432.03,438.22,436.25,-0.021,949662
MCO,"Apr 8, 2026",450.25,454.92,445.42,447.62,445.61,0.022000000000000002,786656
MCO,"Apr 7, 2026",442.24,444.21,436.77,438.0,436.04,-0.0137,685545
MCO,"Apr 6, 2026",439.18,445.52,438.46,444.1,442.11,0.0075,457180
MCO,"Apr 2, 2026",432.42,445.69,430.01,440.79,438.81,0.0046,793989
MCO,"Apr 1, 2026",437.77,440.52,425.97,438.78,436.81,0.0058,1111741
MCO,"Mar 31, 2026",438.53,439.36,427.14,436.25,434.29,0.0097,1008530
MCO,"Mar 30, 2026",428.95,435.7,427.32,432.05,430.11,0.017,950686
MCO,"Mar 27, 2026",427.81,431.45,422.2,424.84,422.93,-0.0172,1125306
MCO,"Mar 26, 2026",423.98,435.09,423.98,432.28,430.34,0.009899999999999999,1280969
MCO,"Mar 25, 2026",433.41,438.52,422.35,428.05,426.13,-0.001,1124104
MCO,"Mar 24, 2026",436.77,436.77,426.49,428.46,426.54,-0.0286,1393257
MCO,"Mar 23, 2026",443.24,446.4,438.13,441.07,439.09,0.0137,1215805
MCO,"Mar 20, 2026",435.58,439.33,432.29,435.12,433.17,-0.0016,1899954
MCO,"Mar 19, 2026",431.6,441.16,431.6,435.8,433.85,-0.006500000000000001,1217016
MCO,"Mar 18, 2026",435.87,444.36,434.85,438.67,436.7,-0.0054,1432054
MCO,"Mar 17, 2026",437.42,446.19,436.2,441.03,439.05,0.019299999999999998,1109911
MCO,"Mar 16, 2026",433.8,439.06,432.24,432.69,430.75,0.0062,1129534
MCO,"Mar 13, 2026",430.85,432.82,427.05,430.01,428.08,0.0083,1265286
MCO,"Mar 12, 2026",439.05,439.05,422.16,426.47,424.56,-0.0436,2460144
MCO,"Mar 11, 2026",452.0,455.76,430.32,445.93,443.93,-0.0139,1562611
MCO,"Mar 10, 2026",461.25,461.25,447.64,452.23,450.2,-0.0226,1283018
MCO,"Mar 9, 2026",464.44,467.13,447.52,462.69,460.62,-0.0197,1297864
MCO,"Mar 6, 2026",463.95,472.71,460.5,471.97,469.85,0.0040999999999999995,1434603
MCO,"Mar 5, 2026",466.61,477.3,466.23,470.05,467.94,-0.002,1904146
MCO,"Mar 4, 2026",465.87,475.97,463.73,471.01,468.9,0.014499999999999999,1395078
MCO,"Mar 3, 2026",458.23,469.0,454.4,464.3,462.22,-0.0039000000000000003,1786400
MCO,"Mar 2, 2026",469.5,471.98,463.0,466.1,464.01,-0.0219,1974150
MCO,"Feb 27, 2026",475.06,483.92,473.06,477.59,474.42,-0.0039000000000000003,1788397
MCO,"Feb 26, 2026",467.89,481.8,467.89,479.47,476.29,0.0347,1744551
MCO,"Feb 25, 2026",455.0,466.05,454.49,463.37,460.3,0.0239,1753033
MCO,"Feb 24, 2026",438.02,453.13,436.85,452.57,449.57,0.0354,1506923
MCO,"Feb 23, 2026",445.08,451.11,436.29,437.11,434.21,-0.0239,1405123
APO,"Aug 21, 2026",131.17,134.14,131.17,132.69,132.69,0.0208,1829658
APO,"Aug 20, 2026",131.5,134.25,129.95,129.98,129.98,-0.0273,6775218
APO,"Aug 19, 2026",133.66,135.94,132.53,133.63,133.63,0.0026,2689654
APO,"Aug 18, 2026",133.15,134.61,131.47,133.85,133.29,-0.0051,2924051
APO,"Aug 17, 2026",140.0,140.07,134.11,134.54,133.97,-0.044199999999999996,4468771
APO,"Aug 14, 2026",143.58,144.33,140.48,140.76,140.17,-0.0196,2559025
APO,"Aug 13, 2026",138.85,144.13,138.49,143.58,142.98,0.0359,3958570
APO,"Aug 12, 2026",141.59,141.6,136.93,138.61,138.03,-0.011899999999999999,4207976
APO,"Aug 11, 2026",132.5,140.98,132.26,140.28,139.69,0.0626,5784178
APO,"Aug 10, 2026",126.94,132.08,126.74,132.02,131.47,0.0359,4572123
APO,"Aug 7, 2026",128.21,129.37,126.86,127.44,126.9,-0.0043,4050415
APO,"Aug 6, 2026",130.72,130.74,127.27,127.99,127.45,-0.013500000000000002,2932577
APO,"Aug 5, 2026",134.0,135.37,127.53,129.74,129.19,-0.026000000000000002,3833641
APO,"Aug 4, 2026",127.95,133.73,126.43,133.2,132.64,0.0292,5413182
APO,"Aug 3, 2026",126.8,130.19,125.9,129.42,128.88,0.0305,3853212
APO,"Jul 31, 2026",120.65,126.19,119.89,125.59,125.06,0.0444,4656725
APO,"Jul 30, 2026",119.28,121.3,116.57,120.25,119.74,0.004,4894993
APO,"Jul 29, 2026",123.87,124.06,119.69,119.77,119.27,-0.0395,2859960
APO,"Jul 28, 2026",124.02,125.3,123.03,124.69,124.17,0.0036,3118722
APO,"Jul 27, 2026",123.0,125.61,122.28,124.24,123.72,0.013300000000000001,4039383
APO,"Jul 24, 2026",118.84,122.94,118.01,122.61,122.09,0.030299999999999997,3415499
APO,"Jul 23, 2026",119.96,121.72,117.53,119.0,118.5,-0.0003,2811383
APO,"Jul 22, 2026",118.0,120.86,118.0,119.04,118.54,0.0054,3548242
APO,"Jul 21, 2026",119.37,120.63,118.0,118.4,117.9,0.0014000000000000002,2978266
APO,"Jul 20, 2026",121.65,121.67,116.87,118.24,117.74,-0.018500000000000003,3848770
APO,"Jul 17, 2026",121.54,125.24,119.37,120.47,119.96,-0.0233,4934832
APO,"Jul 16, 2026",120.25,123.44,118.87,123.34,122.82,0.0124,7132096
APO,"Jul 15, 2026",121.59,124.6,121.22,121.83,121.32,0.0158,4597063
APO,"Jul 14, 2026",118.9,121.14,118.21,119.93,119.43,0.009300000000000001,4002361
APO,"Jul 13, 2026",119.61,120.87,118.21,118.83,118.33,-0.0125,5490898
APO,"Jul 10, 2026",121.87,122.06,120.25,120.34,119.83,0.0042,3076913
APO,"Jul 9, 2026",118.17,120.93,118.17,119.84,119.34,0.0144,3136482
APO,"Jul 8, 2026",118.0,119.81,117.0,118.14,117.64,-0.01,3324850
APO,"Jul 7, 2026",121.85,122.82,118.55,119.33,118.83,-0.0232,4150515
APO,"Jul 6, 2026",119.0,123.02,118.9,122.17,121.66,0.03,4250670
APO,"Jul 2, 2026",119.37,122.18,117.71,118.61,118.11,0.0014000000000000002,6258336
APO,"Jul 1, 2026",118.31,121.63,116.68,118.44,117.94,0.0011,9006380
APO,"Jun 30, 2026",115.45,118.52,115.23,118.31,117.81,0.030299999999999997,7169149
APO,"Jun 29, 2026",119.4,120.54,114.03,114.83,114.35,-0.029300000000000003,4842786
APO,"Jun 26, 2026",121.48,122.09,117.57,118.29,117.79,-0.0265,11694138
APO,"Jun 25, 2026",123.86,125.09,120.76,121.51,121.0,-0.0089,4703083
APO,"Jun 24, 2026",129.99,129.99,121.96,122.6,122.08,-0.0613,6985376
APO,"Jun 23, 2026",132.0,134.53,130.41,130.61,130.06,-0.034,4019818
APO,"Jun 22, 2026",138.16,138.98,134.46,135.21,134.64,-0.0167,4034519
APO,"Jun 18, 2026",140.63,141.73,137.18,137.5,136.92,-0.0102,6168722
APO,"Jun 17, 2026",138.19,141.41,137.57,138.91,138.33,0.0031,3782488
APO,"Jun 16, 2026",137.03,139.56,136.45,138.48,137.9,0.0174,2821295
APO,"Jun 15, 2026",136.99,139.53,136.07,136.11,135.54,0.0167,3186729
APO,"Jun 12, 2026",135.07,136.32,133.31,133.88,133.32,-0.0002,2310498
APO,"Jun 11, 2026",131.21,134.31,129.11,133.91,133.35,0.021099999999999997,2341920
APO,"Jun 10, 2026",132.0,135.34,130.54,131.14,130.59,-0.0118,2657585
APO,"Jun 9, 2026",128.72,133.61,128.72,132.7,132.14,0.04019999999999999,3661199
APO,"Jun 8, 2026",128.26,129.72,127.16,127.57,127.03,-0.0036,3134940
APO,"Jun 5, 2026",127.96,128.23,125.64,128.03,127.49,-0.003,2858430
APO,"Jun 4, 2026",125.39,129.5,124.86,128.41,127.87,0.0326,4108036
APO,"Jun 3, 2026",124.0,126.11,122.44,124.35,123.83,-0.0342,5197926
APO,"Jun 2, 2026",128.57,130.0,127.11,128.76,128.22,0.0042,2538131
APO,"Jun 1, 2026",127.68,131.15,127.68,128.22,127.68,-0.0038,3087768
APO,"May 29, 2026",126.61,131.58,126.08,128.71,128.17,0.009399999999999999,5231526
APO,"May 28, 2026",129.0,129.59,127.38,127.51,126.97,-0.0212,3288649
APO,"May 27, 2026",129.94,132.23,129.24,130.27,129.72,0.0028000000000000004,2862303
APO,"May 26, 2026",128.8,131.48,128.12,129.91,129.36,0.0109,2531883
APO,"May 22, 2026",131.99,132.37,127.86,128.51,127.97,-0.0183,2524490
APO,"May 21, 2026",131.75,133.04,130.4,130.9,130.35,-0.0101,3235316
APO,"May 20, 2026",131.52,132.63,128.79,132.24,131.68,0.0083,3425487
APO,"May 19, 2026",132.79,133.94,131.14,131.15,130.6,-0.0177,3353017
APO,"May 18, 2026",133.88,135.13,132.73,134.07,132.95,-0.0097,3400382
APO,"May 15, 2026",134.68,136.02,132.06,135.38,134.25,-0.001,3364339
APO,"May 14, 2026",132.78,136.58,131.96,135.52,134.38,0.0298,2962808
APO,"May 13, 2026",131.11,133.22,129.0,131.6,130.5,-0.0025,2666167
APO,"May 12, 2026",129.83,132.34,128.97,131.93,130.82,0.0113,2687163
APO,"May 11, 2026",133.47,133.69,129.5,130.46,129.37,-0.0206,3096486
APO,"May 8, 2026",128.14,133.39,126.95,133.2,132.08,0.042300000000000004,4768751
APO,"May 7, 2026",129.36,130.76,126.36,127.79,126.72,-0.0134,4060947
APO,"May 6, 2026",134.02,135.34,128.88,129.53,128.44,-0.0059,4502418
APO,"May 5, 2026",130.3,131.91,129.13,130.3,129.21,0.0086,4238803
APO,"May 4, 2026",130.32,133.34,129.09,129.19,128.11,-0.0097,3333885
APO,"May 1, 2026",129.82,132.12,128.52,130.46,129.37,0.013500000000000002,3906834
APO,"Apr 30, 2026",121.51,129.25,120.0,128.72,127.64,0.0527,4212496
APO,"Apr 29, 2026",122.52,123.89,121.6,122.28,121.26,-0.0104,2335739
APO,"Apr 28, 2026",124.08,125.37,122.67,123.57,122.53,0.0019,3836478
APO,"Apr 27, 2026",124.26,126.13,122.74,123.33,122.3,-0.0075,2893798
APO,"Apr 24, 2026",124.45,125.8,122.26,124.26,123.22,-0.0040999999999999995,3429517
APO,"Apr 23, 2026",127.33,127.8,122.59,124.77,123.72,-0.0332,4522850
APO,"Apr 22, 2026",128.23,130.3,127.0,129.06,127.98,0.0141,3600575
APO,"Apr 21, 2026",128.28,131.0,126.72,127.26,126.19,-0.0005,5040021
APO,"Apr 20, 2026",124.09,127.45,124.01,127.33,126.26,0.0217,5238610
APO,"Apr 17, 2026",122.8,126.58,121.12,124.62,123.58,0.0315,6405207
APO,"Apr 16, 2026",121.25,122.62,120.21,120.81,119.8,0.0022,5860935
APO,"Apr 15, 2026",117.1,121.13,116.5,120.54,119.53,0.049800000000000004,6630309
APO,"Apr 14, 2026",111.8,116.19,111.8,114.82,113.86,0.0443,6156432
APO,"Apr 13, 2026",103.96,110.0,103.51,109.95,109.03,0.054400000000000004,4700814
APO,"Apr 10, 2026",107.67,108.04,102.7,104.28,103.41,-0.0252,4527229
APO,"Apr 9, 2026",104.99,107.82,104.5,106.98,106.08,-0.0007000000000000001,3733805
APO,"Apr 8, 2026",109.96,112.29,105.37,107.05,106.15,0.016,4537913
APO,"Apr 7, 2026",105.04,106.42,104.57,105.36,104.48,-0.0070999999999999995,2820027
APO,"Apr 6, 2026",106.88,107.12,104.71,106.11,105.22,-0.0087,2819809
APO,"Apr 2, 2026",105.82,109.51,104.14,107.04,106.14,-0.0291,5419041
APO,"Apr 1, 2026",112.63,112.98,108.98,110.25,109.33,-0.0105,2642652
APO,"Mar 31, 2026",111.63,112.82,109.11,111.42,110.49,0.0134,3516455
APO,"Mar 30, 2026",109.27,112.51,108.01,109.95,109.03,0.0141,4215685
APO,"Mar 27, 2026",108.61,110.31,107.11,108.42,107.51,-0.014199999999999999,4674672
APO,"Mar 26, 2026",108.71,111.6,107.76,109.98,109.06,0.0016,4562246
APO,"Mar 25, 2026",111.68,113.08,109.28,109.8,108.88,-0.013000000000000001,5209376
APO,"Mar 24, 2026",107.29,111.45,104.7,111.25,110.32,0.0072,8668851
APO,"Mar 23, 2026",114.48,114.7,110.35,110.45,109.52,-0.0138,6116971
APO,"Mar 20, 2026",112.0,112.71,110.2,112.0,111.06,0.005699999999999999,8317505
APO,"Mar 19, 2026",110.25,112.45,108.8,111.37,110.44,0.0015,5380893
APO,"Mar 18, 2026",108.36,112.55,108.1,111.2,110.27,0.0212,8261241
APO,"Mar 17, 2026",105.73,109.35,104.74,108.89,107.98,0.0526,6874671
APO,"Mar 16, 2026",105.36,105.9,101.36,103.45,102.58,-0.0095,7220349
APO,"Mar 13, 2026",101.6,104.71,100.1,104.44,103.56,0.041299999999999996,8092145
APO,"Mar 12, 2026",103.6,105.07,100.15,100.3,99.46,-0.0547,7545796
APO,"Mar 11, 2026",107.67,110.41,102.5,106.1,105.21,-0.0191,6261180
APO,"Mar 10, 2026",108.36,109.08,105.51,108.17,107.26,0.0003,3488414
APO,"Mar 9, 2026",106.57,108.81,104.44,108.14,107.23,-0.0052,5556414
APO,"Mar 6, 2026",107.4,109.73,104.65,108.7,107.79,-0.022799999999999997,6009374
APO,"Mar 5, 2026",109.15,112.07,109.15,111.24,110.31,0.0132,4555861
APO,"Mar 4, 2026",107.66,109.91,106.83,109.79,108.87,0.0253,4919950
APO,"Mar 3, 2026",101.65,108.12,99.56,107.08,106.18,0.0059,9194500
APO,"Mar 2, 2026",102.5,107.82,101.56,106.45,105.56,0.0177,7837638
APO,"Feb 27, 2026",111.22,111.34,104.0,104.6,103.72,-0.0857,15135982
APO,"Feb 26, 2026",118.65,118.65,111.73,114.4,113.44,-0.024,6780779
APO,"Feb 25, 2026",115.0,118.92,114.7,117.21,116.23,0.027000000000000003,6266614
APO,"Feb 24, 2026",113.0,116.7,112.15,114.13,113.17,0.0034999999999999996,7220720
APO,"Feb 23, 2026",118.1,118.24,111.34,113.73,112.78,-0.05,9437319
TRV,"Aug 21, 2026",365.29,367.19,363.38,363.58,363.58,-0.0025,1613785
TRV,"Aug 20, 2026",360.28,367.08,358.88,364.49,364.49,0.0063,1305980
TRV,"Aug 19, 2026",367.8,371.39,361.96,362.22,362.22,-0.0155,2470439
TRV,"Aug 18, 2026",366.68,370.82,366.65,367.93,367.93,0.009399999999999999,1824952
TRV,"Aug 17, 2026",368.35,373.91,364.2,364.51,364.51,-0.0158,1122842
TRV,"Aug 14, 2026",370.21,371.62,368.01,370.36,370.36,0.001,1212567
TRV,"Aug 13, 2026",371.46,374.87,368.75,370.0,370.0,-0.0004,1777806
TRV,"Aug 12, 2026",372.62,378.46,369.05,370.16,370.16,-0.014499999999999999,2374053
TRV,"Aug 11, 2026",373.51,377.76,373.51,375.61,375.61,,1127673
TRV,"Aug 10, 2026",382.48,382.48,374.36,375.62,375.62,-0.0226,1549876
TRV,"Aug 7, 2026",383.97,386.24,379.93,384.31,384.31,-0.0044,1223268
TRV,"Aug 6, 2026",385.4,386.59,382.25,386.0,386.0,0.009300000000000001,1366182
TRV,"Aug 5, 2026",378.19,385.4,378.19,382.45,382.45,0.0141,1374283
TRV,"Aug 4, 2026",370.32,378.75,370.15,377.15,377.15,0.0089,1975187
TRV,"Aug 3, 2026",377.08,378.95,372.46,373.82,373.82,-0.0014000000000000002,2285308
TRV,"Jul 31, 2026",373.99,379.58,371.69,374.36,374.36,-0.0043,1833066
TRV,"Jul 30, 2026",386.27,386.95,369.7,375.99,375.99,-0.0335,2387886
TRV,"Jul 29, 2026",396.05,397.4,386.89,389.01,389.01,-0.0207,3486595
TRV,"Jul 28, 2026",394.87,398.7,392.33,397.22,397.22,0.0176,2401472
TRV,"Jul 27, 2026",387.53,391.99,386.66,390.35,390.35,0.008,1420898
TRV,"Jul 24, 2026",378.53,389.11,377.87,387.26,387.26,0.028900000000000002,2492859
TRV,"Jul 23, 2026",374.0,378.66,370.06,376.37,376.37,0.0115,2355191
TRV,"Jul 22, 2026",368.14,374.0,366.51,372.08,372.08,0.0066,2470605
TRV,"Jul 21, 2026",366.68,370.23,362.33,369.63,369.63,0.0031,2197468
TRV,"Jul 20, 2026",367.6,371.94,362.5,368.5,368.5,-0.0013,2354820
TRV,"Jul 17, 2026",342.66,370.43,341.52,368.98,368.98,0.0922,4279656
TRV,"Jul 16, 2026",329.0,337.99,329.0,337.82,337.82,0.0262,2391766
TRV,"Jul 15, 2026",330.0,331.93,325.39,329.19,329.19,-0.0227,1761388
TRV,"Jul 14, 2026",339.3,342.42,335.93,336.83,336.83,-0.0137,1680201
TRV,"Jul 13, 2026",337.23,342.33,333.53,341.51,341.51,0.0076,1378713
TRV,"Jul 10, 2026",337.38,339.05,334.03,338.92,338.92,0.0043,1018687
TRV,"Jul 9, 2026",340.69,343.4,335.66,337.48,337.48,-0.0014000000000000002,1359077
TRV,"Jul 8, 2026",340.83,342.74,337.66,337.94,337.94,-0.0168,1239050
TRV,"Jul 7, 2026",343.51,349.35,342.13,343.73,343.73,0.0134,1369115
TRV,"Jul 6, 2026",341.68,343.45,337.0,339.17,339.17,-0.0092,1483619
TRV,"Jul 2, 2026",336.03,342.31,331.8,342.31,342.31,0.023,1395379
TRV,"Jul 1, 2026",331.89,337.46,331.0,334.62,334.62,0.013600000000000001,1340101
TRV,"Jun 30, 2026",332.41,334.14,328.0,330.12,330.12,-0.0053,1674424
TRV,"Jun 29, 2026",327.0,332.01,325.52,331.88,331.88,0.0138,1230581
TRV,"Jun 26, 2026",319.99,327.64,319.39,327.37,327.37,0.0285,3298074
TRV,"Jun 25, 2026",320.92,325.89,318.16,318.29,318.29,-0.0076,1427438
TRV,"Jun 24, 2026",317.59,323.0,316.41,320.74,320.74,0.011899999999999999,1549967
TRV,"Jun 23, 2026",313.24,317.58,309.59,316.96,316.96,0.0204,3158051
TRV,"Jun 22, 2026",308.13,313.66,307.67,310.61,310.61,0.0091,3407277
TRV,"Jun 18, 2026",308.69,309.85,301.65,307.81,307.81,0.005699999999999999,5736707
TRV,"Jun 17, 2026",306.94,309.32,304.52,306.07,306.07,-0.004699999999999999,2131029
TRV,"Jun 16, 2026",308.83,311.25,306.93,307.51,307.51,0.0034000000000000002,2314126
TRV,"Jun 15, 2026",305.11,309.01,299.17,306.47,306.47,0.0066,2081103
TRV,"Jun 12, 2026",301.27,306.37,297.01,304.46,304.46,0.0018,2019741
TRV,"Jun 11, 2026",304.56,307.13,303.61,303.9,303.9,0.0018,1866049
TRV,"Jun 10, 2026",300.62,305.96,299.55,303.36,303.36,0.0146,1242004
TRV,"Jun 9, 2026",298.56,301.45,297.14,300.25,299.0,0.011899999999999999,1220793
TRV,"Jun 8, 2026",299.78,303.93,296.57,296.73,295.49,-0.0215,1478926
TRV,"Jun 5, 2026",295.71,303.89,295.43,303.25,301.99,0.0335,1151534
TRV,"Jun 4, 2026",294.61,297.06,291.94,293.43,292.21,0.012,1304312
TRV,"Jun 3, 2026",291.64,294.91,288.95,289.95,288.74,-0.006500000000000001,1377308
TRV,"Jun 2, 2026",288.2,293.7,287.11,291.86,290.64,0.0101,1663402
TRV,"Jun 1, 2026",289.51,292.67,288.75,288.93,287.73,-0.0101,1579898
TRV,"May 29, 2026",293.85,295.6,290.82,291.89,290.67,-0.008199999999999999,2712374
TRV,"May 28, 2026",298.08,299.55,293.79,294.31,293.08,-0.018799999999999997,1172435
TRV,"May 27, 2026",304.65,307.65,299.69,299.94,298.69,-0.0161,1225408
TRV,"May 26, 2026",307.53,309.88,303.97,304.84,303.57,-0.0053,854520
TRV,"May 22, 2026",308.82,309.54,306.04,306.46,305.18,-0.0025,1386342
TRV,"May 21, 2026",305.13,309.51,302.28,307.23,305.95,0.0009,1552230
TRV,"May 20, 2026",307.29,307.66,303.01,306.96,305.68,0.004699999999999999,1348723
TRV,"May 19, 2026",305.83,308.92,302.49,305.52,304.25,-0.0015,1845860
TRV,"May 18, 2026",299.95,306.32,299.95,305.99,304.72,0.0208,1228907
TRV,"May 15, 2026",298.47,302.11,297.22,299.76,298.51,0.0049,1568739
TRV,"May 14, 2026",296.91,299.76,296.54,298.29,297.05,0.0111,1990799
TRV,"May 13, 2026",296.68,299.58,291.83,295.02,293.79,-0.0109,1363810
TRV,"May 12, 2026",298.16,301.17,296.56,298.26,297.02,0.0038,1178996
TRV,"May 11, 2026",299.38,300.54,295.27,297.13,295.89,-0.0031,1174889
TRV,"May 8, 2026",299.91,300.42,296.6,298.04,296.8,-0.003,900778
TRV,"May 7, 2026",300.29,304.66,297.85,298.94,297.7,-0.0088,1205929
TRV,"May 6, 2026",302.46,305.47,300.78,301.59,300.33,0.0008,1120398
TRV,"May 5, 2026",301.3,303.72,300.51,301.35,300.1,-0.0006,935985
TRV,"May 4, 2026",303.5,307.37,301.21,301.53,300.27,-0.0105,1071391
TRV,"May 1, 2026",307.05,310.41,304.71,304.72,303.45,-0.0014000000000000002,1093685
TRV,"Apr 30, 2026",300.77,305.96,300.54,305.14,303.87,0.0096,1560243
TRV,"Apr 29, 2026",309.38,310.0,301.11,302.25,300.99,-0.025099999999999997,1826608
TRV,"Apr 28, 2026",307.87,311.58,305.86,310.02,308.73,0.0207,1200309
TRV,"Apr 27, 2026",301.23,307.45,301.0,303.74,302.48,0.0033,1421969
TRV,"Apr 24, 2026",306.62,307.33,302.11,302.73,301.47,-0.015,1694386
TRV,"Apr 23, 2026",303.43,308.1,303.12,307.33,306.05,0.0187,1188191
TRV,"Apr 22, 2026",300.1,302.04,298.57,301.68,300.42,0.0009,1573752
TRV,"Apr 21, 2026",301.46,302.76,298.58,301.42,300.17,0.0021,2234071
TRV,"Apr 20, 2026",301.0,306.2,300.32,300.78,299.53,-0.0001,1833508
TRV,"Apr 17, 2026",298.39,305.09,298.2,300.81,299.56,0.0066,2374800
TRV,"Apr 16, 2026",296.14,299.31,292.4,298.84,297.6,-0.0016,1555862
TRV,"Apr 15, 2026",299.34,302.45,298.48,299.33,298.08,-0.0009,1538356
TRV,"Apr 14, 2026",299.48,301.63,298.27,299.59,298.34,-0.005699999999999999,1185886
TRV,"Apr 13, 2026",296.45,301.9,296.04,301.31,300.06,0.013600000000000001,913042
TRV,"Apr 10, 2026",302.04,302.26,295.62,297.26,296.02,-0.0197,1408458
TRV,"Apr 9, 2026",299.47,306.26,298.05,303.23,301.97,0.0054,1302248
TRV,"Apr 8, 2026",298.37,301.65,292.48,301.59,300.33,0.0222,1232298
TRV,"Apr 7, 2026",295.03,297.45,292.68,295.05,293.82,-0.0017000000000000001,923159
TRV,"Apr 6, 2026",292.93,295.65,290.83,295.55,294.32,0.0053,896550
TRV,"Apr 2, 2026",291.08,294.75,290.08,293.99,292.77,0.011899999999999999,924117
TRV,"Apr 1, 2026",290.96,292.81,288.52,290.53,289.32,-0.0039000000000000003,1463948
TRV,"Mar 31, 2026",294.69,295.53,287.69,291.68,290.47,-0.0005,1282065
TRV,"Mar 30, 2026",287.68,293.13,286.15,291.82,290.61,0.023,1390416
TRV,"Mar 27, 2026",291.44,292.05,284.66,285.27,284.08,-0.020099999999999996,807918
TRV,"Mar 26, 2026",290.16,293.01,289.16,291.13,289.92,0.0019,1158355
TRV,"Mar 25, 2026",294.61,296.0,289.58,290.59,289.38,-0.0083,1412413
TRV,"Mar 24, 2026",295.37,297.34,292.11,293.01,291.79,-0.0085,1250146
TRV,"Mar 23, 2026",300.92,301.78,294.5,295.52,294.29,-0.0036,1361065
TRV,"Mar 20, 2026",296.49,299.77,295.03,296.6,295.37,-0.0008,4429902
TRV,"Mar 19, 2026",299.82,300.88,294.63,296.84,295.6,-0.008100000000000001,1414730
TRV,"Mar 18, 2026",305.19,306.0,299.03,299.25,298.0,-0.0231,1269318
TRV,"Mar 17, 2026",308.27,308.98,305.93,306.33,305.05,0.0055000000000000005,1271262
TRV,"Mar 16, 2026",303.53,308.28,303.31,304.64,303.37,0.0070999999999999995,1256710
TRV,"Mar 13, 2026",305.4,306.31,302.15,302.49,301.23,0.0016,1121499
TRV,"Mar 12, 2026",295.34,304.34,293.66,302.01,300.75,0.0087,1432292
TRV,"Mar 11, 2026",301.3,301.3,297.62,299.4,298.15,-0.0101,1296564
TRV,"Mar 10, 2026",301.27,305.57,299.96,302.44,301.18,0.0012,1517216
TRV,"Mar 9, 2026",304.37,304.91,299.92,303.19,300.83,-0.0102,1734941
TRV,"Mar 6, 2026",304.78,307.26,300.82,306.31,303.93,-0.0011,1268488
TRV,"Mar 5, 2026",310.33,311.53,302.97,306.64,304.26,-0.0173,1308777
TRV,"Mar 4, 2026",309.51,312.92,306.82,312.03,309.6,0.0034000000000000002,1315773
TRV,"Mar 3, 2026",307.68,312.23,304.56,310.97,308.55,0.001,2249951
TRV,"Mar 2, 2026",307.56,313.12,307.13,310.67,308.25,0.0066,1216590
TRV,"Feb 27, 2026",306.6,309.81,304.36,308.64,306.24,0.0078000000000000005,1868581
TRV,"Feb 26, 2026",306.26,308.62,304.5,306.24,303.86,0.0049,1018292
TRV,"Feb 25, 2026",306.04,307.38,302.61,304.76,302.39,-0.0022,2026695
TRV,"Feb 24, 2026",304.44,308.06,302.1,305.43,303.05,0.0001,1146754
TRV,"Feb 23, 2026",305.0,309.37,303.73,305.39,303.02,0.0015,1771156
NWG,"Aug 21, 2026",18.56,18.65,18.54,18.62,18.62,0.0169,1932599
NWG,"Aug 20, 2026",18.51,18.55,18.31,18.31,18.31,-0.0054,2702818
NWG,"Aug 19, 2026",18.79,18.81,18.41,18.41,18.41,-0.0176,3224568
NWG,"Aug 18, 2026",18.88,18.94,18.67,18.74,18.74,-0.0158,2137978
NWG,"Aug 17, 2026",19.12,19.21,19.03,19.04,19.04,-0.0031,3131564
NWG,"Aug 14, 2026",19.09,19.18,19.05,19.1,19.1,0.005,2917679
NWG,"Aug 13, 2026",19.39,19.41,19.21,19.32,19.01,0.0031,2422162
NWG,"Aug 12, 2026",19.22,19.3,19.18,19.26,18.95,0.011000000000000001,2146400
NWG,"Aug 11, 2026",19.12,19.19,19.03,19.05,18.74,-0.0068000000000000005,1603294
NWG,"Aug 10, 2026",19.13,19.23,19.08,19.18,18.87,-0.0005,2449809
NWG,"Aug 7, 2026",19.3,19.3,19.14,19.19,18.88,0.0079,2221137
NWG,"Aug 6, 2026",19.37,19.39,18.97,19.04,18.73,-0.009399999999999999,3737472
NWG,"Aug 5, 2026",19.16,19.3,19.05,19.22,18.91,0.0052,4089529
NWG,"Aug 4, 2026",19.21,19.33,19.09,19.12,18.81,-0.0154,5810800
NWG,"Aug 3, 2026",19.36,19.42,19.16,19.42,19.1,0.0253,7305819
NWG,"Jul 31, 2026",19.2,19.31,18.84,18.94,18.63,0.022099999999999998,5716299
NWG,"Jul 30, 2026",18.29,18.59,18.28,18.53,18.23,0.054000000000000006,4893497
NWG,"Jul 29, 2026",17.59,17.89,17.55,17.58,17.29,-0.0101,4925047
NWG,"Jul 28, 2026",17.66,17.85,17.55,17.76,17.47,-0.03,4782173
NWG,"Jul 27, 2026",18.27,18.37,18.05,18.31,18.01,0.0189,6688869
NWG,"Jul 24, 2026",17.99,18.11,17.93,17.97,17.68,0.0062,3145910
NWG,"Jul 23, 2026",17.9,17.96,17.78,17.86,17.57,-0.0235,3662959
NWG,"Jul 22, 2026",18.37,18.41,18.28,18.29,17.99,0.0088,2117525
NWG,"Jul 21, 2026",17.92,18.24,17.79,18.13,17.84,0.0255,2847629
NWG,"Jul 20, 2026",17.98,18.04,17.63,17.68,17.39,-0.0134,4367891
NWG,"Jul 17, 2026",17.6,17.99,17.54,17.92,17.63,0.005,4035329
NWG,"Jul 16, 2026",17.82,17.92,17.65,17.83,17.54,-0.005,4517438
NWG,"Jul 15, 2026",17.61,18.01,17.59,17.92,17.63,0.04,3731656
NWG,"Jul 14, 2026",17.4,17.58,17.22,17.23,16.95,-0.0154,6120526
NWG,"Jul 13, 2026",17.56,17.58,17.39,17.5,17.22,-0.0146,3445098
NWG,"Jul 10, 2026",17.85,17.89,17.74,17.76,17.47,,2132745
NWG,"Jul 9, 2026",17.75,17.85,17.66,17.76,17.47,0.0143,2576705
NWG,"Jul 8, 2026",17.77,17.84,17.37,17.51,17.23,-0.026699999999999998,4077846
NWG,"Jul 7, 2026",18.17,18.26,17.99,17.99,17.7,-0.0207,2846703
NWG,"Jul 6, 2026",18.15,18.4,18.13,18.37,18.07,0.021099999999999997,2765263
NWG,"Jul 2, 2026",18.16,18.19,17.92,17.99,17.7,,3220155
NWG,"Jul 1, 2026",17.74,18.12,17.73,17.99,17.7,0.0204,2853261
NWG,"Jun 30, 2026",17.56,17.74,17.52,17.63,17.34,0.0103,4463744
NWG,"Jun 29, 2026",17.37,17.48,17.25,17.45,17.17,0.0134,4564703
NWG,"Jun 26, 2026",17.16,17.34,17.02,17.22,16.94,-0.0075,10180802
NWG,"Jun 25, 2026",17.37,17.47,17.24,17.35,17.07,0.0212,7014776
NWG,"Jun 24, 2026",17.2,17.23,16.84,16.99,16.71,-0.0168,10524910
NWG,"Jun 23, 2026",17.33,17.41,17.19,17.28,17.0,-0.0131,7974832
NWG,"Jun 22, 2026",17.56,17.62,17.35,17.51,17.23,0.0441,8922987
NWG,"Jun 18, 2026",16.89,16.99,16.77,16.77,16.5,0.0006,7678406
NWG,"Jun 17, 2026",17.06,17.13,16.66,16.76,16.49,,6235306
NWG,"Jun 16, 2026",16.84,16.93,16.63,16.76,16.49,0.017,7645754
NWG,"Jun 15, 2026",16.69,16.71,16.4,16.48,16.21,-0.006,7885207
NWG,"Jun 12, 2026",16.42,16.58,16.33,16.58,16.31,0.0216,3631058
NWG,"Jun 11, 2026",15.75,16.25,15.6,16.23,15.97,0.0431,6919501
NWG,"Jun 10, 2026",15.88,15.89,15.54,15.56,15.31,-0.0305,4975533
NWG,"Jun 9, 2026",16.29,16.33,15.71,16.05,15.79,0.0088,5150112
NWG,"Jun 8, 2026",16.0,16.06,15.89,15.91,15.65,0.0076,3763068
NWG,"Jun 5, 2026",16.1,16.11,15.69,15.79,15.53,-0.024700000000000003,5415388
NWG,"Jun 4, 2026",16.11,16.23,16.02,16.19,15.93,0.0227,4140331
NWG,"Jun 3, 2026",16.06,16.08,15.83,15.83,15.57,-0.019799999999999998,2352475
NWG,"Jun 2, 2026",16.01,16.25,16.01,16.15,15.89,0.0125,2307396
NWG,"Jun 1, 2026",15.8,15.97,15.79,15.95,15.69,-0.005600000000000001,2625790
NWG,"May 29, 2026",16.0,16.25,15.96,16.04,15.78,0.013300000000000001,3123765
NWG,"May 28, 2026",15.9,16.01,15.77,15.83,15.57,-0.0174,6065015
NWG,"May 27, 2026",16.19,16.23,16.06,16.11,15.85,-0.0025,2012575
NWG,"May 26, 2026",16.08,16.17,16.0,16.15,15.89,0.0313,2592685
NWG,"May 22, 2026",15.89,15.93,15.64,15.66,15.41,-0.008199999999999999,5503833
NWG,"May 21, 2026",15.54,15.9,15.5,15.79,15.53,0.0019,3166381
NWG,"May 20, 2026",15.28,15.79,15.25,15.76,15.5,0.0403,3510360
NWG,"May 19, 2026",15.26,15.31,15.1,15.15,14.9,-0.0092,2968841
NWG,"May 18, 2026",15.12,15.35,15.08,15.29,15.04,0.0207,3876423
NWG,"May 15, 2026",14.99,15.04,14.91,14.98,14.74,-0.009300000000000001,2508446
NWG,"May 14, 2026",15.33,15.42,15.12,15.12,14.87,-0.0105,3367135
NWG,"May 13, 2026",15.12,15.35,15.11,15.28,15.03,-0.0039000000000000003,3654233
NWG,"May 12, 2026",15.1,15.38,15.07,15.34,15.09,-0.026600000000000002,6113650
NWG,"May 11, 2026",15.9,15.92,15.71,15.76,15.5,-0.0044,3789915
NWG,"May 8, 2026",15.89,15.95,15.75,15.83,15.57,0.029900000000000003,3365678
NWG,"May 7, 2026",15.61,15.67,15.32,15.37,15.12,-0.0154,3981243
NWG,"May 6, 2026",15.61,15.7,15.53,15.61,15.36,0.0519,4032600
NWG,"May 5, 2026",15.03,15.07,14.73,14.84,14.6,-0.0159,5622436
NWG,"May 4, 2026",15.28,15.29,15.0,15.08,14.83,-0.0195,2978675
NWG,"May 1, 2026",15.25,15.5,15.21,15.38,15.13,-0.0333,3502555
NWG,"Apr 30, 2026",15.66,16.06,15.6,15.91,15.65,0.037200000000000004,4513618
NWG,"Apr 29, 2026",15.57,15.58,15.34,15.34,15.09,-0.0223,3574567
NWG,"Apr 28, 2026",15.68,15.74,15.59,15.69,15.43,0.0013,2930680
NWG,"Apr 27, 2026",15.64,15.74,15.62,15.67,15.42,-0.005699999999999999,3326118
NWG,"Apr 24, 2026",15.68,15.78,15.64,15.76,15.5,0.0051,2400396
NWG,"Apr 23, 2026",15.76,15.88,15.5,15.68,15.43,-0.0182,3637400
NWG,"Apr 22, 2026",16.21,16.21,15.94,15.97,15.71,-0.0087,3704649
NWG,"Apr 21, 2026",16.45,16.54,16.1,16.11,15.85,-0.0254,3180791
NWG,"Apr 20, 2026",16.61,16.66,16.44,16.53,16.26,-0.0219,5977429
NWG,"Apr 17, 2026",17.05,17.19,16.9,16.9,16.63,0.015,3669523
NWG,"Apr 16, 2026",17.05,17.07,16.65,16.65,16.38,-0.0171,3088673
NWG,"Apr 15, 2026",17.03,17.07,16.91,16.94,16.66,-0.0059,2339647
NWG,"Apr 14, 2026",17.01,17.09,16.95,17.04,16.76,0.0161,2458347
NWG,"Apr 13, 2026",16.41,16.81,16.38,16.77,16.5,0.013300000000000001,2407121
NWG,"Apr 10, 2026",16.55,16.64,16.5,16.55,16.28,0.0085,2938952
NWG,"Apr 9, 2026",16.18,16.54,16.15,16.41,16.14,,3776681
NWG,"Apr 8, 2026",16.67,16.69,16.26,16.41,16.14,0.0698,3962601
NWG,"Apr 7, 2026",15.17,15.39,15.09,15.34,15.09,-0.0026,3692983
NWG,"Apr 6, 2026",15.32,15.44,15.32,15.38,15.13,0.0059,1984228
NWG,"Apr 2, 2026",15.05,15.42,15.03,15.29,15.04,-0.0167,3291283
NWG,"Apr 1, 2026",15.49,15.67,15.42,15.55,15.3,0.0436,6149991
NWG,"Mar 31, 2026",14.68,14.96,14.53,14.9,14.66,0.0412,4732606
NWG,"Mar 30, 2026",14.43,14.5,14.23,14.31,14.08,0.0028000000000000004,3529618
NWG,"Mar 27, 2026",14.36,14.52,14.24,14.27,14.04,-0.0021,4705035
NWG,"Mar 26, 2026",14.42,14.58,14.3,14.3,14.07,-0.020499999999999997,2965788
NWG,"Mar 25, 2026",14.64,14.68,14.41,14.6,14.36,0.0139,3931130
NWG,"Mar 24, 2026",14.08,14.51,14.07,14.4,14.17,0.0034999999999999996,7763558
NWG,"Mar 23, 2026",14.33,14.57,14.19,14.35,14.12,0.0331,6328387
NWG,"Mar 20, 2026",14.32,14.34,13.76,13.89,13.66,-0.0403,7672548
NWG,"Mar 19, 2026",14.74,15.18,14.7,15.08,14.24,-0.0137,6535019
NWG,"Mar 18, 2026",15.49,15.56,15.27,15.29,14.44,-0.0155,3302881
NWG,"Mar 17, 2026",15.66,15.75,15.45,15.53,14.66,0.0091,5681304
NWG,"Mar 16, 2026",15.34,15.45,15.29,15.39,14.53,0.0281,3540826
NWG,"Mar 13, 2026",15.33,15.4,14.91,14.97,14.13,-0.022799999999999997,3444035
NWG,"Mar 12, 2026",15.43,15.47,15.14,15.32,14.47,-0.0359,3505283
NWG,"Mar 11, 2026",15.9,15.96,15.77,15.89,15.0,-0.0069,3598126
NWG,"Mar 10, 2026",16.0,16.29,15.8,16.0,15.11,0.0146,6720948
NWG,"Mar 9, 2026",15.36,15.83,15.18,15.77,14.89,0.0161,5068244
NWG,"Mar 6, 2026",15.39,15.6,15.23,15.52,14.65,-0.013999999999999999,3828251
NWG,"Mar 5, 2026",15.91,15.98,15.57,15.74,14.86,-0.0236,3445772
NWG,"Mar 4, 2026",15.97,16.16,15.89,16.12,15.22,0.01,5284943
NWG,"Mar 3, 2026",15.61,16.06,15.48,15.96,15.07,-0.018500000000000003,5100711
NWG,"Mar 2, 2026",16.05,16.38,16.02,16.26,15.35,-0.020499999999999997,3952334
NWG,"Feb 27, 2026",16.97,16.98,16.49,16.6,15.67,-0.027000000000000003,3551055
NWG,"Feb 26, 2026",17.04,17.13,16.86,17.06,16.11,0.0131,3320279
NWG,"Feb 25, 2026",16.62,16.87,16.59,16.84,15.9,0.015700000000000002,3078848
NWG,"Feb 24, 2026",16.32,16.61,16.29,16.58,15.65,-0.0042,3670620
NWG,"Feb 23, 2026",16.87,16.93,16.49,16.65,15.72,-0.011899999999999999,4737383
AON,"Aug 21, 2026",352.39,356.86,350.57,355.11,355.11,0.009000000000000001,736631
AON,"Aug 20, 2026",348.9,356.12,346.32,351.93,351.93,0.01,702568
AON,"Aug 19, 2026",344.23,352.84,341.75,348.43,348.43,0.0152,595671
AON,"Aug 18, 2026",343.2,350.13,343.03,343.2,343.2,-0.0116,914411
AON,"Aug 17, 2026",354.0,355.27,346.5,347.22,347.22,-0.0242,688751
AON,"Aug 14, 2026",357.08,359.98,353.78,355.83,355.83,-0.0034999999999999996,691194
AON,"Aug 13, 2026",354.33,358.55,349.33,357.08,357.08,0.0134,779169
AON,"Aug 12, 2026",354.0,355.91,349.99,352.36,352.36,-0.0115,581659
AON,"Aug 11, 2026",354.0,359.1,354.0,356.46,356.46,-0.0014000000000000002,395001
AON,"Aug 10, 2026",357.71,359.53,355.0,356.97,356.97,-0.0037,627257
AON,"Aug 7, 2026",357.51,360.6,354.61,358.3,358.3,-0.0068000000000000005,669250
AON,"Aug 6, 2026",362.95,364.99,356.84,360.75,360.75,0.0022,767346
AON,"Aug 5, 2026",356.96,360.6,355.22,359.97,359.97,0.009300000000000001,644477
AON,"Aug 4, 2026",353.37,357.09,350.23,356.65,356.65,-0.0027,1113707
AON,"Aug 3, 2026",362.04,366.32,356.12,357.63,357.63,-0.0058,1603395
AON,"Jul 31, 2026",363.08,365.02,359.78,360.55,359.73,-0.016399999999999998,1315956
AON,"Jul 30, 2026",367.19,370.49,358.49,366.57,365.74,-0.0281,4227739
AON,"Jul 29, 2026",367.64,379.5,362.26,377.16,376.3,-0.0108,2010626
AON,"Jul 28, 2026",370.0,382.34,367.17,381.26,380.39,0.0384,1508086
AON,"Jul 27, 2026",362.03,369.75,359.8,367.17,366.33,0.0151,1590514
AON,"Jul 24, 2026",355.93,362.61,355.65,361.7,360.88,0.0166,784967
AON,"Jul 23, 2026",352.59,355.79,350.83,355.78,354.97,0.0098,1178107
AON,"Jul 22, 2026",359.65,359.97,350.96,352.33,351.53,-0.0197,1813204
AON,"Jul 21, 2026",359.08,363.0,354.8,359.4,358.58,-0.009300000000000001,1371174
AON,"Jul 20, 2026",364.87,366.0,361.11,362.78,361.95,-0.0121,1074054
AON,"Jul 17, 2026",370.0,375.92,365.63,367.21,366.37,-0.0039000000000000003,1445576
AON,"Jul 16, 2026",358.23,368.64,356.56,368.63,367.79,0.038,1017911
AON,"Jul 15, 2026",357.52,360.29,350.46,355.15,354.34,-0.0104,1193567
AON,"Jul 14, 2026",364.29,365.78,358.4,358.89,358.07,-0.023,1168289
AON,"Jul 13, 2026",360.12,367.58,360.12,367.35,366.51,0.0292,1511743
AON,"Jul 10, 2026",357.55,360.0,353.79,356.94,356.13,0.0039000000000000003,998592
AON,"Jul 9, 2026",354.98,357.5,353.1,355.56,354.75,-0.0055000000000000005,602031
AON,"Jul 8, 2026",360.0,361.13,357.01,357.51,356.7,-0.0064,641695
AON,"Jul 7, 2026",360.0,366.45,357.07,359.82,359.0,0.008199999999999999,830188
AON,"Jul 6, 2026",356.71,357.18,351.38,356.91,356.1,-0.0015,1217995
AON,"Jul 2, 2026",346.41,357.54,344.2,357.46,356.65,0.0405,1182971
AON,"Jul 1, 2026",327.83,347.27,327.83,343.56,342.78,0.0358,1913702
AON,"Jun 30, 2026",327.07,333.76,322.26,331.69,330.94,0.0126,1588789
AON,"Jun 29, 2026",324.97,330.43,323.41,327.57,326.83,-0.0034000000000000002,1387364
AON,"Jun 26, 2026",319.72,330.36,316.82,328.69,327.94,0.0403,5288368
AON,"Jun 25, 2026",324.49,328.46,315.78,315.95,315.23,-0.029300000000000003,1744244
AON,"Jun 24, 2026",322.59,328.24,319.22,325.48,324.74,0.0148,2362206
AON,"Jun 23, 2026",318.29,323.57,316.69,320.74,320.01,0.0227,2626904
AON,"Jun 22, 2026",316.51,319.75,313.62,313.63,312.92,-0.0129,2131284
AON,"Jun 18, 2026",327.86,328.0,317.48,317.74,317.02,-0.0274,2382854
AON,"Jun 17, 2026",327.02,334.79,325.0,326.69,325.95,-0.0144,1751080
AON,"Jun 16, 2026",330.8,333.15,329.13,331.45,330.7,0.0059,1751362
AON,"Jun 15, 2026",336.71,338.21,327.98,329.51,328.76,-0.0173,1405759
AON,"Jun 12, 2026",335.0,338.2,330.81,335.31,334.55,0.0004,1377924
AON,"Jun 11, 2026",334.39,340.1,334.39,335.17,334.41,-0.0034000000000000002,1431083
AON,"Jun 10, 2026",334.48,340.76,331.0,336.33,335.57,0.0143,1749501
AON,"Jun 9, 2026",324.87,333.07,321.55,331.59,330.84,0.0176,1956215
AON,"Jun 8, 2026",325.49,328.83,323.78,325.85,325.11,-0.008199999999999999,1470276
AON,"Jun 5, 2026",325.0,331.13,324.12,328.53,327.78,0.0195,1340966
AON,"Jun 4, 2026",321.17,327.9,318.81,322.24,321.51,0.021,1579758
AON,"Jun 3, 2026",316.16,317.04,311.07,315.6,314.88,-0.0070999999999999995,1617805
AON,"Jun 2, 2026",317.58,319.35,312.34,317.86,317.14,-0.008,1051567
AON,"Jun 1, 2026",313.78,321.42,313.23,320.41,319.68,0.0138,1431579
AON,"May 29, 2026",317.77,317.83,314.54,316.06,315.34,-0.006999999999999999,2856922
AON,"May 28, 2026",320.03,322.09,316.03,318.3,317.58,-0.0008,1350753
AON,"May 27, 2026",321.09,325.6,317.49,318.54,317.82,-0.0023,1073666
AON,"May 26, 2026",326.27,326.38,318.48,319.29,318.56,-0.0169,1411424
AON,"May 22, 2026",323.28,325.4,320.65,324.78,324.04,0.0017000000000000001,928978
AON,"May 21, 2026",318.71,325.27,315.0,324.22,323.48,0.0096,946462
AON,"May 20, 2026",323.6,323.6,316.9,321.15,320.42,-0.0078000000000000005,1479325
AON,"May 19, 2026",328.16,330.22,322.26,323.66,322.92,-0.0089,2140585
AON,"May 18, 2026",317.51,328.48,317.51,326.57,325.83,0.029500000000000002,1455601
AON,"May 15, 2026",316.24,321.69,316.24,317.22,316.5,0.005699999999999999,1955296
AON,"May 14, 2026",311.61,317.26,311.61,315.41,314.69,0.014499999999999999,1844874
AON,"May 13, 2026",313.62,315.49,308.51,310.9,310.19,-0.0172,1672440
AON,"May 12, 2026",313.89,317.59,310.63,316.35,315.63,0.0137,1622713
AON,"May 11, 2026",312.42,314.85,309.87,312.07,311.36,-0.0023,1166105
AON,"May 8, 2026",313.0,314.06,309.22,312.79,312.08,-0.0026,1179163
AON,"May 7, 2026",307.19,315.9,306.52,313.59,312.88,0.0173,1858930
AON,"May 6, 2026",316.41,317.49,306.87,308.27,307.57,-0.02,1476880
AON,"May 5, 2026",313.67,315.41,308.99,314.55,313.83,-0.0012,1177107
AON,"May 4, 2026",309.93,316.56,308.57,314.92,314.2,0.0109,1382072
AON,"May 1, 2026",326.52,326.52,310.73,311.51,310.8,0.0022,1822712
AON,"Apr 30, 2026",312.43,314.02,307.02,311.65,310.12,-0.0336,2614635
AON,"Apr 29, 2026",319.89,323.12,319.11,322.49,320.91,0.0025,1157124
AON,"Apr 28, 2026",326.73,328.95,320.52,321.68,320.1,-0.006500000000000001,1312170
AON,"Apr 27, 2026",319.53,325.95,319.0,323.78,322.19,0.008199999999999999,1248902
AON,"Apr 24, 2026",322.42,323.79,318.64,321.14,319.57,-0.0075,761208
AON,"Apr 23, 2026",326.35,328.13,321.6,323.56,321.97,-0.0101,941398
AON,"Apr 22, 2026",333.8,334.92,324.28,326.86,325.26,-0.0252,1281855
AON,"Apr 21, 2026",332.93,336.89,331.75,335.32,333.68,0.0102,1215040
AON,"Apr 20, 2026",331.45,334.35,330.91,331.95,330.32,0.0005,792190
AON,"Apr 17, 2026",333.27,336.36,331.43,331.8,330.17,-0.0106,1161372
AON,"Apr 16, 2026",329.87,337.98,328.27,335.34,333.7,0.022099999999999998,1350022
AON,"Apr 15, 2026",323.8,329.29,321.75,328.08,326.47,0.015700000000000002,1093743
AON,"Apr 14, 2026",321.75,324.43,320.95,323.02,321.44,-0.0073,1270493
AON,"Apr 13, 2026",315.0,325.68,313.0,325.4,323.81,0.040999999999999995,1687580
AON,"Apr 10, 2026",323.16,323.29,307.81,312.57,311.04,-0.0394,2414200
AON,"Apr 9, 2026",326.54,328.17,322.69,325.4,323.81,-0.0132,1314396
AON,"Apr 8, 2026",322.47,330.93,321.58,329.76,328.14,0.0226,1397630
AON,"Apr 7, 2026",325.61,326.55,320.1,322.47,320.89,-0.0113,1187903
AON,"Apr 6, 2026",321.21,327.27,321.21,326.17,324.57,0.009399999999999999,867136
AON,"Apr 2, 2026",321.94,328.79,319.57,323.14,321.56,0.005600000000000001,1124097
AON,"Apr 1, 2026",321.88,325.39,318.0,321.34,319.77,-0.0045000000000000005,1081439
AON,"Mar 31, 2026",326.05,326.69,319.9,322.78,321.2,-0.0039000000000000003,1413779
AON,"Mar 30, 2026",316.45,325.38,315.66,324.06,322.47,0.0332,1216798
AON,"Mar 27, 2026",322.19,328.0,312.05,313.66,312.12,-0.031200000000000002,1343995
AON,"Mar 26, 2026",320.83,326.6,320.83,323.77,322.18,0.0072,1211514
AON,"Mar 25, 2026",325.36,327.46,317.46,321.45,319.88,-0.0171,956589
AON,"Mar 24, 2026",327.56,328.84,324.96,327.03,325.43,0.0033,1180369
AON,"Mar 23, 2026",327.99,328.29,323.51,325.97,324.37,0.001,1300915
AON,"Mar 20, 2026",317.24,326.56,317.24,325.63,324.03,0.0273,2408689
AON,"Mar 19, 2026",320.0,320.8,315.64,316.99,315.44,-0.0028000000000000004,1314521
AON,"Mar 18, 2026",319.67,320.3,314.8,317.88,316.32,-0.0103,984224
AON,"Mar 17, 2026",326.75,333.26,319.23,321.18,319.61,-0.017,1590895
AON,"Mar 16, 2026",322.6,327.26,320.13,326.75,325.15,0.0166,1067757
AON,"Mar 13, 2026",320.01,324.2,318.02,321.41,319.84,0.0174,1124111
AON,"Mar 12, 2026",316.0,323.26,313.81,315.91,314.36,-0.0031,1866445
AON,"Mar 11, 2026",320.96,322.04,316.55,316.9,315.35,-0.0126,1319304
AON,"Mar 10, 2026",332.22,332.22,320.44,320.96,319.39,-0.035699999999999996,1412489
AON,"Mar 9, 2026",341.55,342.38,329.75,332.84,331.21,-0.022799999999999997,1708493
AON,"Mar 6, 2026",337.37,341.46,334.09,340.6,338.93,0.0054,1187690
AON,"Mar 5, 2026",338.97,341.86,336.49,338.77,337.11,-0.0070999999999999995,1555379
AON,"Mar 4, 2026",337.42,344.65,337.37,341.18,339.51,0.0062,2026515
AON,"Mar 3, 2026",333.37,339.36,331.71,339.07,337.41,0.0038,1414569
AON,"Mar 2, 2026",332.02,340.32,331.96,337.8,336.14,0.0069,1270670
AON,"Feb 27, 2026",331.0,337.97,330.56,335.47,333.83,0.015700000000000002,2126224
AON,"Feb 26, 2026",325.5,332.0,325.16,330.27,328.65,0.0173,1062012
AON,"Feb 25, 2026",319.9,325.04,317.78,324.66,323.07,0.0167,1410584
AON,"Feb 24, 2026",316.96,321.3,312.58,319.33,317.77,0.0127,1471217
AON,"Feb 23, 2026",324.71,326.44,314.89,315.31,313.77,-0.03,1425723
